country,iso_code,year,population,gdp,fossil_fuel_consumption,renewables_consumption,fossil_share_energy,renewables_share_energy,energy_per_capita,energy_cons_change_twh,energy_cons_change_pct,electricity_generation,total_energy_demand,pop_growth_rate,renew_fossil_ratio
Algeria,DZA,1990,25375759,117843181568,314.575,0.375,99.881,0.119,12412.387,17.905,6.027,16.104,314.95,NA,0.001192084558531352
Argentina,ARG,1990,32755859,338751160320,440.163,49.619,86.305,9.729,15680.416,-8.488,-1.626,51.005,489.78200000000004,NA,0.11272869368847449
Australia,AUS,1990,17126249,464136601600,1005.011,43.372,95.863,4.137,61372.422,21.366,2.075,155.654,1048.383,NA,0.04315574655401782
Austria,AUT,1990,7679582,207979118592,237.005,91.095,72.236,27.764,43469.043,2.851,0.861,49.27,328.1,NA,0.3843589797683593
Azerbaijan,AZE,1990,7231035,53235601408,255.649,4.606,98.23,1.77,36032.359,10.499,4.199,23.152,260.255,NA,0.01801689034574749
Bangladesh,BGD,1990,111633674,112105267200,71.242,2.456,96.668,3.332,661.596,4.242,6.094,7.732,73.69800000000001,NA,0.034474046208697116
Belarus,BLR,1990,10186209,116974870528,465.913,0.056,99.988,0.012,45745.43,2.312,0.499,39.526,465.969,NA,1.2019411349329166e-4
Belgium,BEL,1990,9960924,273278730240,498.421,1.64,80.555,0.265,62379.02,26.782,4.504,70.29,500.061,NA,0.003290391054951537
Brazil,BRA,1990,149143183,1185475198976,859.271,660.05,56.326,43.267,10479.677,-18.564,-1.174,222.82,1519.321,NA,0.768151142072757
Bulgaria,BGR,1990,8822320,79352520704,277.976,4.528,85.997,1.401,36771.301,-26.88,-7.652,41.9,282.504,NA,0.016289176043975017
Canada,CAN,1990,27789386,835996811264,1916.016,833.704,64.928,28.252,108263.711,-118.81,-3.799,480.593,2749.7200000000003,NA,0.43512371504204556
Chile,CHL,1990,13437138,133955190784,126.167,27.847,81.919,18.081,11585.846,7.858,5.316,18.398,154.014,NA,0.22071540101611356
China,CHN,1990,1153582668,3385121832960,7563.273,352.278,95.55,4.45,6881.388,101.813,1.299,621.2,7915.551,NA,0.04657745396734985
Colombia,COL,1990,32440020,253538205696,170.302,77.234,68.799,31.201,7783.015,-12.004,-4.539,38.246,247.536,NA,0.4535119963359209
Croatia,HRV,1990,4835027,58374078464,89.202,10.915,89.097,10.903,20852.008,NA,NA,8.81,100.11699999999999,NA,0.12236272729311001
Cyprus,CYP,1990,788307,10601790464,19.275,0,100,0,24450.545,0.963,5.256,1.97,19.275,NA,0
Czechia,CZE,1990,10301937,146168283136,507.601,3.225,93.004,0.591,53071.965,-89.256,-14.034,62.27,510.826,NA,0.006353415379402326
Denmark,DNK,1990,5140973,151205740544,199.403,2.429,98.796,1.204,39284.59,6.146,3.139,25.94,201.832,NA,0.012181361363670555
Ecuador,ECU,1990,10473624,64188502016,66.237,13.852,82.704,17.296,7732.004,2.535,3.231,6.349,80.089,NA,0.20912782885698328
Egypt,EGY,1990,58396583,227979902976,361.893,27.647,92.903,7.097,6701.136,9.856,2.584,41.952,389.53999999999996,NA,0.07639550916983749
Estonia,EST,1990,1570254,27066095616,127.585,0,100,0,81251.188,6.36,5.246,17.18,127.585,NA,0
Finland,FIN,1990,4986530,134055206912,220.153,46.278,68.839,14.47,64824.422,19.635,6.467,54.36,266.431,NA,0.2102083550984997
France,FRA,1990,56990186,1636207689728,1593.225,155.607,60.78,5.936,46496.133,56.533,2.18,416.04,1748.8319999999999,NA,0.0976679376735866
Germany,DEU,1990,79707913,2015547490304,3703.867,52.837,88.603,1.264,52600.066,-67.548,-1.586,542.26,3756.704,NA,0.014265361040231737
Greece,GRC,1990,10258439,161708982272,282.076,4.919,98.286,1.714,28007.426,10.243,3.697,34.2,286.995,NA,0.017438562656872613
High-income countries,NA,1990,1187952068,NA,57435.453,4064.838,86.021,6.088,56502.273,357.492,0.535,9061.17,61500.291000000005,NA,0.07077228066783073
Hong Kong,HKG,1990,5560560,159035326464,139.358,0,100,0,25061.818,-3.502,-2.451,28.96,139.358,NA,0
Hungary,HUN,1990,10381231,106788855808,283.713,0.548,88,0.17,31138.449,-6.65,-2.016,28.44,284.261,NA,0.0019315293976659511
Iceland,ISL,1990,254791,7325718528,8.603,12.422,40.917,59.083,85121.078,0.01,0.046,4.447,21.025,NA,1.4439149134023017
India,IND,1990,864972170,1750992945152,2086.011,184.638,91.155,8.068,2659.856,157.288,7.338,287.763,2270.649,NA,0.08851247668396764
Indonesia,IDN,1990,183501051,718548893696,577.781,21.558,96.403,3.597,3270.711,55.31,10.151,33.115,599.3389999999999,NA,0.0373117149923587
Iran,IRN,1990,58380046,318478254080,789.457,20.503,97.469,2.531,13896.582,90.308,12.526,57.655,809.96,NA,0.025971015520794675
Iraq,IRQ,1990,17581160,71051763712,223.952,12.917,94.547,5.453,13520.319,-18.214,-7.117,28.373,236.869,NA,0.05767753804386654
Ireland,IRL,1990,3513969,66087473152,115.825,1.936,98.356,1.644,33547.914,6.414,5.754,14.21,117.761,NA,0.016714871573494494
Israel,ISR,1990,4544949,93268262912,129.126,0.008,99.994,0.006,28412.926,4.86,3.91,20.898,129.13400000000001,NA,6.195498969998296e-5
Italy,ITA,1990,57031408,1475485368320,2049.394,98.088,95.432,4.568,37737.613,327.285,17.934,213.15,2147.482,NA,0.0478619533384015
Japan,JPN,1990,123399717,3699821510656,4339.647,276.816,84.152,5.368,42012.133,123.732,2.445,881.5,4616.463,NA,0.06378767673960578
Kazakhstan,KAZ,1990,17154015,194940977152,837.644,20.461,97.616,2.384,50100.539,9.929,1.169,87.379,858.105,NA,0.024426844817129947
Kuwait,KWT,1990,1684784,20899600384,91.493,0,100,0,54305.281,-63.558,-40.992,18.477,91.493,NA,0
Latvia,LVA,1990,2660082,42100703232,73.316,12.489,85.445,14.555,32559.318,1.574,1.85,6.65,85.805,NA,0.17034480877298272
Lithuania,LTU,1990,3694967,51021991936,146.51,1.15,75.143,0.59,53062.891,-2.507,-1.262,28.4,147.66,NA,0.007849293563579277
Lower-middle-income countries,NA,1990,1711861723,NA,3586.623,342.968,90.835,8.686,2318.13,224.362,5.993,487.543,3929.591,NA,0.09562421252526401
Luxembourg,LUX,1990,381666,14057150464,36.904,0.234,99.371,0.629,97339.703,2.034,5.793,0.62,37.138000000000005,NA,0.006340776067634945
Malaysia,MYS,1990,17833124,143192129536,229.641,11.185,95.355,4.645,13544.882,11.993,5.225,23.016,240.826,NA,0.04870645921242287
Mexico,MEX,1990,82820134,823577477120,1223.802,84.021,92.995,6.385,15926.942,109.242,9.03,117.592,1307.8229999999999,NA,0.06865571391450578
Morocco,MAR,1990,24375508,102154756096,79.148,3.389,95.894,4.106,3395.037,1.909,2.361,9.628,82.53699999999999,NA,0.042818517208268056
Netherlands,NLD,1990,15030838,411390803968,898.242,2.485,98.659,0.273,60591.082,22.277,2.507,70.7,900.727,NA,0.0027665150371503446
New Zealand,NZL,1990,3396932,74483236864,109.201,73.632,59.727,40.273,54883.371,7.191,4.012,32.614,182.833,NA,0.6742795395646561
North Macedonia,MKD,1990,2063645,17074264064,28.208,1.364,95.388,4.612,14372.418,NA,NA,5.75,29.572,NA,0.04835507657402156
Norway,NOR,1990,4241384,124859203584,134.018,337.179,28.442,71.558,116217.445,2.735,0.558,121.6,471.197,NA,2.515923234192422
Oman,OMN,1990,1763918,18309502976,46.62,0,100,0,26429.732,6.852,17.23,4.501,46.62,NA,0
Pakistan,PAK,1990,116155530,290069512192,253.785,47.459,83.921,15.694,2630.077,13.253,4.535,45.985,301.244,NA,0.18700474811356071
Peru,PER,1990,22014724,103571996672,75.626,29.506,71.935,28.065,4861.154,-0.938,-0.869,13.808,105.132,NA,0.39015682437257027
Philippines,PHL,1990,62854613,227937189888,152.681,35.263,81.237,18.763,2982.897,6.107,3.367,26.327,187.94400000000002,NA,0.2309586654528068
Poland,POL,1990,38055404,310673178624,1205.964,4.108,99.661,0.339,31804.41,-259.194,-17.638,134.43,1210.072,NA,0.003406403507899075
Portugal,PRT,1990,9989475,171225923584,173.362,27.604,86.264,13.736,20286.602,7.181,3.673,28.33,200.966,NA,0.1592275123729537
Qatar,QAT,1990,440133,5221963264,78.838,0,100,0,179122.359,1.092,1.405,4.842,78.838,NA,0
Romania,ROU,1990,22939481,127957835776,701.467,31.703,95.676,4.324,32050.213,-37.262,-4.824,64.3,733.17,NA,0.045195283598515684
Russia,RUS,1990,148979487,1834865131520,9246.796,463.663,92.107,4.619,67634.164,-179.726,-1.752,1082.2,9710.459,NA,0.05014309821477623
Saudi Arabia,SAU,1990,10640660,230231015424,928.337,0,100,0,87244.312,71.792,8.382,79.88,928.337,NA,0
Singapore,SGP,1990,3039544,69065572352,272.832,0.266,99.903,0.097,89850.188,44.566,19.501,15.618,273.098,NA,9.749589490968802e-4
Slovakia,SVK,1990,5266022,65119608832,208.642,5.222,84.369,2.112,47161.547,0.678,0.274,25.49,213.864,NA,0.025028517748104412
Slovenia,SVN,1990,1997968,36026961920,47.24,8.261,69.125,12.088,34609.711,NA,NA,12.44,55.501000000000005,NA,0.17487298899237932
South Africa,ZAF,1990,40746216,235128504320,1002.708,2.806,97.447,0.273,25270.297,33.947,3.409,167.226,1005.514,NA,0.0027984218735663826
South Korea,KOR,1990,44081380,594764496896,914.822,13.014,85.12,1.211,24471.604,136.52,14.489,118.461,927.836,NA,0.014225718227152385
Spain,ESP,1990,39084924,756125007872,837.83,72.344,78.972,6.819,27344.418,0.367,0.034,151.16,910.174,NA,0.08634687227719226
Sri Lanka,LKA,1990,16352408,67098669056,20.588,8.736,70.21,29.79,1827.681,3.091,11.537,3.15,29.324,NA,0.4243248494268506
Sweden,SWE,1990,8558526,240234004480,230.102,207.502,36.698,33.094,75270.742,-26.62,-3.968,145.98,437.60400000000004,NA,0.9017826876776386
Switzerland,CHE,1990,6713123,234154442752,175.511,84.143,54.028,25.902,49399.566,13.462,4.231,56.015,259.654,NA,0.47941724450319356
Taiwan,TWN,1990,20594854,319544655872,471.43,18.387,81.126,3.164,28367.852,35.934,6.554,90.194,489.817,NA,0.03900260908300278
Thailand,THA,1990,54738282,407627792384,339.329,13.69,96.122,3.878,6465.27,52.9,17.575,44.113,353.019,NA,0.04034432659749093
Trinidad and Tobago,TTO,1990,1252162,17710559232,69.501,0.097,99.861,0.139,55583.824,6.879,10.967,3.577,69.598,NA,0.0013956633717500467
Turkey,TUR,1990,56015570,486761168896,492.631,64.549,88.415,11.585,10020.534,43.693,8.441,57.54,557.18,NA,0.1310291069786514
Turkmenistan,TKM,1990,3760508,21201768448,160.999,0.008,99.995,0.005,42815.492,-22.282,-12.157,14.61,161.007,NA,4.968974962577408e-5
Ukraine,UKR,1990,52054034,495935160320,2947.448,29.206,92.447,0.916,61372.719,462.64,16.934,300.72,2976.654,NA,0.00990891103083074
United Arab Emirates,ARE,1990,1898182,40641368064,344.953,0,100,0,181727.938,4.788,1.407,17.081,344.953,NA,0
United Kingdom,GBR,1990,57367820,1505692221440,2304.77,16.101,92.062,0.643,43724.746,19.701,0.792,319.75,2320.871,NA,0.006985946536964643
United States,USA,1990,253373337,9250377039872,19818.104,1017.039,87.995,4.516,89232.734,62.371,0.277,3232.78,20835.143,NA,0.05131868315959993
Upper-middle-income countries,NA,1990,2133209778,NA,19558.807,1572.572,91.392,7.348,10078.627,989.689,4.825,2026.745,21131.379,NA,0.08040224539257429
Uzbekistan,UZB,1990,20464919,139398692864,500.022,18.467,96.438,3.562,25393.721,23.176,4.668,56.325,518.489,NA,0.03693237497550107
Venezuela,VEN,1990,19826964,256078512128,494.196,102.731,82.79,17.21,30441.107,35.493,6.248,59.321,596.927,NA,0.20787501315267623
Vietnam,VNM,1990,65504503,109939941376,61.252,14.914,80.419,19.581,1177.446,5.441,7.59,8.681,76.166,NA,0.24348592699013907
Algeria,DZA,1991,25987891,121105145856,311.229,0.814,99.739,0.261,12009.251,-2.879,-0.914,17.345,312.043,2.4122707029176937,0.00261543750743022
Argentina,ARG,1991,33230247,376057921536,453.107,44.491,87.28,8.57,15722.383,8.833,1.72,53.854,497.598,1.4482538833739638,0.09819093503300544
Australia,AUS,1991,17353139,461302104064,995.34,45.746,95.606,4.394,60158.559,-7.14,-0.679,157.964,1041.086,1.324808485500824,0.045960174412763476
Austria,AUT,1991,7757088,215992680448,252.509,91.174,73.472,26.528,45042.695,15.576,4.666,50.16,343.683,1.0092476387386708,0.3610722786118515
Azerbaijan,AZE,1991,7314263,53426622464,245.149,4.887,98.046,1.954,34227.816,-10.2,-3.915,23.449,250.036,1.1509832271590443,0.019934815153233337
Bangladesh,BGD,1991,113787065,117331558400,68.777,2.328,96.726,3.274,626.21,-2.602,-3.523,8.27,71.105,1.9289797807783342,0.0338485249429315
Belarus,BLR,1991,10193837,114005540864,464.853,0.05,99.989,0.011,45606.594,-1.066,-0.229,38.735,464.903,0.0748855634122567,1.0756088483886305e-4
Belgium,BEL,1991,9998909,278686629888,519.606,1.593,81.156,0.249,64294.996,21.527,3.465,71.19,521.199,0.381340124671165,0.0030657844597637442
Brazil,BRA,1991,151724204,1213090103296,888.136,692.516,56.046,43.701,10703.906,61.069,3.907,234.376,1580.652,1.7305658549610008,0.7797409405766684
Bulgaria,BGR,1991,8695748,72983248896,218.482,6.3,83.58,2.41,30198.416,-61.81,-19.053,40.69,224.782,-1.434679313377887,0.028835327395391838
Canada,CAN,1991,28157104,820274266112,1860.18,866,62.834,29.252,107284.75,12.246,0.407,506.995,2726.1800000000003,1.3232318267125442,0.46554634497736774
Chile,CHL,1991,13662434,143694659584,132.825,39.716,76.982,23.018,12806.225,19.284,12.387,19.963,172.541,1.6766665639662253,0.2990099755317147
China,CHN,1991,1170788481,3508947910656,7968.69,346.589,95.832,4.168,7121.363,399.361,5.031,677.55,8315.279,1.4915110531116267,0.043493849051726194
Colombia,COL,1991,33098327,259415670784,176.324,77.858,69.369,30.631,7830.271,6.688,2.649,40.124,254.18200000000002,2.029305160724315,0.441562124271228
Croatia,HRV,1991,4825112,46751293440,67.419,15.379,81.426,18.574,17365.305,-17.03,-16.892,8.58,82.798,-0.2050660730539871,0.22811076996099022
Cyprus,CYP,1991,798903,10802932736,19.512,0,100,0,24423.686,0.238,1.233,2.08,19.512,1.3441463795196542,0
Czechia,CZE,1991,10304363,130499461120,459.994,3.025,92.606,0.609,48294.016,-49.105,-8.981,60.3,463.019,0.023548969480205517,0.0065761727326878175
Denmark,DNK,1991,5154296,154212941824,229.457,3.236,98.609,1.391,45176.629,30.893,15.296,36.45,232.69299999999998,0.25915327701584895,0.014102860230892935
Ecuador,ECU,1991,10702316,67933581312,74.429,14.1,84.073,15.927,8356.948,8.457,10.443,6.974,88.529,2.1835040096913927,0.1894422872804955
Egypt,EGY,1991,60028948,241323327488,367.111,27.544,93.021,6.979,6604.025,5.109,1.306,43.276,394.655,2.795309102246616,0.07502907839863147
Estonia,EST,1991,1565333,23940081664,116.75,0,100,0,74584.695,-10.835,-8.492,14.63,116.75,-0.3133887893296244,0
Finland,FIN,1991,5013842,126220140544,220.412,52.282,67.427,15.994,65968.953,7.509,2.323,57.96,272.694,0.5477155456800621,0.2372012413117253
France,FRA,1991,57271510,1654070181888,1716.954,166.576,61.234,5.941,49486.664,184.353,6.957,450.34,1883.53,0.4936358691652629,0.09701832431154242
Germany,DEU,1991,80303142,2141316317184,3620.403,49.03,88.76,1.202,50940.008,-101.999,-2.433,536.02,3669.433,0.7467627461278531,0.013542691241831366
Greece,GRC,1991,10306590,167630716928,282.313,8.614,97.039,2.961,28281.158,4.17,1.451,35.19,290.92699999999996,0.4693794055801277,0.03051223287627563
High-income countries,NA,1991,1196235282,NA,57293.16,4139.328,85.555,6.181,56284.098,207.031,0.308,9207.629,61432.488000000005,0.6972683682385744,0.0722482055449551
Hong Kong,HKG,1991,5628035,166388678656,144.389,0,100,0,25655.387,5.032,3.611,31.889,144.389,1.2134569180082582,0
Hungary,HUN,1991,10378132,95825223680,262.303,0.614,87.131,0.204,29090.133,-21.354,-6.606,29.96,262.917,-0.029851951083643167,0.002340804336969078
Iceland,ISL,1991,257764,7288590336,8.148,12.373,39.705,60.295,82197.977,-0.5,-2.307,4.425,20.521,1.1668387030939082,1.5185321551300932
India,IND,1991,883927551,1768493547520,2193.087,205.941,90.846,8.531,2746.45,126.962,5.518,320.458,2399.028,2.191444032239789,0.09390461937898496
Indonesia,IDN,1991,186778184,786440060928,628.045,23.867,96.339,3.661,3495.796,52.76,8.791,38.103,651.9119999999999,1.7858933134938828,0.03800205399294637
Iran,IRN,1991,59986887,376283103232,863.649,15.575,98.229,1.771,14673.686,68.946,8.498,62.814,879.224,2.7523804965826852,0.01803394666120148
Iraq,IRQ,1991,17767202,26538332160,143.673,5.959,96.018,3.982,8443.418,-87.687,-36.889,13.359,149.632,1.0581895620084225,0.041476129822583224
Ireland,IRL,1991,3534214,67931955200,120.256,2.072,98.306,1.694,34650.32,4.575,3.881,14.91,122.328,0.5761291576562001,0.0172299095263438
Israel,ISR,1991,4779837,97235345408,131.26,0.017,99.987,0.013,27464.873,2.142,1.659,21.514,131.277,5.168110797282874,1.2951394179491088e-4
Italy,ITA,1991,57075339,1509175721984,1956.412,127.64,93.875,6.125,36630.816,-61.513,-2.858,218.43,2084.052,0.07702948522680696,0.06524188156686833
Japan,JPN,1991,123889808,3824677552128,4455.584,298.678,83.532,5.6,43292.566,179.223,3.457,911.303,4754.262,0.39715731276758115,0.06703453464237236
Kazakhstan,KAZ,1991,17278551,174429519872,835.717,20,97.492,2.333,49688.043,-0.888,-0.103,85.99,855.717,0.7259874729035739,0.023931546205234546
Kuwait,KWT,1991,1351363,5968350720,46.121,0,100,0,34129.023,-45.372,-49.591,10.78,46.121,-19.79013333459957,0
Latvia,LVA,1991,2648888,36517761024,69.994,9.097,88.498,11.502,30079.709,-6.933,-8.004,5.65,79.091,-0.4208140952045839,0.12996828299568533
Lithuania,LTU,1991,3701357,47786758144,157.321,0.939,76.562,0.457,55806.121,10.493,5.352,29.37,158.26,0.17293794504795307,0.0059686882234412444
Lower-middle-income countries,NA,1991,1752606107,NA,3705.174,365.248,90.666,8.938,2343.772,139.391,3.513,523.83,4070.422,2.3801212126290414,0.09857782657440649
Luxembourg,LUX,1991,386773,15215995904,39.636,0.277,99.306,0.694,103235.586,2.777,7.476,0.7,39.913000000000004,1.338080939879371,0.006988596225653446
Malaysia,MYS,1991,18342429,157808066560,289.353,12.359,95.904,4.096,16492.357,60.962,25.238,26.552,301.712,2.855949411892162,0.042712534516663035
Mexico,MEX,1991,84430515,865148731392,1262.041,81.083,93.146,5.984,16080.441,38.608,2.927,128.571,1343.124,1.944431773075856,0.0642475165228388
Morocco,MAR,1991,24798965,109740064768,80.179,3.406,95.926,4.074,3379.327,1.048,1.266,9.205,83.58500000000001,1.7372232816645299,0.04247995110939273
Netherlands,NLD,1991,15155049,423942324224,915.655,2.877,98.693,0.31,61237.898,17.329,1.903,73.22,918.5319999999999,0.8263744177137695,0.0031420130944515125
New Zealand,NZL,1991,3480888,74961223680,113.329,73.351,60.707,39.293,54637.574,3.752,2.013,33.639,186.68,2.4715243048727498,0.6472394532732134
North Macedonia,MKD,1991,2055937,16091739136,26.94,2.356,91.959,8.041,14323.116,-0.212,-0.715,5.77,29.296,-0.3735138553384909,0.08745360059391238
Norway,NOR,1991,4261568,132697595904,130.275,306.581,29.821,70.179,107145.32,-36.316,-7.367,110.56,436.856,0.47588240065035375,2.3533371713682594
Oman,OMN,1991,1851429,20523448320,60.838,0,100,0,32859.906,14.218,30.498,4.625,60.838,4.9611716644424515,0
Pakistan,PAK,1991,120060354,311483367424,268.447,50.786,83.785,15.851,2696.15,18.203,5.958,50.22,319.233,3.361720272810085,0.18918445726717006
Peru,PER,1991,22483739,108468600832,71.743,32.338,68.93,31.07,4721.159,-0.868,-0.811,14.482,104.08099999999999,2.1304605045241543,0.4507478081485302
Philippines,PHL,1991,64382194,228436344832,152.787,32.285,82.555,17.445,2863.201,-3.15,-1.68,25.649,185.072,2.430340315674205,0.21130724472631832
Poland,POL,1991,38152898,291288809472,1179.685,4.218,99.644,0.356,31037.33,-26.166,-2.162,132.72,1183.903,0.2561896334092262,0.003575530756091669
Portugal,PRT,1991,9969142,177606541312,181.151,27.663,86.752,13.248,21113.898,7.835,3.866,29.72,208.81400000000002,-0.20354423030239324,0.1527068578147512
Qatar,QAT,1991,454807,5733970432,90.813,0,100,0,199673.312,11.975,15.19,4.669,90.813,3.33399222507742,0
Romania,ROU,1991,22947368,114884263936,581.308,40.522,93.483,6.517,27212.02,-110.771,-15.066,56.8,621.83,0.0343817717584805,0.06970831297694165
Russia,RUS,1991,149448388,1782589423616,9100.938,467.131,91.916,4.718,66502.172,-137.461,-1.364,1068.163,9568.069,0.31474198860679387,0.05132778621280575
Saudi Arabia,SAU,1991,11160699,279266361344,972.452,0,100,0,87131.844,44.115,4.752,84.996,972.452,4.88728142803172,0
Singapore,SGP,1991,3136244,74103365632,277.533,0.766,99.725,0.275,88741.484,5.211,1.908,16.597,278.29900000000004,3.1813982623709345,0.0027600321403220517
Slovakia,SVK,1991,5284824,55297376256,184.857,3.911,83.556,1.768,42042.73,-26.165,-10.536,24.26,188.768,0.3570437039571806,0.02115689424798628
Slovenia,SVN,1991,1999136,32795389952,44.552,10.022,65.201,14.667,34651.051,0.123,0.178,12.74,54.574,0.05845939474506098,0.22495061950080805
South Africa,ZAF,1991,41687861,237880803328,990.447,5.5,96.975,0.539,24521.48,-7.421,-0.721,168.316,995.947,2.3109998729697994,0.0055530482701245
South Korea,KOR,1991,44439112,651871518720,1054.841,9.686,86.395,0.793,27564.336,146.193,13.552,131.616,1064.5269999999998,0.8115263179147295,0.00918242654580169
Spain,ESP,1991,39201702,786757910528,866.347,77.538,78.883,7.06,28226.289,37.764,3.533,154.71,943.885,0.298780163932262,0.0894999347836375
Sri Lanka,LKA,1991,16475313,73808551936,20.611,8.657,70.421,29.579,1810.379,-0.06,-0.202,3.377,29.268,0.751601843593922,0.42001843675707146
Sweden,SWE,1991,8616913,237950140416,231.322,181.54,36.947,28.996,74520.336,-2.071,-0.322,146.97,412.86199999999997,0.6822085952651192,0.7847934913237824
Switzerland,CHE,1991,6796900,236201934848,179.636,90.48,53.875,27.136,50106.992,8.947,2.698,58.062,270.116,1.2479586624585906,0.5036852301320448
Taiwan,TWN,1991,20781705,345211437056,504.982,11.465,82.181,1.866,29703.508,33.058,5.658,99.178,516.447,0.9072703307340757,0.022703779540656895
Thailand,THA,1991,55637391,437871476736,377.036,12.608,96.764,3.236,7017.815,36.555,10.329,50.12,389.644,1.6425597719709215,0.03343977763396599
Trinidad and Tobago,TTO,1991,1262128,17744930816,69.309,0.078,99.887,0.113,54977.68,-0.211,-0.303,3.72,69.387,0.7959034054698992,0.001125394970350171
Turkey,TUR,1991,57009853,498030903296,505.701,63.383,88.862,11.138,10053.153,11.823,2.106,60.24,569.0840000000001,1.77501184045793,0.12533690856850194
Turkmenistan,TKM,1991,3855848,20437989376,146.22,0.008,99.994,0.006,37923.906,-14.779,-9.179,14.953,146.228,2.535295763231989,5.471207769115032e-5
Ukraine,UKR,1991,52170917,460353470464,2746.757,32.528,91.927,1.089,57399.191,-200.129,-6.264,280,2779.285,0.2245416752907181,0.011842328971947645
United Arab Emirates,ARE,1991,2006584,NA,420.837,0,100,0,209728.312,75.885,21.999,17.222,420.837,5.710832786318699,0
United Kingdom,GBR,1991,57555147,1488075358208,2345.416,14.774,91.756,0.578,44500.219,52.823,2.106,322.88,2360.19,0.32653672389852006,0.00629909576808549
United States,USA,1991,256471373,9224687976448,19683.504,1016.349,87.517,4.519,88039.922,-29.477,-0.13,3270.724,20699.853,1.2227158692708064,0.051634556530178774
Upper-middle-income countries,NA,1991,2167379560,NA,19945.17,1612.595,91.363,7.387,10119.061,432.02,2.009,2103.705,21557.765,1.6018013020752242,0.08085140412440707
Uzbekistan,UZB,1991,20962868,136577630208,494.341,16.753,96.722,3.278,24432.473,-7.506,-1.444,54.165,511.094,2.433183341698054,0.033889562063433944
Venezuela,VEN,1991,20304851,282132283392,475.931,123.728,79.367,20.633,29925.918,4.087,0.677,63.337,599.659,2.4102883325959534,0.25997045790251105
Vietnam,VNM,1991,66891732,115933544448,59.835,17.547,77.324,22.676,1173.75,1.386,1.797,9.21,77.382,2.1177612781826616,0.2932564552519428
Algeria,DZA,1992,26628518,127982690304,319.638,0.553,99.827,0.173,12025.711,8.132,2.606,18.286,320.191,2.465098072021312,0.00173008215543834
Argentina,ARG,1992,33693487,416679821312,483.16,53.643,86.826,9.64,16630.469,37.88,7.25,56.107,536.803,1.3940311668462773,0.11102533322294891
Australia,AUS,1992,17549234,478633754624,1011.107,46.409,95.611,4.389,60425.445,16.48,1.579,161.4,1057.516,1.1300261007532988,0.04589919761212216
Austria,AUT,1992,7842667,221400875008,237.503,100.955,70.172,29.828,43963.629,-4.608,-1.319,49.89,338.45799999999997,1.1032361628487393,0.42506831492654834
Azerbaijan,AZE,1992,7405734,41795293184,209.227,4.854,97.733,2.267,28949.705,-35.957,-14.363,19.763,214.08100000000002,1.2505839617744126,0.0231996826413417
Bangladesh,BGD,1992,115952146,123425136640,75.357,2.211,97.149,2.851,670.195,6.456,9.06,8.894,77.568,1.9027479090000257,0.02934033998168717
Belarus,BLR,1992,10217518,101880791040,404.903,0.047,99.988,0.012,39633.227,-59.953,-12.896,37.595,404.95000000000005,0.23230703021835647,1.1607718391812359e-4
Belgium,BEL,1992,10045947,283358330880,516.315,1.807,80.822,0.283,63857.523,-1.371,-0.213,71.42,518.1220000000001,0.47043132405745464,0.0034998014777800368
Brazil,BRA,1992,154275022,1221828542464,897.353,709.402,55.679,44.017,10708.821,28.062,1.728,241.762,1606.755,1.6812202224504667,0.7905495384759399
Bulgaria,BGR,1992,8559045,67935670272,208.685,5.286,84.811,2.148,28868.99,-15.507,-5.905,35.44,213.971,-1.5720671758197227,0.02533004288760572
Canada,CAN,1992,28500013,829742120960,1928.26,889.608,63.426,29.262,108832.422,80.897,2.678,518.627,2817.868,1.2178418632825307,0.4613527221432794
Chile,CHL,1992,13884526,160277250048,139.13,51.947,72.813,27.187,13986.36,19.23,10.991,22.35,191.077,1.6255668645865005,0.37337022928196656
China,CHN,1992,1184574195,3755037425664,8386.551,363.743,95.843,4.157,7406.634,436.098,5.23,753.94,8750.294,1.177472636921169,0.04337218005351664
Colombia,COL,1992,33760526,270562869248,201.537,62.953,76.198,23.802,7953.25,9.337,3.603,36.613,264.49,2.0007023315710186,0.312364478979046
Croatia,HRV,1992,4782191,41906544640,67.644,12.1,84.827,15.173,16838.197,-3.266,-3.898,8.9,79.744,-0.8895337559003812,0.17887765359824964
Cyprus,CYP,1992,810293,11948250112,22.797,0,100,0,28133.871,3.285,16.833,2.43,22.797,1.425704997978478,0
Czechia,CZE,1992,10312408,131496648704,444.054,3.914,92.128,0.812,46834.785,-14.66,-2.946,59.05,447.96799999999996,0.07807372469312271,0.008814243312750252
Denmark,DNK,1992,5171320,158125309952,213.685,4.248,98.051,1.949,42182.035,-14.717,-6.32,30.6,217.933,0.33028758922654033,0.019879729508388518
Ecuador,ECU,1992,10930078,70873841664,74.273,13.816,84.316,15.684,8140.784,-0.459,-0.514,7.196,88.089,2.128156186006842,0.18601645281596274
Egypt,EGY,1992,61480607,254191042560,363.648,27.222,93.035,6.965,6386.177,-3.807,-0.96,44.987,390.87,2.4182649344446285,0.0748581045406547
Estonia,EST,1992,1540174,20201099264,81.29,0,100,0,52779.707,-35.46,-30.373,11.83,81.29,-1.6072618414101025,0
Finland,FIN,1992,5042099,122116751360,214.544,57.44,65.915,17.648,65384.504,-1.083,-0.327,57.7,271.98400000000004,0.5635797857212095,0.26773062868222836
France,FRA,1992,57554812,1681416912896,1686.806,198.291,59.705,7.019,49655.984,23.765,0.839,458.54,1885.097,0.49466479930422647,0.11755412299932534
Germany,DEU,1992,80934859,2204952428544,3497.78,57.466,87.524,1.438,49537.836,-81.305,-1.988,533.77,3555.246,0.7866653586232031,0.016429277999188054
Greece,GRC,1992,10359849,170259939328,290.077,6.145,97.926,2.074,28631.537,5.136,1.762,36.76,296.222,0.5167470521287836,0.021184030447088185
High-income countries,NA,1992,1203959057,NA,57458.184,4128.992,85.544,6.147,56089.488,200.422,0.298,9222.436,61587.176,0.6456735657459065,0.07186081620679136
Hong Kong,HKG,1992,5759509,174712324096,169.929,0,100,0,29504.064,25.54,17.688,35.076,169.929,2.3360551240352985,0
Hungary,HUN,1992,10371431,94567784448,249.415,0.583,86.367,0.202,27927.869,-12.249,-4.057,31.68,249.998,-0.06456845991166811,0.0023374696790489746
Iceland,ISL,1992,261051,7011078144,8.554,12.674,40.296,59.704,84022.539,0.746,3.523,4.539,21.228,1.2751974674508466,1.481646013560907
India,IND,1992,902957019,1851711422464,2326.79,195.232,91.613,7.687,2827.125,125.109,5.153,337.153,2522.022,2.1528311883108167,0.08390615397178086
Indonesia,IDN,1992,190043693,841780428800,685.257,30.186,95.781,4.219,3772.082,63.922,9.79,40.284,715.443,1.7483353409196867,0.044050626261388066
Iran,IRN,1992,61184930,424984707072,946.208,25.567,97.369,2.631,15909.536,93.195,10.588,67.178,971.775,1.9971748158893459,0.027020485981940547
Iraq,IRQ,1992,18300802,36550623232,222.624,14.497,93.886,6.114,13008.008,88.041,58.688,21.912,237.12099999999998,3.0032866176677677,0.06511876527238752
Ireland,IRL,1992,3558372,71260987392,120.588,2.283,98.142,1.858,34571.637,0.557,0.455,15.76,122.871,0.6835466103637188,0.01893223206289183
Israel,ISR,1992,4957184,103860019200,153.111,0.081,99.947,0.053,30903.953,21.919,16.697,24.686,153.19199999999998,3.710314807806207,5.290279601073731e-4
Italy,ITA,1992,57124951,1531924054016,1966.124,128.365,93.871,6.129,36780.184,10.35,0.495,222.68,2094.489,0.08692370622625649,0.06528835414246507
Japan,JPN,1992,124383659,3856515727360,4536.533,259.411,84.028,4.805,43625.453,62.786,1.171,916.787,4795.944,0.39862116825622973,0.05718265468365379
Kazakhstan,KAZ,1992,17332566,166043942912,825.856,19.072,97.594,2.254,48894.977,-11.062,-1.288,83.166,844.928,0.3126130194597915,0.02309361438313701
Kuwait,KWT,1992,1634908,18278670336,81.675,0,100,0,49957.105,35.555,77.09,16.885,81.675,20.98214913387447,0
Latvia,LVA,1992,2614781,24594370560,49.848,7.003,87.682,12.318,21914.891,-22.375,-28.082,3.84,56.851,-1.2875969085895667,0.14048708072540525
Lithuania,LTU,1992,3697504,37159350272,88.9,0.864,68.162,0.662,35525.25,-75.204,-36.408,18.55,89.76400000000001,-0.1040969568728442,0.009718785151856018
Lower-middle-income countries,NA,1992,1793064930,NA,3859.842,358.471,91.085,8.459,2374.914,150.666,3.668,544.354,4218.313,2.3084949229838556,0.09287193620878782
Luxembourg,LUX,1992,391922,15437632512,39.798,0.231,99.422,0.578,102170.406,0.114,0.286,0.66,40.029,1.3312718312808804,0.005804311774461028
Malaysia,MYS,1992,18834520,173041778688,328.583,11.906,96.503,3.497,18118.684,38.747,12.808,31.381,340.48900000000003,2.682801716174014,0.03623437609371148
Mexico,MEX,1992,86044763,902108282880,1275.428,94.386,92.375,6.836,16085.92,26.429,1.947,132.276,1369.814,1.9119248532358235,0.07400339337069595
Morocco,MAR,1992,25212419,107664064512,90.929,2.678,97.139,2.861,3719.568,9.976,11.903,9.719,93.607,1.6672228054678895,0.029451550110525793
Netherlands,NLD,1992,15276746,433663901696,925.142,3.094,98.546,0.33,61473.656,11.054,1.191,75.84,928.2360000000001,0.8030129100869288,0.003344351461721552
New Zealand,NZL,1992,3532198,75624103936,119.126,68.184,63.598,36.402,53932.828,0.314,0.165,33.211,187.31,1.4740491506764941,0.572368752413411
North Macedonia,MKD,1992,2032464,15099004928,27.729,2.356,92.17,7.83,14876.99,0.79,2.681,6.07,30.085,-1.1417178639228731,0.08496519888924953
Norway,NOR,1992,4286210,141648314368,132.494,324.795,28.974,71.026,111570.18,21.606,4.732,117.11,457.289,0.5782378692537582,2.451394025389829
Oman,OMN,1992,1938185,23477626880,60.325,0,100,0,31124.451,-0.513,-0.843,5.113,60.325,4.685893977030715,0
Pakistan,PAK,1992,123546809,327814348800,279.485,55.402,83.076,16.468,2752.225,16.328,5.044,53.575,334.887,2.903918640786283,0.19822888527112367
Peru,PER,1992,22946300,110495350784,74.28,27.33,73.103,26.897,4504.205,-2.794,-2.633,13.122,101.61,2.057313509999382,0.36793214862681745
Philippines,PHL,1992,65926081,230909853696,168.8,30.146,84.847,15.153,3004.928,13.764,7.467,25.87,198.94600000000003,2.3980030876238856,0.17859004739336493
Poland,POL,1992,38233580,301270073344,1127.586,4.533,99.6,0.4,29617.854,-51.767,-4.372,130.68,1132.119,0.21147017455921696,0.004020092480750914
Portugal,PRT,1992,9960299,183951343616,198.071,15.688,92.661,7.339,21550.541,4.162,1.977,29.48,213.759,-0.08870372194517843,0.0792039218260119
Qatar,QAT,1992,469606,7176897536,144.293,0,100,0,307263.094,53.48,58.89,5.183,144.293,3.2539077015085525,0
Romania,ROU,1992,22912341,109843021824,516.071,32.506,94.074,5.926,24033.943,-73.77,-11.814,54.01,548.577,-0.15264059913102015,0.06298745715221354
Russia,RUS,1992,148915936,1557839216640,8716.63,479.625,91.479,5.034,64241.75,-372.022,-3.743,1008.45,9196.255,-0.3562781821373677,0.055024132032677774
Saudi Arabia,SAU,1992,11686632,306102206464,981.756,0,100,0,84006.773,9.304,0.957,93.473,981.756,4.712366134056658,0
Singapore,SGP,1992,3226410,80052592640,297.805,0.766,99.744,0.256,92544.805,20.273,7.284,17.543,298.571,2.874967636446654,0.0025721529188562986
Slovakia,SVK,1992,5306409,51864850432,176.66,5.381,83.042,2.529,40280.02,-8.446,-3.801,23.24,182.041,0.40843365833942624,0.030459639986414582
Slovenia,SVN,1992,1995805,30913204224,43.356,9.508,67.855,14.881,32440.633,-4.527,-6.535,12.34,52.864000000000004,-0.16662198069566053,0.21930067349386473
South Africa,ZAF,1992,42443459,238567243776,998.46,2.089,97.283,0.204,24197.797,4.79,0.469,168.09,1000.5490000000001,1.8125132397654078,0.002092222021913747
South Korea,KOR,1992,44653652,687368634368,1207.166,8.61,87.934,0.627,30831.434,151.802,12.393,146.439,1215.7759999999998,0.482772923095313,0.007132407639048813
Spain,ESP,1992,39420297,803260989440,942.736,54.661,81.81,4.743,29404.346,52.609,4.755,156.65,997.3969999999999,0.5576160953419829,0.057981237589314505
Sri Lanka,LKA,1992,16739239,71237386240,23.424,8.055,74.41,25.59,1911.585,2.172,7.282,3.54,31.479,1.6019483211032168,0.3438780737704918
Sweden,SWE,1992,8667529,235756847104,246.283,212.934,38.74,33.494,75337.75,10.857,1.691,145.93,459.217,0.587402936527269,0.8645907350487042
Switzerland,CHE,1992,6875000,239958540288,181.721,92.367,53.642,27.266,50335.293,5.483,1.61,59.518,274.088,1.1490532448616282,0.5082901811017989
Taiwan,TWN,1992,20982040,372503871488,539.586,19.029,82.679,2.916,31257.248,38.551,6.245,105.53,558.615,0.9639969386534936,0.035265926098898046
Thailand,THA,1992,56528779,473484197888,414.84,11.618,97.276,2.724,7557.294,36.752,9.413,57.028,426.45799999999997,1.6021383892713446,0.028005978208465915
Trinidad and Tobago,TTO,1992,1271625,18033686528,73.351,0.094,99.872,0.128,57757.945,4.058,5.848,3.976,73.445,0.7524593385140017,0.0012815094545404972
Turkey,TUR,1992,57990062,535075749888,523.877,74.165,87.599,12.401,10394.647,29.657,5.175,67.35,598.0419999999999,1.7193677029828511,0.14156949054835394
Turkmenistan,TKM,1992,3944649,17569988608,138.03,0.012,99.992,0.008,34994.961,-8.186,-5.598,13.183,138.042,2.303021280921862,8.69376222560313e-5
Ukraine,UKR,1992,52323629,421710462976,2297.976,21.897,91.019,0.867,48363.484,-464.015,-15.495,253.94,2319.873,0.29271480890397233,0.00952882014433571
United Arab Emirates,ARE,1992,2114680,NA,406.696,0,100,0,192320.203,-14.142,-3.36,18.689,406.696,5.387065779454037,0
United Kingdom,GBR,1992,57719216,1491752058880,2308.487,17.872,90.896,0.704,44098.441,-15.889,-0.62,321.04,2326.359,0.28506399262606347,0.007741867292300108
United States,USA,1992,259605966,9552658432000,20088.693,932.235,87.992,4.083,88261.109,333.393,1.477,3284.39,21020.928,1.2221999528968872,0.04640595582798742
Upper-middle-income countries,NA,1992,2197403353,NA,20253.627,1675.397,91.247,7.548,10148.898,369.377,1.684,2192.253,21929.024,1.3852577349211506,0.08272083809976356
Uzbekistan,UZB,1992,21485048,119510818816,466.991,17.447,96.398,3.602,22600.084,-26.611,-5.196,50.911,484.438,2.4909759485200214,0.03736046304960909
Venezuela,VEN,1992,20780903,301055410176,517.835,131.308,79.772,20.228,31645.143,49.973,8.224,67.44,649.143,2.3445234835754274,0.25357111821333045
Vietnam,VNM,1992,68260287,125543628800,64.42,20.078,76.239,23.761,1256.848,7.279,9.27,9.705,84.498,2.04592549644252,0.31167339335610056
Algeria,DZA,1993,27276996,130275778560,296.951,0.981,99.671,0.329,10924.772,-22.232,-6.943,19.414,297.932,2.435276345457903,0.003303575337345218
Argentina,ARG,1993,34152666,444780249088,486.251,66.323,84.698,11.552,16948.328,18.492,3.3,61.869,552.574,1.3628123441186126,0.1363966346598773
Australia,AUS,1993,17722869,501524758528,1033.799,47.659,95.593,4.407,61188.895,24.022,2.265,165.383,1081.458,0.9894164041575831,0.04610083778374713
Austria,AUT,1993,7907434,223462932480,239.557,106.216,69.282,30.718,44571.129,7.651,2.219,51.31,345.77299999999997,0.8258287646281552,0.44338508162984175
Azerbaijan,AZE,1993,7504063,32486438912,178.807,6.739,96.368,3.632,24783.938,-28.414,-13.253,19.051,185.546,1.3277414500709854,0.03768868109190356
Bangladesh,BGD,1993,118132306,129907351552,83.638,1.689,98.021,1.979,723.221,7.725,9.941,9.206,85.327,1.8802239330697683,0.020194170114062986
Belarus,BLR,1993,10241269,93050208256,337.815,0.053,99.984,0.016,32991.164,-67.082,-16.565,33.369,337.868,0.2324537133186357,1.5689060580495242e-4
Belgium,BEL,1993,10084882,281005260800,510.658,1.493,81.235,0.238,62587.039,-10.326,-1.61,70.08,512.1510000000001,0.3875692356330369,0.002923678861390598
Brazil,BRA,1993,156794519,1298220843008,940.26,746.28,55.71,44.217,11035.18,78.152,4.73,252.003,1686.54,1.633120493089283,0.7936953608576351
Bulgaria,BGR,1993,8466479,67190222848,218.669,4.964,83.319,1.891,31134.701,16.51,6.682,37.84,223.633,-1.0814991625818067,0.022700977276157115
Canada,CAN,1993,28830582,853776007168,1946.971,910.261,62.476,29.209,110299.773,78.281,2.524,530.232,2857.232,1.159890698997225,0.46752673768638564
Chile,CHL,1993,14102219,170385342464,148.73,53.295,73.62,26.38,14552.893,11.034,5.682,24.013,202.02499999999998,1.567882115673232,0.35833389363275736
China,CHN,1993,1197308522,4126169366528,9003.102,422.761,95.47,4.483,7899.078,683.926,7.795,811.59,9425.863000000001,1.075013034536009,0.046957259842218824
Colombia,COL,1993,34441431,286025318400,208.574,78.594,72.631,27.369,8483.571,23.68,8.819,41.691,287.168,2.0168672727433217,0.376815902269698
Croatia,HRV,1993,4729691,39138893824,70.492,12.698,84.736,15.264,17761.418,3.483,4.325,9.54,83.19,-1.0978231526093376,0.18013391590535097
Cyprus,CYP,1993,825997,12173586432,23.69,0,100,0,28680.707,0.893,3.919,2.59,23.69,1.9380643791813579,0
Czechia,CZE,1993,10320353,133342961664,438.495,4.349,91.751,0.91,46406.285,-4.05,-0.839,58.67,442.844,0.07704311156036495,0.009918015028677637
Denmark,DNK,1993,5188587,159069863936,225.84,5.224,97.739,2.261,44579.332,13.167,6.036,33.78,231.064,0.3338992752334027,0.023131420474672336
Ecuador,ECU,1993,11154232,72804335616,75.051,16.139,82.302,17.698,8268.738,3.252,3.655,7.411,91.19,2.0507996374774273,0.2150404391680324
Egypt,EGY,1993,62915626,269984907264,363.069,28.035,92.832,7.168,6245.075,0.287,0.073,46.737,391.10400000000004,2.334100247253577,0.07721672739892417
Estonia,EST,1993,1504295,18206160896,67.562,0,100,0,44913.02,-13.728,-16.887,9.12,67.562,-2.329541986814477,0
Finland,FIN,1993,5066547,121309306880,217.083,56.065,66.082,17.067,65628.68,2.836,0.86,61.06,273.148,0.4848774290231112,0.2582652718084788
France,FRA,1993,57801206,1671995850752,1610.58,186.806,57.11,6.624,49374.199,-4.053,-0.142,468.07,1797.386,0.4281032140283944,0.11598678736852563
Germany,DEU,1993,81486723,2206290935808,3492.76,59.59,87.786,1.498,48983.766,-17.811,-0.444,520.72,3552.3500000000004,0.681861940353785,0.017061006195673335
Greece,GRC,1993,10412703,168977989632,293.641,6.473,97.843,2.157,28861.941,3.912,1.319,37.73,300.11400000000003,0.5101811812121972,0.022043924383856477
High-income countries,NA,1993,1210724790,NA,57303.922,4326.678,85.008,6.418,55989.395,258.305,0.383,9371.314,61630.6,0.5619570666180884,0.07550404665146654
Hong Kong,HKG,1993,5902464,183841603584,185.502,0,100,0,31427.943,15.573,9.165,35.947,185.502,2.482069218053136,0
Hungary,HUN,1993,10356813,95740690432,239.08,0.583,86.005,0.21,26923.467,-10.811,-3.732,32.91,239.663,-0.1409448705776474,0.0024385143048352015
Iceland,ISL,1993,263720,7076878336,8.873,13.186,40.223,59.777,86399.984,0.851,3.881,4.721,22.058999999999997,1.0224055835832846,1.486081370449679
India,IND,1993,922118324,1944353767424,2388.339,197.53,91.747,7.588,2837.215,63.476,2.487,362.176,2585.869,2.1220616925067612,0.08270601451468992
Indonesia,IDN,1993,193305126,912702701568,734.453,28.11,96.314,3.686,3951.487,46.982,6.554,39.707,762.563,1.7161490331594431,0.03827338168677914
Iran,IRN,1993,61403494,419990110208,869.602,29.258,96.745,3.255,14669.332,-72.676,-7.466,74.686,898.86,0.35721868113602484,0.03364527680479116
Iraq,IRQ,1993,19201146,39244447744,298.087,17.116,94.57,5.43,16473.361,78.25,32.87,27.09,315.203,4.919696961914565,0.0574194782060271
Ireland,IRL,1993,3576075,73767378944,123.32,2.167,98.273,1.727,35129.594,2.607,2.119,16.12,125.487,0.49750279060199437,0.017572169964320466
Israel,ISR,1993,5085987,107424030720,166.289,0.072,99.957,0.043,32710.736,13.17,8.597,26,166.361,2.5983098468808095,4.329811352524821e-4
Italy,ITA,1993,57170710,1529550209024,1935.55,126.933,93.846,6.154,36187.457,-32.204,-1.533,219.74,2062.483,0.08010335098580654,0.06557980935651365
Japan,JPN,1993,124839901,3860865220608,4504.01,293.355,82.109,5.348,44192.43,90.685,1.671,926.103,4797.365,0.3668022018873074,0.06513196018658929
Kazakhstan,KAZ,1993,17274430,151572725760,724.328,21.192,96.996,2.838,43309.891,-99.322,-11.72,77.889,745.52,-0.3354148485573342,0.029257463469588366
Kuwait,KWT,1993,1672112,29845168128,100.173,0,100,0,59908.012,18.498,22.648,20.178,100.173,2.2756020522255684,0
Latvia,LVA,1993,2563756,21610170368,40.964,7.989,83.68,16.32,19295.193,-7.834,-13.672,3.93,48.952999999999996,-1.9514062554378357,0.19502489991211797
Lithuania,LTU,1993,3680148,30736279552,67.466,1.092,65.748,1.064,28101.068,-27.939,-21.27,13.93,68.55799999999999,-0.46939773425532466,0.016185930691014736
Lower-middle-income countries,NA,1993,1833935479,NA,4007.536,374.201,91.077,8.504,2411.151,163.521,3.84,575.41,4381.737,2.279368042740092,0.09337433275708565
Luxembourg,LUX,1993,397153,16036038656,40.324,0.232,99.428,0.572,102149.188,0.526,1.314,0.67,40.556,1.334704354437873,0.00575339748040869
Malaysia,MYS,1993,19322622,191754977280,328.937,13.481,96.063,3.937,17766.072,2.03,0.595,34.877,342.418,2.59152874615334,0.04098353180092236
Mexico,MEX,1993,87653764,925343285248,1273.897,94.367,92.18,6.828,15805.205,1.277,0.092,134.643,1368.264,1.8699580821670694,0.0740774175620164
Morocco,MAR,1993,25614533,107072643072,93.456,1.231,98.7,1.3,3699.692,0.987,1.052,9.91,94.687,1.5949044794154816,0.013171973977058724
Netherlands,NLD,1993,15389666,441708281856,932.219,3.439,98.478,0.363,61532.598,7.849,0.836,75.88,935.658,0.7391626462860612,0.0036890473161349424
New Zealand,NZL,1993,3573556,79461851136,117.341,75.317,60.906,39.094,54916.238,5.745,3.016,34.616,192.658,1.1708856638274525,0.64186431000247135
North Macedonia,MKD,1993,2006806,14032388096,28.736,1.45,95.196,4.804,15088.39,0.043,0.141,5.18,30.186,-1.262408583866676,0.05045935412026726
Norway,NOR,1993,4311815,150177267712,137.215,331.982,29.245,70.755,113776.227,12.369,2.586,119.72,469.197,0.5973809029422263,2.4194293626790073
Oman,OMN,1993,2021630,26328162304,58.186,0,100,0,28781.543,-2.139,-3.546,5.833,58.186,4.305316571947467,0
Pakistan,PAK,1993,127020068,338978439168,310.303,60.926,83.334,16.362,2962.631,36.285,10.671,57.012,371.229,2.811289929794949,0.19634357386167714
Peru,PER,1993,23413735,92121415680,77.716,33.116,70.121,29.879,4824.259,9.599,9.288,14.808,110.832,2.0370822311222287,0.42611560039116786
Philippines,PHL,1993,67530570,237664026624,186.265,31.682,85.464,14.536,3216.594,19.115,9.649,26.579,217.94699999999997,2.433769724610204,0.17009099938260006
Poland,POL,1993,38294834,315272036352,1127.253,4.324,99.618,0.382,29556.141,-0.549,-0.048,131.78,1131.577,0.16020995156613638,0.003835873579400543
Portugal,PRT,1993,9972293,183378083840,191.951,26.574,87.839,12.161,22072.855,5.467,2.547,30.84,218.525,0.12041807178680079,0.1384415814452647
Qatar,QAT,1993,484511,7997300224,154.359,0,100,0,318587.312,10.066,6.976,5.56,154.359,3.173937300630741,0
Romania,ROU,1993,22842206,115101794304,497.464,35.47,93.344,6.656,23431.268,-15.452,-2.806,55.36,532.934,-0.30610141495362697,0.0713016419278581
Russia,RUS,1993,148135377,1453307985920,8065.386,484.324,90.818,5.454,60209.324,-647.489,-6.768,956.587,8549.710000000001,-0.5241608258769564,0.06004969879928871
Saudi Arabia,SAU,1993,12215814,318013014016,1002.85,0,100,0,82094.43,21.094,2.149,102.669,1002.85,4.528096717685643,0
Singapore,SGP,1993,3317840,89698197504,325.43,0.766,99.765,0.235,98320.57,27.624,9.252,18.962,326.196,2.8337997960581576,0.002353808806809452
Slovakia,SVK,1993,5326307,55439228928,167.133,9.631,80.095,4.615,39422.457,-3.766,-1.762,24.05,176.764,0.3749805188405191,0.057624765904997814
Slovenia,SVN,1993,1990771,31743129600,46.403,8.431,70.497,12.808,33455.82,1.858,2.869,11.95,54.833999999999996,-0.2522290504332838,0.18169083895437793
South Africa,ZAF,1993,43297110,247203446784,1004.24,0.406,97.994,0.04,23679.596,-1.78,-0.173,174.706,1004.646,2.011266329636329,4.0428582808890305e-4
South Korea,KOR,1993,44887672,729369214976,1332.491,11.752,88.494,0.78,33638.832,133.233,9.677,161.901,1344.243,0.5240780754057922,0.0088195717644622
Spain,ESP,1993,39651575,794221281280,888.13,69.87,79.744,6.274,28283.904,-37.627,-3.246,155.12,958,0.5866977613080896,0.0786709152939322
Sri Lanka,LKA,1993,17025877,76317433856,23.676,10.544,69.187,30.813,2049.871,2.902,9.07,3.979,34.22,1.712371751188928,0.4453454975502619
Sweden,SWE,1993,8717989,231558414336,245.129,214.284,38.912,34.016,74232.242,-5.836,-0.894,145.26,459.413,0.5821728430328875,0.8741682950609679
Switzerland,CHE,1993,6938058,243429638144,172.293,100.938,51.028,29.895,49794.051,-0.581,-0.168,61.556,273.231,0.9172072727272728,0.5858508471034807
Taiwan,TWN,1993,21174631,396575965184,583.54,12.141,84.435,1.757,32770.961,38.072,5.805,115.206,595.6809999999999,0.9178850102277949,0.020805771669465678
Thailand,THA,1993,57408155,509703192576,473.985,10.127,97.908,2.092,8444.102,57.556,13.473,63.337,484.112,1.5556253213960274,0.021365655031277363
Trinidad and Tobago,TTO,1993,1280417,17565341696,77.328,0.088,99.887,0.113,60462.746,3.971,5.407,3.817,77.416,0.6913988007470756,0.001138009517897786
Turkey,TUR,1993,58999121,586262052864,554.436,94.727,85.408,14.592,11105.732,52.442,8.7,73.81,649.163,1.7400550459835689,0.17085290276966142
Turkmenistan,TKM,1993,4032366,18037536768,127.284,0.014,99.989,0.011,31569.359,-10.744,-7.783,12.637,127.298,2.223695948612918,1.0999025800571949e-4
Ukraine,UKR,1993,52350078,367893676032,1972.133,30.664,89.164,1.386,42373.926,-312.275,-12.34,231.36,2002.797,0.05054886387945301,0.015548647074005658
United Arab Emirates,ARE,1993,2222054,55149662208,423.47,0,100,0,190576.078,16.775,4.125,21.73,423.47,5.077553104961508,0
United Kingdom,GBR,1993,57860992,1527509024768,2303.994,16.3,89.702,0.635,44498.461,29.398,1.155,323.11,2320.2940000000003,0.24563050198048428,0.007074671201400698
United States,USA,1993,262633187,9814940844032,20504.279,1020.35,87.967,4.377,89083.891,483.275,2.109,3404.678,21524.628999999997,1.166082985935693,0.049762783660912926
Upper-middle-income countries,NA,1993,2225367128,NA,20504.91,1843.779,90.649,8.151,10216.482,434.201,1.947,2279.054,22348.689,1.272582703663509,0.08991890235070527
Uzbekistan,UZB,1993,21987911,114918072320,484.37,20.439,95.951,4.049,23018.463,20.564,4.235,49.149,504.809,2.3405253737389833,0.04219708074405929
Venezuela,VEN,1993,21254472,303263907840,510.265,131.883,79.462,20.538,30612.725,-6.957,-1.058,69.382,642.148,2.2788663226039794,0.2584598198975043
Vietnam,VNM,1993,69586352,135210622976,74.42,22.125,77.083,22.917,1407.925,12.18,14.197,10.662,96.545,1.9426595730545348,0.2972991131416286
Algeria,DZA,1994,27887227,134279856128,301.43,0.461,99.847,0.153,10826.502,3.926,1.318,19.883,301.891,2.2371635058347334,0.0015293766380254123
Argentina,ARG,1994,34613440,472926748672,506.807,76.106,83.661,12.563,17657.195,32.346,5.588,65.622,582.913,1.3491596819996425,0.15016761804789594
Australia,AUS,1994,17897388,527993241600,1075.505,47.101,95.804,4.196,62889.148,41.109,3.791,170.143,1122.6060000000002,0.9847107711511042,0.04379431057968117
Austria,AUT,1994,7938100,229749325824,239.954,102.973,69.972,30.028,44016.59,-3.035,-0.861,51.95,342.927,0.38781227892638753,0.4291364178134142
Azerbaijan,AZE,1994,7608844,26372096000,165.453,5.083,97.019,2.981,22456.066,-15.116,-8.127,17.571,170.536,1.396323564980731,0.030721715532507722
Bangladesh,BGD,1994,120343133,137432653824,88.186,2.353,97.401,2.599,753.596,5.254,6.15,9.784,90.539,1.871483825940044,0.026682239811307917
Belarus,BLR,1994,10230138,81212661760,282.148,0.053,99.981,0.019,27585.582,-55.667,-16.476,31.397,282.201,-0.10868770266653478,1.87844677261579e-4
Belgium,BEL,1994,10115950,290433138688,546.805,1.752,82.674,0.265,65629.828,32.725,5.185,71.34,548.5569999999999,0.30806508197121196,0.003204067263466867
Brazil,BRA,1994,159264962,1391783968768,988.349,774.541,56.059,43.932,11345.27,76.648,4.43,260.041,1762.89,1.575592702956664,0.7836715573142685
Bulgaria,BGR,1994,8416871,68680753152,206.194,3.6,81.696,1.426,30122.824,-10.061,-3.817,37.98,209.79399999999998,-0.5859342472827253,0.01745928591520607
Canada,CAN,1994,29147326,894851940352,2009.356,928.795,62.101,28.705,113257.586,121.149,3.81,553.055,2938.151,1.0986389383329134,0.4622351639032605
Chile,CHL,1994,14316210,178942754816,159.554,52.763,75.149,24.851,15051.558,10.253,4.996,25.276,212.317,1.517427860111944,0.33069054990786817
China,CHN,1994,1209003049,4438753280000,9509.277,467.598,94.923,4.668,8311.652,591.179,6.251,927.8,9976.875,0.976734633147462,0.04917282354904584
Colombia,COL,1994,35127363,300636176384,220.176,90.439,70.884,29.116,9006.93,24.203,8.284,45.024,310.615,1.9915897222737349,0.4107577574304193
Croatia,HRV,1994,4675467,42079801344,68.773,15.116,81.981,18.019,18150.762,0.857,1.02,8.74,83.889,-1.146459673581213,0.21979555930379654
Cyprus,CYP,1994,844610,13051262976,23.732,0,100,0,28098.6,0.042,0.178,2.68,23.732,2.2533980147627655,0
Czechia,CZE,1994,10322286,139002249216,424.269,5.14,91.151,1.104,45194.934,-12.414,-2.592,58.4,429.409,0.01872997948810472,0.012114955370295732
Denmark,DNK,1994,5206148,168493891584,242.767,5.041,97.966,2.034,47646.73,16.752,7.243,40.38,247.808,0.3384543807398816,0.02076476621616612
Ecuador,ECU,1994,11372139,76428091392,80.909,18.237,81.606,18.394,8821.8,8.091,8.773,8.144,99.146,1.953581385074293,0.22540137685547956
Egypt,EGY,1994,64285546,286215798784,381.505,29.8,92.755,7.245,6428,20.315,5.17,48.55,411.305,2.177392306324664,0.07811168923080956
Estonia,EST,1994,1475669,17713297408,68.539,0,100,0,46446.102,0.977,1.446,9.15,68.539,-1.9029512163505162,0
Finland,FIN,1994,5088409,126178680832,238.392,52.966,69.035,15.338,68593.414,16.521,4.968,65.62,291.358,0.4314970333838806,0.2221802745058559
France,FRA,1994,57999814,1712086450176,1562.317,226.725,56.017,8.129,48702.906,-29.129,-1.021,472.84,1789.042,0.3436052874052489,0.1451209965711184
Germany,DEU,1994,81773563,2283952930816,3456.352,64.877,87.697,1.646,48355.141,-37.354,-0.936,521.05,3521.229,0.3520082651992276,0.01877036829582172
Greece,GRC,1994,10466221,173829062656,297.846,7.325,97.6,2.4,29202.84,5.113,1.701,40.02,305.171,0.5139683711328366,0.024593246174197406
High-income countries,NA,1994,1217901800,NA,57659.203,4250.738,85.065,6.271,55962.531,369.117,0.545,9503.438,61909.941,0.5927862433542804,0.07372176129454998
Hong Kong,HKG,1994,6042217,193897054208,168.093,0,100,0,27819.738,-17.409,-9.385,26.741,168.093,2.36770609697916,0
Hungary,HUN,1994,10339884,100339335168,243.101,0.588,85.988,0.208,27426.293,4.743,1.701,33.52,243.689,-0.16345761963646538,0.0024187477632753463
Iceland,ISL,1994,266020,7301854720,8.973,13.333,40.226,59.774,86610.023,0.255,1.117,4.773,22.306,0.8721371151220992,1.4859021508971357
India,IND,1994,941163717,2055026769920,2504.123,224.531,91.312,8.187,2929.481,140.873,5.385,387.967,2728.654,2.065395785367779,0.08966452526493307
Indonesia,IDN,1994,196591779,986200276992,771.489,27.187,96.596,3.404,4067.55,35.804,4.687,45.928,798.676,1.7002409961958276,0.035239646968394885
Iran,IRN,1994,61520555,419488432128,988.354,19.156,98.099,1.901,16396.879,107.997,11.99,81.004,1007.51,0.19064224586307743,0.019381719505359413
Iraq,IRQ,1994,20139770,39993905152,339.561,17.355,95.138,4.862,17777.518,41.728,13.192,26.663,356.916,4.8883748917903125,0.05111010981826535
Ireland,IRL,1994,3590114,78958772224,128.159,2.608,98.005,1.995,36471.137,5.309,4.226,16.79,130.767,0.3925812517914194,0.020349721829914406
Israel,ISR,1994,5216641,114572107776,173.501,0.064,99.963,0.037,33272.172,7.203,4.329,28.316,173.565,2.5689015721039006,3.6887395461697626e-4
Italy,ITA,1994,57420092,1573414633472,1921.912,135.237,93.426,6.574,35948.777,-4.68,-0.226,228.75,2057.149,0.43620588234779667,0.07036586482627716
Japan,JPN,1994,125286818,3893220605952,4752.985,221.246,83.509,3.887,45642.445,201.418,3.651,984.493,4974.231,0.3579921134349506,0.046548852983966924
Kazakhstan,KAZ,1994,17043729,133221793792,638.201,25.497,96.006,3.836,39100.668,-81.732,-10.925,66.777,663.698,-1.335505715673397,0.03995136328523459
Kuwait,KWT,1994,1664323,38842908672,116.935,0,100,0,70259.492,16.762,16.733,22.802,116.935,-0.4658180791717302,0
Latvia,LVA,1994,2521185,21908377600,38.14,9.181,80.599,19.401,19004.297,-1.555,-3.143,4.44,47.321,-1.6604934322923086,0.2407184058730991
Lithuania,LTU,1994,3654839,27661451264,65.899,1.256,74.411,1.418,24378.934,-14.315,-13.842,9.76,67.155,-0.6877169070374344,0.019059469794685806
Lower-middle-income countries,NA,1994,1874932037,NA,4178.15,411.759,90.725,8.941,2468.906,207.136,4.684,610.628,4589.909,2.2354416755356312,0.09855055467132584
Luxembourg,LUX,1994,402544,16598368256,38.708,0.286,99.267,0.733,96909.375,-1.559,-3.842,0.59,38.994,1.3574113754648711,0.007388653508318694
Malaysia,MYS,1994,19820400,211154255872,345.363,18.008,95.044,4.956,18391.816,21.246,6.189,39.754,363.371,2.576141064085402,0.05214223874589924
Mexico,MEX,1994,89259151,972991954944,1374.779,75.77,94.013,5.181,16408.895,79.258,5.721,146.128,1450.549,1.8315094831523722,0.0551143129186582
Morocco,MAR,1994,26000781,118651281408,101.971,2.333,97.763,2.237,4017.357,9.689,10.224,11.47,104.304,1.507925207927859,0.022879053848643242
Netherlands,NLD,1994,15485402,457377480704,921.555,3.873,98.41,0.414,60496.25,-10.157,-1.073,78.26,925.428,0.6220797774298675,0.004202679167277048
New Zealand,NZL,1994,3620986,84890066944,121.704,81.381,59.928,40.072,57204.719,10.891,5.55,35.196,203.08499999999998,1.327249384086887,0.6686797475843029
North Macedonia,MKD,1994,1992614,13843334144,26.387,1.931,93.182,6.818,14273.619,-1.838,-6.069,5.94,28.318,-0.7071934207890549,0.07317997498768333
Norway,NOR,1994,4336416,162645049344,144.362,310.988,31.703,68.297,109624.508,-15.205,-3.099,112.32,455.35,0.5705485972844382,2.1542234105928153
Oman,OMN,1994,2081794,28891342848,54.529,0,100,0,26193.492,-3.656,-6.284,6.198,54.529,2.9760144042183785,0
Pakistan,PAK,1994,130748025,356454531072,324.059,59.797,84.064,15.512,2978.109,13.068,3.473,57.923,383.856,2.93493544657841,0.1845250401932981
Peru,PER,1994,23881446,103509721088,84.739,35.78,70.312,29.688,5142.537,9.857,8.727,15.866,120.519,1.9975924387971418,0.4222376945680265
Philippines,PHL,1994,69019243,250065485824,191.027,36.033,84.131,15.869,3278.712,9.076,4.178,30.459,227.06,2.204443113689104,0.18862778560098836
Poland,POL,1994,38344258,334402879488,1077.893,4.973,99.541,0.459,28248.82,-48.667,-4.3,133.29,1082.866,0.12906179460132927,0.004613630480947552
Portugal,PRT,1994,9998435,186788069376,195.283,32.675,85.666,14.334,22996.025,9.807,4.455,31.12,227.95799999999997,0.2621463288332984,0.16732127220495382
Qatar,QAT,1994,499420,9138716672,156.668,0,100,0,313699.156,2.309,1.496,5.85,156.668,3.077123120011723,0
Romania,ROU,1994,22756199,123373707264,466.274,36.239,92.788,7.212,22185.199,-30.371,-5.674,55.04,502.513,-0.3765266804791096,0.07772039616191337
Russia,RUS,1994,148200678,1297672699904,7340.464,488.874,90.611,6.035,54914.895,-780.707,-8.753,875.914,7829.338,0.044081975097683794,0.06659987706499208
Saudi Arabia,SAU,1994,12749987,336457990144,1159.58,0,100,0,90947.578,156.73,15.628,106.046,1159.58,4.372799061937256,0
Singapore,SGP,1994,3417765,100708564992,372.301,0.766,99.795,0.205,109160.086,46.872,14.368,20.675,373.067,3.011748607527789,0.00205747500006715
Slovakia,SVK,1994,5343170,58762731520,158.227,12.097,77.067,5.892,38711.711,-3.133,-1.492,25.47,170.324,0.31659834853680047,0.07645344979049087
Slovenia,SVN,1994,1988211,33346742272,47.742,9.442,68.216,13.491,35645.547,4.268,6.408,12.89,57.184,-0.1285933942176172,0.19777135436303467
South Africa,ZAF,1994,44004087,261851807744,1038.618,2.983,97.2,0.279,24300.219,44.051,4.297,181.69,1041.6009999999999,1.6328503218806059,0.0028720857909260195
South Korea,KOR,1994,45130788,791073849344,1458.525,6.525,89.592,0.401,36159.227,121.926,8.075,183.366,1465.0500000000002,0.5416097319549118,0.004473697742582403
Spain,ESP,1994,39858677,820138278912,931.825,80.789,79.899,6.927,29471.416,53.19,4.743,160.19,1012.614,0.5223045995020374,0.08669975585544495
Sri Lanka,LKA,1994,17275722,82083782656,25.718,11.359,69.365,30.635,2188.59,2.909,8.334,4.387,37.077,1.4674427637413332,0.44167509137569017
Sweden,SWE,1994,8780150,241524293632,260.109,171.335,40.984,26.997,74005.484,2.623,0.405,142.7,431.44399999999996,0.713019940722568,0.6587046199862366
Switzerland,CHE,1994,6993543,250752172032,177.018,110.268,49.936,31.106,51901.527,17.502,5.066,66.134,287.286,0.79971946040232,0.6229197030810426
Taiwan,TWN,1994,21357095,425304522752,621.729,14.863,84.767,2.026,34483.254,42.549,6.132,124.635,636.5920000000001,0.8617104118603058,0.023905913991465733
Thailand,THA,1994,58260809,545365098496,531.654,12.391,97.722,2.278,9351.686,60.077,12.393,71.102,544.045,1.4852489162907256,0.023306511377700536
Trinidad and Tobago,TTO,1994,1288301,17136542720,81.941,0.1,99.878,0.122,63683.312,4.626,5.975,4.069,82.041,0.6157369044615933,0.0012203902808118037
Turkey,TUR,1994,60033776,562010849280,543.672,85.367,86.429,13.571,10569.066,-20.727,-3.163,78.33,629.039,1.753678669212716,0.15701930575788342
Turkmenistan,TKM,1994,4116616,15091315712,135.583,0.011,99.992,0.008,32938.41,8.296,6.517,10.52,135.594,2.0893440724378687,8.113111525781255e-5
Ukraine,UKR,1994,52075944,288418660352,1664.662,33.661,88.098,1.781,36405.516,-322.427,-14.535,204.18,1698.323,-0.5236553802269406,0.02022092172465041
United Arab Emirates,ARE,1994,2328151,64654417920,464.674,0,100,0,199589.344,41.204,9.73,23.736,464.674,4.774726446792022,0
United Kingdom,GBR,1994,58003148,1585373249536,2272.325,19.915,89.551,0.785,43856.637,-30.902,-1.2,326.56,2292.24,0.24568538334081794,0.008764151254772095
United States,USA,1994,265474761,10211205054464,20897.715,967.664,88.035,4.076,89741.602,427.744,1.828,3458.526,21865.379,1.0819554194420982,0.04630477542640427
Upper-middle-income countries,NA,1994,2251649519,NA,21092.291,1930.07,90.457,8.277,10409.389,702.871,3.092,2419.319,23022.361,1.18103618361707,0.09150594404372668
Uzbekistan,UZB,1994,22463238,107242119168,479.447,19.878,96.019,3.981,22285.635,-5.52,-1.091,47.8,499.325,2.161765162684168,0.04146026568108675
Venezuela,VEN,1994,21725143,297728606208,554.682,142.456,79.566,20.434,32512.023,55.671,8.556,71.221,697.138,2.214456327120241,0.25682463104986275
Vietnam,VNM,1994,70854342,146640896000,82.114,25.675,76.18,23.82,1544.652,11.473,11.71,12.288,107.789,1.8221820278781102,0.312675061499866
Algeria,DZA,1995,28470152,145054662656,312.574,0.536,99.829,0.171,10999.059,11.224,3.717,19.715,313.11,2.090293882572118,0.0017147939367957669
Argentina,ARG,1995,35069968,461601013760,531.851,73.993,85.032,11.83,17982.666,19.475,3.187,67.169,605.844,1.3189327613782391,0.1391235515210087
Australia,AUS,1995,18095295,549038784512,1105.36,46.077,95.998,4.002,63790.004,28.747,2.554,175.225,1151.437,1.1057870567481691,0.0416850618802924
Austria,AUT,1995,7950275,236824461312,252.12,108.774,69.86,30.14,46245.125,18.253,5.224,55.05,360.894,0.15337423312883436,0.4314374107567825
Azerbaijan,AZE,1995,7719236,23188275200,156.047,4.322,97.305,2.695,20811.385,-10.217,-5.979,17.044,160.369,1.450837998518566,0.027696783661332804
Bangladesh,BGD,1995,122600315,145833066496,106.009,1.033,99.035,0.965,873.641,16.419,18.104,10.806,107.042,1.8756217689629202,0.009744455659425142
Belarus,BLR,1995,10197421,71373340672,250.647,0.056,99.978,0.022,24585.246,-31.498,-11.161,24.918,250.703,-0.3198099575978349,2.2342178442191608e-4
Belgium,BEL,1995,10137211,297763635200,552.721,1.967,82.549,0.294,66302.25,8.212,1.237,73.52,554.688,0.2101730435599227,0.003558757492478122
Brazil,BRA,1995,161735036,1468835168256,1050.228,809.776,56.252,43.373,11828.177,106.127,5.873,275.601,1860.004,1.550921162433706,0.771047810570657
Bulgaria,BGR,1995,8357522,70965739520,217.253,6.039,80.096,2.226,32624.445,19.12,7.541,41.65,223.29199999999997,-0.7051195153163212,0.027797084505162186
Canada,CAN,1995,29459088,921360072704,2095.4,950.424,63.196,28.664,114799.445,80.731,2.446,557.869,3045.824,1.0696075516498493,0.4535764054595781
Chile,CHL,1995,14527329,196694147072,171.788,57.021,75.079,24.921,15986.115,16.754,7.775,28.027,228.80900000000003,1.4746849899519496,0.3319265606445153
China,CHN,1995,1220133877,4810000039936,9741.276,540.539,94.415,5.239,8484.854,303.846,3.024,1007.03,10281.815,0.9206616980169419,0.05548954777587659
Colombia,COL,1995,35804622,316101722112,227.61,90.35,71.584,28.416,9041.425,7.335,2.318,47.483,317.96000000000004,1.9280097968071217,0.39695092482755584
Croatia,HRV,1995,4619314,45617098752,71.017,15.814,81.788,18.212,19017.898,2.986,3.519,9.24,86.83099999999999,-1.2010137169185453,0.22267907684075644
Cyprus,CYP,1995,862642,14530338816,25.231,0,100,0,29248.139,1.498,6.313,2.5,25.231,2.134949858514581,0
Czechia,CZE,1995,10311979,149541601280,444.114,7.011,91.552,1.445,47150.402,19.699,4.223,60.58,451.125,-0.09985191264803164,0.01578648725327281
Denmark,DNK,1995,5233317,174484963328,237.984,5.376,97.791,2.209,46551.676,-4.436,-1.788,36.58,243.36,0.5218637656862617,0.022589753933037516
Ecuador,ECU,1995,11590473,78692032512,79.559,14.335,84.733,15.267,8180.702,-5.505,-5.487,8.429,93.894,1.9199026673873754,0.1801807463643334
Egypt,EGY,1995,65652570,305979228160,404.726,31.089,92.866,7.134,6668.75,24.593,5.951,50.652,435.815,2.126487344449093,0.07681493158334281
Estonia,EST,1995,1452730,18632898560,62.146,0.019,99.97,0.03,42792.094,-6.374,-9.299,8.69,62.165,-1.5544813911520807,3.0573166414572133e-4
Finland,FIN,1995,5107865,131585998848,218.866,56.586,66.559,17.208,65142.602,-16.292,-4.668,64,275.452,0.38235920107837246,0.25854175614302816
France,FRA,1995,58192155,1748659601408,1608.394,212.143,56.073,7.396,49907.035,79.438,2.812,489.41,1820.537,0.3316234772752892,0.13189740822211474
Germany,DEU,1995,82019850,2347761139712,3462.443,70.821,87.406,1.788,48461.379,20.623,0.522,530.72,3533.264,0.3011816912025712,0.02045405512812774
Greece,GRC,1995,10519187,178710446080,306.255,9.9,96.869,3.131,30115.828,11.151,3.648,40.94,316.155,0.5060661340898496,0.032326002840769946
High-income countries,NA,1995,1224539566,NA,58344.055,4484.587,84.626,6.505,56623.82,1181.242,1.733,9763.969,62828.642,0.5450165193942565,0.07686450658940316
Hong Kong,HKG,1995,6177052,196081467392,180.681,0,100,0,29250.301,12.588,7.489,27.916,180.681,2.2315484531588323,0
Hungary,HUN,1995,10322744,104751816704,246.341,0.628,86.154,0.22,27783.363,3.216,1.134,34.02,246.969,-0.16576588286677105,0.002549311726428
Iceland,ISL,1995,267474,7280955392,9.134,13.893,39.667,60.333,88913.688,0.742,3.221,4.976,23.027,0.546575445455229,1.5210203634771184
India,IND,1995,960300991,2189535739904,2713.743,214.035,92.025,7.258,3085.614,205.997,7.471,427.149,2927.778,2.0333629159654483,0.07887077000290742
Indonesia,IDN,1995,199888001,1072204283904,839.482,29.951,96.555,3.445,4353.858,70.637,8.834,54.121,869.433,1.6766835402613656,0.035677953785786955
Iran,IRN,1995,62205523,437566111744,1033.333,23.119,97.812,2.188,17007.24,49.199,4.877,84.353,1056.452,1.1133969776443011,0.022373233023623554
Iraq,IRQ,1995,20825809,39049965568,335.637,19.777,94.436,5.564,17127.283,-1.346,-0.376,26.498,355.414,3.4063894473472143,0.05892377777181896
Ireland,IRL,1995,3610640,87444504576,131.465,2.025,98.483,1.517,37007.496,2.685,2.051,17.57,133.49,0.5717367192239577,0.015403339291826721
Israel,ISR,1995,5354680,125219741696,195.134,0.069,99.964,0.036,36455.652,21.639,12.467,30.437,195.20299999999997,2.646128035262538,3.5360316500456104e-4
Italy,ITA,1995,57403300,1630199218176,2045.246,116.429,94.614,5.386,37758.746,103.294,5.004,237.37,2161.675,-0.029244118940108976,0.056926648432511294
Japan,JPN,1995,125672604,3997430972416,4820.216,263.654,81.966,4.483,47042.117,193.508,3.384,1010.88,5083.870000000001,0.3079222588285385,0.054697548823538195
Kazakhstan,KAZ,1995,16730491,122950926336,573.856,23.142,96.088,3.875,35785.918,-67.705,-10.16,66.739,596.998,-1.8378489824615258,0.04032719009647019
Kuwait,KWT,1995,1681473,46090592256,150.55,0,100,0,89534.445,33.615,28.747,23.724,150.55,1.0304490174082794,0
Latvia,LVA,1995,2485908,21602326528,36.163,8.158,81.593,18.407,18040.625,-3.066,-6.399,3.99,44.321,-1.3992229844299406,0.2255896911207588
Lithuania,LTU,1995,3626997,29216540672,64.721,1.036,65.643,1.051,27397.102,10.268,11.524,13.52,65.757,-0.7617845820294683,0.016007169234097125
Lower-middle-income countries,NA,1995,1916256547,NA,4501.589,406.645,91.295,8.247,2585.499,325.447,7.031,664.904,4908.234,2.2040537568562546,0.0903336577373012
Luxembourg,LUX,1995,408185,16769948672,33.612,0.305,99.1,0.9,83135.344,-5.076,-13.011,0.49,33.917,1.4013374935410787,0.009074140188028084
Malaysia,MYS,1995,20330550,233787211776,380.443,17.272,95.657,4.343,19617.23,34.296,9.408,46.575,397.715,2.573863292365442,0.045399705080655973
Mexico,MEX,1995,90862395,916478885888,1315.271,96.741,91.627,6.739,15840.847,-25.307,-1.728,150.356,1412.012,1.796167655683841,0.07355214248622527
Morocco,MAR,1995,26399383,112285409280,100.645,1.697,98.342,1.658,3880.842,-2.003,-1.917,12.092,102.342,1.5330385652646357,0.016861244969943862
Netherlands,NLD,1995,15564977,474451017728,959.114,4.306,98.413,0.442,62638.18,38.153,4.073,79.78,963.4200000000001,0.5138710638574318,0.004489560156561159
New Zealand,NZL,1995,3674389,88724283392,124.589,85.94,59.179,40.821,58487.457,7.768,3.75,36.41,210.529,1.4748192895526246,0.6897880230196888
North Macedonia,MKD,1995,1998489,13754791936,26.283,2.225,92.195,7.805,14336.398,0.209,0.736,6.13,28.508000000000003,0.29483883983551257,0.08465548072898832
Norway,NOR,1995,4358940,174592163840,149.057,338.514,30.571,69.429,116856.852,33.995,7.151,122.25,487.571,0.5194151114653206,2.2710372542047677
Oman,OMN,1995,2120489,32313284608,63.868,0,100,0,30119.312,9.338,17.125,6.5,63.868,1.8587333809204944,0
Pakistan,PAK,1995,134582195,376967626752,341.938,63.185,84.103,15.541,3051.515,21.298,5.47,63.75,405.123,2.9324878903524545,0.1847849610163246
Peru,PER,1995,24348871,111333597184,94.612,36.382,72.227,27.773,5475.486,10.511,8.558,16.88,130.994,1.9572726040123365,0.38453895911723673
Philippines,PHL,1995,70546206,263742275584,222.625,36.483,85.92,14.08,3663.714,32.167,14.215,33.554,259.108,2.212372859551647,0.1638764738910724
Poland,POL,1995,38364630,360934047744,1102.926,5.454,99.508,0.492,28899.602,25.542,2.358,137.05,1108.3799999999999,0.053129206464237744,0.0049450280435858794
Portugal,PRT,1995,10031702,191728091136,216.821,26.438,89.132,10.868,24403.781,14.887,6.475,32.91,243.259,0.33272207100411216,0.12193468344855894
Qatar,QAT,1995,514279,10472257536,156.148,0,100,0,303625.031,-0.52,-0.332,6.013,156.148,2.9752512914981377,0
Romania,ROU,1995,22657664,136457740288,505.442,46.369,91.597,8.403,24486.314,49.952,9.894,59.05,551.811,-0.43300289296995514,0.09173950720359605
Russia,RUS,1995,148291356,1274033471488,6898.247,489.782,90.002,6.39,51938.52,-436.391,-5.362,860.027,7388.029,0.06118595489826301,0.07100093690469476
Saudi Arabia,SAU,1995,13289193,354296201216,1130.006,0,100,0,85031.938,-29.575,-2.55,109.928,1130.006,4.229070978660605,0
Singapore,SGP,1995,3533576,109097197568,388.159,0.766,99.803,0.197,110070.039,15.857,4.25,22.057,388.925,3.3885009648118,0.001973418109589112
Slovakia,SVK,1995,5354244,63261331456,162.867,13.556,78.229,6.511,39174.395,2.906,1.405,26.43,176.423,0.2072552436100667,0.0832335586705717
Slovenia,SVN,1995,1988051,35684024320,51.174,9.033,69.641,12.293,37398.5,3.479,4.909,12.9,60.207,-0.00804743560919842,0.17651541798569587
South Africa,ZAF,1995,44541512,277583790080,1083.885,1.469,97.057,0.132,25089.322,48.207,4.508,186.655,1085.354,1.221307011778247,0.0013553098345304162
South Korea,KOR,1995,45368368,860793733120,1581.248,8.453,89.04,0.476,39243.383,148.514,9.101,203.546,1589.701,0.5264255523302629,0.005345777512445865
Spain,ESP,1995,40052688,855020273664,989.643,68.151,81.665,5.624,30445.145,44.718,3.807,165.07,1057.794,0.48674721441456775,0.06886422679693587
Sri Lanka,LKA,1995,17564019,86882844672,27.39,12.539,68.597,31.403,2319.414,2.929,7.746,4.8,39.929,1.6687985601991049,0.4577948156261409
Sweden,SWE,1995,8826250,251741126656,259.021,196.806,39.844,30.274,75530.32,16.87,2.596,148.28,455.827,0.525047977540247,0.7598071198860324
Switzerland,CHE,1995,7040436,257142571008,167.994,99.509,49.972,29.6,48859.945,-18.98,-5.229,62.863,267.503,0.6705185054270775,0.5923366310701572
Taiwan,TWN,1995,21534451,451738435584,666.776,14.642,85.537,1.878,36338.078,46.058,6.254,133.117,681.418,0.8304312922707887,0.021959398658619986
Thailand,THA,1995,59098195,584005910528,595.115,18.76,96.944,3.056,10407.515,70.229,12.89,79.737,613.875,1.4373058225126947,0.031523319022373826
Trinidad and Tobago,TTO,1995,1295122,18276116480,88.867,0.103,99.884,0.116,68697.75,6.929,8.445,4.307,88.97,0.5294570135395378,0.0011590354124703208
Turkey,TUR,1995,61024457,610881306624,604.059,99.688,85.835,14.165,11636.428,75.606,11.916,86.24,703.747,1.650206044010958,0.16503023711259995
Turkmenistan,TKM,1995,4191159,14166396928,104.258,0.011,99.989,0.011,24878.523,-31.325,-23.102,9.905,104.26899999999999,1.8107834201684103,1.0550749103186326e-4
Ukraine,UKR,1995,51665488,257477951488,1620.214,27.647,87.876,1.5,35802.527,-46.097,-2.431,195.46,1647.8609999999999,-0.788187344237101,0.017063795276426447
United Arab Emirates,ARE,1995,2434622,75243839488,484.871,0,100,0,199156.578,20.197,4.346,24.982,484.871,4.573199934196708,0
United Kingdom,GBR,1995,58154574,1623858085888,2279.953,19.141,89.543,0.752,43892.426,8.722,0.343,337.42,2299.094,0.261065140809254,0.008395348500605056
United States,USA,1995,268205740,10488856444928,21172.914,1103.453,87.328,4.551,90763.969,519.287,2.18,3567.331,22276.367000000002,1.0287151176680032,0.05211625570292308
Upper-middle-income countries,NA,1995,2277398997,NA,21531.498,2073.009,90.023,8.667,10559.092,608.971,2.598,2549.052,23604.506999999998,1.1435828614852914,0.096277973785196
Uzbekistan,UZB,1995,22917532,104615641088,488.651,17.189,96.602,3.398,22120.549,6.341,1.267,47.453,505.84000000000003,2.02238875802322,0.03517643471516481
Venezuela,VEN,1995,22193779,310657286144,575.26,142.917,80.1,19.9,32774.824,21.069,2.983,73.446,718.177,2.157113534304469,0.24843896672808818
Vietnam,VNM,1995,72049901,160152272896,95.862,29.394,76.533,23.467,1764.787,17.707,16.179,14.648,125.256,1.6873475446289514,0.3066282781498404
Algeria,DZA,1996,29032996,156579119104,309.526,0.375,99.879,0.121,10674.914,-3.22,-1.028,20.654,309.901,1.9769616965866568,0.0012115298876346414
Argentina,ARG,1996,35513745,489406464000,570.751,63.145,87.189,9.646,18559.137,28.453,4.512,69.76,633.896,1.265404633388887,0.11063493537462046
Australia,AUS,1996,18305265,574765662208,1137.8,47.405,96,4,64906.836,33.838,2.931,180.127,1185.205,1.1603568772987674,0.04166373703638601
Austria,AUT,1996,7960868,243480739840,269.428,100.028,72.926,27.074,47192.902,8.035,2.185,53.45,369.456,0.1332406740647336,0.3712605965230043
Azerbaijan,AZE,1996,7830936,24026380288,127.196,4.269,96.752,3.248,16823.111,-28.907,-17.994,17.085,131.465,1.4470343956318992,0.033562376175351426
Bangladesh,BGD,1996,124862131,155028881408,110.017,2.053,98.168,1.832,898.611,5.094,4.756,11.474,112.07,1.8448696481734164,0.01866075242917004
Belarus,BLR,1996,10163972,72504131584,257.091,0.044,99.983,0.017,25298.986,6.432,2.566,23.728,257.135,-0.32801430871589987,1.7114562547891602e-4
Belgium,BEL,1996,10156921,302924431360,589.182,1.667,82.84,0.234,70285.227,41.762,6.213,75.14,590.849,0.19443217666081922,0.002829346449823654
Brazil,BRA,1996,164202497,1520364945408,1126.514,849.153,56.826,42.834,12366.629,117.601,6.147,291.246,1975.667,1.525619346942242,0.75378823521057
Bulgaria,BGR,1996,8291353,65116237824,212.059,8.022,78.451,2.968,32793.961,-0.753,-0.276,42.68,220.081,-0.7917298931429675,0.03782909473306957
Canada,CAN,1996,29767159,938872537088,2139.88,1008.693,62.855,29.629,116707.008,92.149,2.725,571.622,3148.5730000000003,1.0457587824850518,0.47137830158700483
Chile,CHL,1996,14734005,209865801728,190.402,52.302,78.45,21.55,16685.551,13.609,5.86,30.791,242.70399999999998,1.4226703339615974,0.2746924927259168
China,CHN,1996,1230944759,5127589593088,10305.78,527.215,94.785,4.849,8861.04,554.792,5.359,1081.31,10832.995,0.8860406389650635,0.05115721468923264
Colombia,COL,1996,36462687,322403827712,230.67,99.571,69.849,30.151,9231.324,12.874,3.977,48.371,330.241,1.8379331026033456,0.4316599471105909
Croatia,HRV,1996,4562239,48751845376,70.962,21.869,76.442,23.558,20656.752,6.391,7.275,11.14,92.831,-1.2355730742703355,0.30817902539387276
Cyprus,CYP,1996,880238,14861081600,25.605,0,100,0,29088.518,0.374,1.483,2.61,25.605,2.039780117360388,0
Czechia,CZE,1996,10296088,157900111872,459.45,6.637,91.564,1.323,48845.926,16.708,3.436,63.83,466.087,-0.15410233089109276,0.014445532702143868
Denmark,DNK,1996,5263020,180654112768,283.547,6.063,97.907,2.093,55080.336,46.269,18.992,53.38,289.61,0.5675750198201255,0.02138269845916197
Ecuador,ECU,1996,11810910,80612098048,89.156,17.621,83.498,16.502,9136.766,13.095,13.811,9.679,106.777,1.9018809672392147,0.19764233478397414
Egypt,EGY,1996,67027996,328668872704,427.319,31.9,93.053,6.947,6881.853,23.456,5.357,53.57,459.219,2.0950070956856677,0.07465148987056508
Estonia,EST,1996,1434604,19286857728,65.996,0.016,99.976,0.024,46014.262,3.847,6.188,9.09,66.012,-1.2477198102882159,2.4243893569307233e-4
Finland,FIN,1996,5124663,136506130432,238.311,51.381,69.318,14.945,67805.195,14.739,4.43,69.31,289.692,0.32886538700611706,0.21560481891310093
France,FRA,1996,58380593,1773843120128,1679.229,193.661,56.414,6.506,51598.453,108.15,3.724,507.79,1872.89,0.3238202812733091,0.11532733176952041
Germany,DEU,1996,82263144,2391519789056,3578.19,65.195,87.437,1.593,49911.121,131.051,3.297,548.23,3643.385,0.29662819427248405,0.018220105695896528
Greece,GRC,1996,10570036,185480691712,311.831,12.183,96.24,3.76,30728.43,8.007,2.527,42.17,324.014,0.48339287057070096,0.03906923942776696
High-income countries,NA,1996,1230509497,NA,59794.562,4500.347,84.688,6.374,57704.027,1667.242,2.405,10003.072,64294.909,0.4875245492884302,0.07526348299030938
Hong Kong,HKG,1996,6302426,207053029376,180.591,0,100,0,28654.207,-0.09,-0.05,28.44,180.591,2.029673701953618,0
Hungary,HUN,1996,10302188,106886864896,251.241,0.731,86.23,0.251,28367.631,5.448,1.9,35.09,251.972,-0.1991330987187128,0.0029095569592542617
Iceland,ISL,1996,268918,7601917440,10.112,14.301,41.421,58.579,93589.727,1.386,5.827,5.112,24.413,0.5398655570261035,1.4142602848101267
India,IND,1996,979678413,2345228828672,2848.561,196.646,92.831,6.408,3145.554,118.513,4,443.205,3045.2070000000003,2.0178487975755925,0.06903345232908825
Indonesia,IDN,1996,203204307,1161281404928,900.404,31.834,96.585,3.415,4592.159,62.862,7.223,58.868,932.2379999999999,1.6590820776680837,0.035355240536470295
Iran,IRN,1996,62881242,483475488768,1124.82,24.483,97.87,2.13,18302.49,92.939,8.785,89.74,1149.3029999999999,1.086268497413003,0.021766149250546755
Iraq,IRQ,1996,21501270,47130677248,337.902,18.026,94.935,5.065,16607.912,0.402,0.113,25.981,355.928,3.243384206587124,0.053346828370355905
Ireland,IRL,1996,3638460,96380321792,138.774,2.129,98.489,1.511,38762.738,7.416,5.55,18.87,140.903,0.7705005206833138,0.015341490480925821
Israel,ISR,1996,5499504,131748257792,202.226,0.067,99.967,0.033,36784.566,7.089,3.631,32.569,202.293,2.7046247394802303,3.313124919644358e-4
Italy,ITA,1996,57162044,1662793023488,2040.029,129.831,94.017,5.983,38073.258,8.869,0.409,239.39,2169.86,-0.42028245762874256,0.06364174234778035
Japan,JPN,1996,125975260,4118875209728,4912.344,262.175,81.898,4.371,47861.891,117.509,1.988,1029.857,5174.519,0.24082893993347984,0.05337065156674695
Kazakhstan,KAZ,1996,16415996,124225921024,499.274,20.364,96.036,3.917,31749.65,-77.514,-12.947,58.747,519.638,-1.8797714902688751,0.0407872230478655
Kuwait,KWT,1996,1730197,51809718272,149.02,0,100,0,86128.984,-1.53,-1.016,25.475,149.02,2.897697435522307,0
Latvia,LVA,1996,2457860,21944518656,36.241,5.169,87.517,12.483,16984.014,-3.103,-6.919,3.12,41.41,-1.1282798880730904,0.1426285146657101
Lithuania,LTU,1996,3599662,30721763328,67.776,0.906,63.101,0.843,30086.438,8.932,8.989,16.24,68.682,-0.7536537802485086,0.013367563739376772
Lower-middle-income countries,NA,1996,1957846942,NA,4734.456,405.377,91.681,7.85,2649.571,232.976,4.702,691.95,5139.8330000000005,2.170398064137703,0.0856227199069967
Luxembourg,LUX,1996,413725,16910299136,34.673,0.215,99.384,0.616,84353.812,0.965,2.843,0.45,34.888000000000005,1.357227727623504,0.00620079024024457
Malaysia,MYS,1996,20850037,259190308864,429.881,14.4,96.759,3.241,21352.938,46.38,11.629,53.409,444.28099999999995,2.5552038680704654,0.033497642370795645
Mexico,MEX,1996,92452649,971219730432,1344.127,106.405,91.287,7.227,15974.529,37.55,2.609,156.591,1450.532,1.7501783878798263,0.07916290648130721
Morocco,MAR,1996,26808063,126007525376,101.327,5.436,94.908,5.092,3995.573,4.662,4.55,12.538,106.763,1.5480664832204603,0.053648089847720744
Netherlands,NLD,1996,15639984,494206812160,999.571,5.554,98.317,0.546,65032.719,42.149,4.323,84.07,1005.125,0.4818959899523141,0.00555638368860241
New Zealand,NZL,1996,3729337,92246843392,131.88,81.977,61.667,38.333,58452.16,3.082,1.434,36.804,213.857,1.495432301805824,0.6216029723991507
North Macedonia,MKD,1996,2012505,13985283072,30.767,2.361,92.873,7.127,16536.764,4.629,16.157,6.64,33.128,0.7013298547052298,0.07673806350960445
Norway,NOR,1996,4381089,189011165184,159.104,289.477,35.468,64.532,106643.992,-42.155,-8.276,104.69,448.581,0.5081281228922628,1.8194200020112627
Oman,OMN,1996,2156879,35842068480,65.517,0,100,0,30375.881,1.649,2.583,6.802,65.517,1.7161135945529544,0
Pakistan,PAK,1996,138557040,391435157504,363.173,68.881,83.881,15.909,3157.014,26.747,6.513,67.565,432.054,2.9534701822926874,0.1896644298997998
Peru,PER,1996,24811120,114659598336,97.601,37.439,72.276,27.724,5539.354,4.116,3.087,17.28,135.04,1.8984412049330748,0.3835923812256022
Philippines,PHL,1996,72190194,281422823424,237.712,39.947,85.613,14.387,3837.644,18.579,7.188,36.707,277.659,2.3303705375736294,0.1680478898835566
Poland,POL,1996,38359111,386314600448,1157.815,5.78,99.503,0.497,30343.504,55.227,4.981,141.19,1163.595,-0.014385646362287348,0.004992161960244081
Portugal,PRT,1996,10067607,199215841280,205.447,44.214,82.29,17.71,25066.611,7.549,3.084,34.2,249.661,0.35791533679927895,0.21520878864135276
Qatar,QAT,1996,528984,12098817024,115.159,0,100,0,217698.688,-40.989,-26.25,6.615,115.159,2.8593428858654546,0
Romania,ROU,1996,22541865,146513854464,500.881,43.764,91.319,7.979,24461.221,-3.401,-0.613,61.03,544.645,-0.5110809304966302,0.08737404692931057
Russia,RUS,1996,148084532,1256336523264,6647.377,428.814,90.085,5.811,50060.609,-288.831,-3.75,847.183,7076.191000000001,-0.1394713795725221,0.06450875285093655
Saudi Arabia,SAU,1996,13830949,381675241472,1168.553,0,100,0,84488.258,38.547,3.411,112.167,1168.553,4.076665904393141,0
Singapore,SGP,1996,3664512,120135524352,391.695,0.766,99.805,0.195,107102.156,3.536,0.909,23.909,392.461,3.7054813593934304,0.0019556032116825593
Slovakia,SVK,1996,5362376,67378061312,166.784,11.742,79.507,5.597,39385.977,1.453,0.693,25.46,178.52599999999998,0.1518795183783182,0.07040243668457406
Slovenia,SVN,1996,1986738,36825997312,54.229,10.189,70.345,13.217,39270.461,3.67,4.936,13.05,64.418,-0.06604458336330406,0.18788839919600214
South Africa,ZAF,1996,45122972,296908029952,1102.259,3.851,96.79,0.338,25259.035,22.246,1.991,200.092,1106.1100000000001,1.3054339062400935,0.003493734231246921
South Korea,KOR,1996,45638655,919812636672,1747.291,8.002,89.118,0.408,43066.922,185.108,10.397,225.846,1755.293,0.5957609054837503,0.004579660743402216
Spain,ESP,1996,40237332,885027504128,984.468,114.99,78.386,9.156,31477.441,47.158,3.867,173.21,1099.4579999999999,0.46100276715510324,0.11680420287911847
Sri Lanka,LKA,1996,17904972,96972234752,33.239,9.033,78.631,21.369,2393.461,2.117,5.196,4.528,42.272,1.9412014983586616,0.2717590781912813
Sweden,SWE,1996,8840281,256498925568,279.286,150.744,43.889,23.689,73552.383,-16.426,-2.464,140.61,430.03,0.15896898456309305,0.5397477854242604
Switzerland,CHE,1996,7071835,263448608768,174.455,81.796,53.579,25.121,46987.945,-11.704,-3.402,57.328,256.25100000000003,0.44598090231911774,0.4688658966495658
Taiwan,TWN,1996,21709218,477921935360,691.981,14.644,85.262,1.804,37529.184,32.209,4.116,141.962,706.625,0.8115693313936818,0.02116243076038215
Thailand,THA,1996,59920009,611290644480,673.966,20.689,97.022,2.978,11614.834,80.896,13.152,86.992,694.655,1.390590694013582,0.030697394230569493
Trinidad and Tobago,TTO,1996,1300883,19382659072,100.747,0.053,99.947,0.053,77486.797,11.829,13.296,4.541,100.8,0.4448229587637304,5.26070255193703e-4
Turkey,TUR,1996,61951087,662700425216,654.156,113.241,85.244,14.756,12504.021,64.531,9.088,94.85,767.3969999999999,1.5184567721757853,0.1731100838332141
Turkmenistan,TKM,1996,4263771,13366624256,158.028,0.014,99.991,0.009,37066.414,53.773,51.571,10.13,158.042,1.7325040639116769,8.85918951071962e-5
Ukraine,UKR,1996,51226062,235602722816,1472.747,23.978,85.736,1.396,33656.156,-125.683,-6.795,184.22,1496.7250000000001,-0.8505213383448541,0.016281139937816883
United Arab Emirates,ARE,1996,2597523,87750959104,499.688,0,100,0,192370.938,14.817,3.056,26.572,499.688,6.691018153947511,0
United Kingdom,GBR,1996,58298512,1663446679552,2390.419,16.428,89.535,0.615,45906.746,123.75,4.848,350.87,2406.8469999999998,0.24750933606701342,0.006872435334558503
United States,USA,1996,270860655,10886951469056,21887.312,1200.768,87.336,4.791,92908.93,821.955,3.376,3663.386,23088.08,0.9898800077880511,0.054861373566566785
Upper-middle-income countries,NA,1996,2302888764,NA,22392.252,2128.055,90.061,8.559,10854.618,949.713,3.949,2679.739,24520.307,1.119249065867574,0.09503532739806607
Uzbekistan,UZB,1996,23351929,104748212224,502.842,18.125,96.521,3.479,22359.445,15.188,2.996,45.419,520.967,1.8954789721685565,0.03604511954053162
Venezuela,VEN,1996,22662059,311633018880,549.638,149.575,78.608,21.392,31279.711,-18.535,-2.548,75.588,699.213,2.109960633563126,0.27213365888093616
Vietnam,VNM,1996,73156404,174450835456,110.265,33.356,76.775,23.225,1992.618,18.62,14.644,16.944,143.621,1.5357453440498134,0.3025075953385027
Algeria,DZA,1997,29579249,164644454400,297.638,0.208,99.93,0.07,10069.89,-12.065,-3.893,21.497,297.846,1.8814902878090844,6.988354981554775e-4
Argentina,ARG,1997,35947739,531526385664,563.205,78.168,84.886,11.781,18609.838,9.877,1.499,72.462,641.373,1.2220451546295668,0.1387913814685594
Australia,AUS,1997,18504864,601472761856,1166.821,47.534,96.086,3.914,65782.062,29.151,2.454,188.98,1214.355,1.0903912071199187,0.04073803951077329
Austria,AUT,1997,7969749,249847316480,268.277,105.702,71.736,28.264,47751.637,4.872,1.297,55.59,373.979,0.11155818687107989,0.39400321309691105
Azerbaijan,AZE,1997,7936177,26436933632,121.092,4.756,96.221,3.779,15896.148,-5.586,-4.24,16.836,125.848,1.3439134223546203,0.03927592243913719
Bangladesh,BGD,1997,127198029,165329616896,115.765,1.997,98.304,1.696,926.829,5.688,5.07,11.858,117.762,1.8707817825085813,0.017250464302682157
Belarus,BLR,1997,10122315,79868076032,260.039,0.058,99.978,0.022,25695.809,2.963,1.152,26.057,260.097,-0.40984961391078206,2.2304346655693957e-4
Belgium,BEL,1997,10181406,314576109568,584.938,1.729,81.427,0.241,70841.094,7.38,1.034,77.88,586.667,0.2410671501727738,0.0029558688271235584
Brazil,BRA,1997,166661609,1591956078592,1205.245,884.476,57.433,42.148,12895.617,118.573,5.839,307.981,2089.721,1.497609381664884,0.7338557720629416
Bulgaria,BGR,1997,8217060,64936505344,198.721,7.567,77.748,2.96,31294.002,-14.762,-5.429,42.58,206.288,-0.8960298759442518,0.03807851208478218
Canada,CAN,1997,30059030,981728100352,2201.377,994.272,64.306,29.044,116146.305,17.209,0.495,572.341,3195.649,0.9805134578009276,0.4516591206322225
Chile,CHL,1997,14932385,222279417856,219.48,58.067,79.079,20.921,18822.092,35.214,14.324,33.292,277.54699999999997,1.346409207815526,0.2645662474940769
China,CHN,1997,1241139564,5291339415552,10351.442,553.476,94.577,5.057,8847.622,73.684,0.676,1135.55,10904.918,0.828209789713236,0.05346849260228672
Colombia,COL,1997,37121106,333997146112,247.554,88.942,73.568,26.432,9217.662,5.571,1.655,49.906,336.496,1.8057336257199037,0.35928322709388655
Croatia,HRV,1997,4504575,52770091008,76.047,16.263,82.383,17.617,20725.305,-0.882,-0.936,10.21,92.31,-1.2639407974900045,0.2138545899246519
Cyprus,CYP,1997,897532,15384666112,25.852,0,100,0,28803.01,0.247,0.964,2.73,25.852,1.9646959117874938,0
Czechia,CZE,1997,10279996,158827905024,439.893,6.638,91.409,1.379,46918.297,-20.602,-4.096,64.21,446.53099999999995,-0.15629237046148015,0.015090033258087762
Denmark,DNK,1997,5284984,187647328256,254.106,8.476,96.772,3.228,49763.246,-26.891,-9.276,44.14,262.582,0.4173269339656699,0.03335615845355876
Ecuador,ECU,1997,12031076,84682915840,100.9,18.15,84.754,15.246,9992.559,12.308,11.405,10.362,119.05000000000001,1.864090065879767,0.17988107036669967
Egypt,EGY,1997,68431693,354503262208,445.694,32.697,93.165,6.835,7021.606,19.224,4.167,56.784,478.391,2.0941950882732643,0.07336199275736267
Estonia,EST,1997,1421448,21171918848,65.002,0.025,99.962,0.038,45747.391,-0.985,-1.492,9.22,65.027,-0.91704749185141,3.8460355065997976e-4
Finland,FIN,1997,5139877,145148149760,231.651,58.716,66.489,16.853,68558.219,4.902,1.411,69.11,290.367,0.29687805812791984,0.2534675006799021
France,FRA,1997,58568614,1816394858496,1642.952,188.929,56.065,6.447,50635.984,-46.669,-1.549,499.31,1831.881,0.322060791674384,0.1149936212378694
Germany,DEU,1997,82389580,2461046145024,3496.779,69.016,86.577,1.709,49195.383,-52.659,-1.283,546.37,3565.795,0.15369701892259308,0.019737020841179842
Greece,GRC,1997,10622280,195536961536,322.458,10.883,96.735,3.265,31447.463,9.243,2.846,42.81,333.341,0.49426510940927726,0.0337501318001104
High-income countries,NA,1997,1236579481,NA,59920.984,4641.528,84.621,6.555,57591.562,211.195,0.297,10155.719,64562.511999999995,0.49329030087120085,0.07746081072366903
Hong Kong,HKG,1997,6416626,216031297536,182.693,0,100,0,28471.832,2.102,1.164,28.943,182.693,1.8120006486391111,0
Hungary,HUN,1997,10278552,112676528128,244.755,0.766,86.084,0.269,27746.826,-7.051,-2.413,35.4,245.521,-0.2294269916254683,0.0031296602725174156
Iceland,ISL,1997,271147,8108418048,9.964,15.614,38.957,61.043,97376.234,1.235,4.908,5.58,25.578000000000003,0.8288772042035119,1.5670413488558812
India,IND,1997,999133716,2426804895744,3009.745,200.86,92.934,6.202,3254.829,170.378,5.529,469.154,3210.605,1.9858866687103374,0.06673655077091249
Indonesia,IDN,1997,206536049,1221454594048,987.608,24.82,97.549,2.451,4903.237,79.549,8.525,70.691,1012.428,1.6396020582378699,0.025131428664004342
Iran,IRN,1997,63639588,512736329728,1168.567,16.503,98.607,1.393,18638.305,35.251,3.063,96.983,1185.07,1.2059971716207514,0.014122425158334952
Iraq,IRQ,1997,22176557,48594366464,403.751,18.356,95.651,4.349,19087.32,66.2,18.539,26.693,422.10699999999997,3.1406842479537254,0.04546366448627992
Ireland,IRL,1997,3672240,108003074048,143.319,2.275,98.437,1.563,39684.281,4.694,3.328,19.65,145.594,0.9284147688857374,0.015873680391294945
Israel,ISR,1997,5646431,136529494016,221.139,0.069,99.969,0.031,39177.477,18.916,9.351,35.111,221.208,2.6716409334369065,3.120209461017731e-4
Italy,ITA,1997,57189220,1705187999744,2061.347,129.902,94.072,5.928,38427.59,21.299,0.979,246.5,2191.2490000000003,0.047542036810300205,0.0630180168598494
Japan,JPN,1997,126265874,4160709459968,4928.647,291.749,80.632,4.773,48682.707,117.55,1.95,1054.864,5220.396,0.23069132780515794,0.059194541625724066
Kazakhstan,KAZ,1997,16043201,127005581312,439.508,18.053,95.88,3.938,28646.297,-61.624,-11.823,52,457.561,-2.270925260946701,0.041075475304203794
Kuwait,KWT,1997,1787639,57062985728,155.051,0,100,0,86735.219,6.031,4.047,26.724,155.051,3.31996876656242,0
Latvia,LVA,1997,2433188,23733280768,33.291,8.208,80.221,19.779,17273.256,0.285,0.682,4.51,41.498999999999995,-1.0038000537052558,0.24655312246553127
Lithuania,LTU,1997,3573364,33267369984,65.444,0.819,65.665,0.822,28106.525,-7.866,-7.263,14.39,66.263,-0.7305685922733857,0.012514516227614448
Lower-middle-income countries,NA,1997,1999731529,NA,4975.626,390.058,92.228,7.23,2708.882,229.582,4.426,723.996,5365.684,2.1393187639690376,0.07839375387137217
Luxembourg,LUX,1997,418919,17813497856,33.85,0.292,99.145,0.855,81539.82,-0.741,-2.122,0.41,34.142,1.2554232884162184,0.00862629246676514
Malaysia,MYS,1997,21375176,280383848448,504.107,11.592,97.752,2.248,24161.033,71.237,16.001,59.935,515.6990000000001,2.5186478086345843,0.022995118099927197
Mexico,MEX,1997,94021166,1045710700544,1388.183,91.663,92,6.075,16088.921,35.812,2.425,166.748,1479.846,1.696562528997952,0.06603091955455441
Morocco,MAR,1997,27213289,123891490816,105.194,5.786,94.786,5.214,4091.89,4.24,3.959,13.593,110.98,1.5115825414167372,0.055003137061049104
Netherlands,NLD,1997,15723574,518458408960,985.665,6.152,98.714,0.616,63525.668,-18.26,-1.795,85.1,991.817,0.5344634623667135,0.006241471493864548
New Zealand,NZL,1997,3776907,95195283456,140.278,74.164,65.415,34.585,57724.914,0.034,0.016,37.443,214.442,1.2755618491973237,0.5286930238526355
North Macedonia,MKD,1997,2025708,14249362432,27.352,2.5,91.625,8.375,14816.36,-3.267,-9.816,6.73,29.852,0.6560480595079267,0.09140099444281953
Norway,NOR,1997,4404936,205129711616,164.595,305.714,34.997,65.003,111238.859,22.783,4.876,110.5,470.30899999999997,0.54431672125355135,1.8573711230596313
Oman,OMN,1997,2190677,41346953216,67.491,0,100,0,30808.221,1.974,3.013,7.318,67.491,1.5669863724390658,0
Pakistan,PAK,1997,142531747,402359549952,367.059,51.24,87.488,12.213,2966.95,-14.542,-3.324,62.481,418.29900000000004,2.868643123438549,0.13959608673265061
Peru,PER,1997,25274095,122417897472,95.2,37.19,71.909,28.091,5332.271,-2.669,-1.942,17.953,132.39,1.8659979879989292,0.3906512605042016
Philippines,PHL,1997,73908766,298360012800,263.76,39.474,86.982,13.018,4089.384,25.201,9.097,39.797,303.234,2.3806169574776317,0.14965878070973612
Poland,POL,1997,38348255,414942232576,1146.197,5.981,99.481,0.519,30054.578,-11.409,-0.98,140.94,1152.1779999999999,-0.02830096870597444,0.005218125679966009
Portugal,PRT,1997,10110494,208848453632,214.057,39.908,84.286,15.714,25357.35,4.015,1.591,33.89,253.96499999999997,0.42599000934382913,0.18643632303545318
Qatar,QAT,1997,550466,17467654144,125.891,0,100,0,228698.266,10.731,9.319,6.91,125.891,4.060992392964626,0
Romania,ROU,1997,22411465,145416617984,456.194,48.67,87.752,9.362,23350.785,-28.076,-5.092,56.72,504.86400000000003,-0.5784791985933728,0.10668706734415621
Russia,RUS,1997,147853713,1303661510656,6237.438,437.495,89.409,6.271,47418.523,-402.197,-5.425,834.131,6674.933,-0.15586975687643057,0.07014017614283301
Saudi Arabia,SAU,1997,14374902,404619657216,1190.249,0,100,0,82800.5,21.696,1.857,119.104,1190.249,3.9328682363010667,0
Singapore,SGP,1997,3796580,132363362304,412.019,0.766,99.815,0.185,108729.602,20.323,5.178,26.709,412.785,3.603972370673094,0.0018591375640443766
Slovakia,SVK,1997,5369731,71311499264,163.884,11.289,79.582,5.482,38609.27,-3.881,-1.838,25.04,175.17299999999997,0.13715934876629315,0.06888408874569818
Slovenia,SVN,1997,1984355,38526558208,56.389,8.586,71.454,10.88,40199.949,1.751,2.244,13.18,64.97500000000001,-0.11994535766668782,0.15226373938179433
South Africa,ZAF,1997,45666787,311987503104,1123.005,6.267,96.445,0.538,25522.766,25.78,2.262,210.362,1129.2720000000002,1.2051843570942091,0.0055805628648136025
South Korea,KOR,1997,45941485,967604895744,1919.785,8.072,89.627,0.377,46735.496,181.582,9.238,246.587,1927.857,0.6635383974396266,0.00420463749846988
Spain,ESP,1997,40423773,925901389824,1050.944,103.275,80.358,7.897,32594.529,51.026,4.029,189.13,1154.219,0.46335328594848185,0.09826879453139274
Sri Lanka,LKA,1997,18248161,106468155392,34.04,9.576,78.045,21.955,2424.007,1.379,3.217,5.144,43.616,1.916724583540259,0.2813160987074031
Sweden,SWE,1997,8845470,264171110400,261.309,201.055,39.797,30.62,76127.516,23.16,3.562,149.21,462.36400000000003,0.05869722919441136,0.7694147541799172
Switzerland,CHE,1997,7089120,274617008128,180.916,96.655,52.038,27.801,50121.344,23.025,6.929,62.902,277.571,0.24442029543958535,0.5342534656967874
Taiwan,TWN,1997,21885290,504501698560,742.149,16.213,86.386,1.887,39398.738,47.524,5.833,150.486,758.362,0.8110471782078931,0.021846017443936463
Thailand,THA,1997,60724538,589240401920,710.825,20.527,97.193,2.807,12064.959,36.678,5.27,92.661,731.3520000000001,1.3426716941915011,0.02887771251714557
Trinidad and Tobago,TTO,1997,1305786,20630081536,100.718,0.056,99.944,0.056,77175.883,-0.026,-0.026,4.988,100.774,0.3768978455402984,5.560078635397843e-4
Turkey,TUR,1997,62852916,722433605632,691.372,111.778,86.083,13.917,12891.709,35.644,4.601,103.3,803.15,1.4557113420786305,0.16167562469987215
Turkmenistan,TKM,1997,4336684,11995996160,123.127,0.014,99.989,0.011,28395.35,-34.901,-22.083,9.498,123.14099999999999,1.7100590064522696,1.1370373679209273e-4
Ukraine,UKR,1997,50786832,232333262848,1408.353,27.378,85.026,1.653,32742.521,-61.183,-3.549,179.14,1435.731,-0.8574346394224096,0.0194397285339684
United Arab Emirates,ARE,1997,2817373,104923201536,521.456,0,100,0,185086.047,21.768,4.356,28.464,521.456,8.46383265903709,0
United Kingdom,GBR,1997,58447041,1713864572928,2329.802,20.657,88.819,0.788,44997.98,-46.296,-1.73,350.67,2350.4590000000003,0.2547732264590218,0.008866418691373773
United States,USA,1997,273467966,11375561670656,22179.703,1233.311,87.836,4.884,92713.219,188.723,0.75,3716.377,23413.014000000003,0.962602338829905,0.05560538840398358
Upper-middle-income countries,NA,1997,2327610923,NA,22798.088,2173.951,90.009,8.583,10940.531,468.322,1.874,2810.273,24972.039,1.0735281437154123,0.09535672465164623
Uzbekistan,UZB,1997,23758910,108486844416,500.921,16.047,96.896,3.104,21802.488,-4.133,-0.792,46.054,516.968,1.742815336583115,0.03203499154557306
Venezuela,VEN,1997,23131643,332907937792,580.015,159.078,78.477,21.523,32395.258,40.493,5.712,78.066,739.093,2.072115336033676,0.274265320724464
Vietnam,VNM,1997,74226840,188059205632,133.449,32.381,80.474,19.526,2262.232,22.146,15.192,19.132,165.83,1.463215715195624,0.24264700372426917
Algeria,DZA,1998,30054098,179962888192,307.713,0.597,99.806,0.194,10259.799,10.489,3.522,23.262,308.31,1.6053450173802588,0.0019401195269618116
Argentina,ARG,1998,36372814,554567139328,594.065,74.28,86.215,10.78,19087.252,25.276,3.778,74.17,668.345,1.182480489245791,0.1250368225699208
Australia,AUS,1998,18701660,634847035392,1196.007,47.41,96.187,3.813,66642.773,29.042,2.386,199.471,1243.4170000000001,1.0634825524791753,0.039640236219353225
Austria,AUT,1998,7978413,259776348160,273.334,109.121,71.468,28.532,48787.559,8.679,2.28,55.82,382.455,0.1087110773501148,0.39922219701903167
Azerbaijan,AZE,1998,8025764,28328460288,120.876,5.419,95.709,4.291,15779.826,0.491,0.389,17.995,126.295,1.1288432705066938,0.04483106654753631
Bangladesh,BGD,1998,129622282,175900622848,123.001,2.403,98.084,1.916,968.654,7.668,6.505,12.882,125.40400000000001,1.905888809016058,0.019536426533117615
Belarus,BLR,1998,10080527,85602467840,254.268,0.078,99.969,0.031,25231.891,-5.75,-2.211,23.492,254.346,-0.4128304641774139,3.067629430364812e-4
Belgium,BEL,1998,10203130,321240203264,602.064,2.233,82.189,0.305,72074.594,14.125,1.958,82.09,604.2969999999999,0.21336935193430065,0.0037089080230673153
Brazil,BRA,1998,169159594,1617675812864,1258.386,919.042,57.553,42.033,13238.576,90.228,4.198,321.749,2177.428,1.4988364836919341,0.730333935692228
Bulgaria,BGR,1998,8138142,67715866624,190.237,8.522,77.426,3.469,30382.896,-9.884,-3.844,41.42,198.759,-0.9604164993318778,0.04479675352323681
Canada,CAN,1998,30329929,1022474584064,2231.21,948.604,66.07,28.09,113457.875,-50.076,-1.434,561.991,3179.8140000000003,0.9012233595029513,0.4251522716373627
Chile,CHL,1998,15127752,227977543680,230.643,47.898,82.804,17.196,18606.586,0.417,0.148,35.495,278.541,1.3083442464147557,0.2076715963632107
China,CHN,1998,1250847078,5338703069184,10363.471,561.249,94.524,5.119,8794.493,19.433,0.177,1167,10924.72,0.7821452382610535,0.05415646939138442
Colombia,COL,1998,37792117,335365603328,253.802,87.167,74.435,25.565,9169.139,4.351,1.272,50.283,340.969,1.8076266369865166,0.34344489011118906
Croatia,HRV,1998,4445622,54840836096,80.897,16.754,82.843,17.157,22208.666,5.373,5.755,11.44,97.65100000000001,-1.308736118279749,0.20710285919131735
Cyprus,CYP,1998,914503,16341392384,27.447,0,100,0,30012.592,1.595,6.17,2.99,27.447,1.8908518024984067,0
Czechia,CZE,1998,10265381,160364298240,424.468,6.121,90.855,1.31,45616.52,-14.049,-2.913,64.62,430.589,-0.1421693160191891,0.014420403893815317
Denmark,DNK,1998,5304222,192859242496,241.829,11.279,95.544,4.456,47828.188,-9.307,-3.539,40.92,253.108,0.36401245490998646,0.04664039465903593
Ecuador,ECU,1998,12251147,88055996416,101.606,18.072,84.899,15.101,9863.896,0.623,0.518,10.89,119.678,1.829188012776247,0.177863511997323
Egypt,EGY,1998,69943248,380551430144,464.514,33.624,93.25,6.75,7153.046,19.807,4.122,60.697,498.13800000000003,2.208852263818754,0.07238533176610393
Estonia,EST,1998,1411150,21698758656,58.296,0.038,99.936,0.064,41338.215,-6.693,-10.293,8.55,58.333999999999996,-0.7244725097224801,6.51845752710306e-4
Finland,FIN,1998,5153506,153138905088,227.866,71.041,63.365,19.755,70678.953,11.864,3.367,70.11,298.90700000000004,0.2651619873393858,0.3117665645598729
France,FRA,1998,58778760,1882050265088,1741.222,183.762,57.988,6.12,51672.098,71.542,2.412,505.93,1924.984,0.3588030954599677,0.1055362268567707
Germany,DEU,1998,82011883,2535903723520,3481.88,74.814,86.926,1.868,49012.793,-33.555,-0.828,549.26,3556.694,-0.4584281167594252,0.021486668121819246
Greece,GRC,1998,10675358,204984696832,343.575,10.519,97.029,2.971,33232.883,20.729,6.206,45.7,354.094,0.49968556656386387,0.030616313759732228
High-income countries,NA,1998,1242173126,NA,60060.32,4586.854,84.566,6.458,57500.129,208.57,0.293,10396.744,64647.174,0.4523481980694454,0.07637078856722708
Hong Kong,HKG,1998,6521282,201421963264,186.234,0,100,0,28557.846,3.541,1.938,31.414,186.234,1.6310129342118427,0
Hungary,HUN,1998,10251663,119818723328,249.247,0.618,86.36,0.214,28237.082,4.28,1.501,37.2,249.865,-0.26160299621970096,0.0024794681580921733
Iceland,ISL,1998,274071,8607334400,10.113,17.638,36.441,63.559,104243.289,2.167,8.207,6.274,27.751,1.0783818371584417,1.7440917630772277
India,IND,1998,1018665024,2567853047808,3162.595,239.366,92.109,6.971,3386.291,197.487,6.073,505.078,3401.961,1.9548242329558219,0.07568658016597131
Indonesia,IDN,1998,209826738,1066065657856,955.598,39.058,96.073,3.927,4744.719,-17.126,-1.691,76.693,994.656,1.593275854715319,0.04087283564846306
Iran,IRN,1998,64519819,541099753472,1213.365,20.8,98.315,1.685,19149.26,49.373,4.162,102.385,1234.165,1.3831500606195,0.017142409744800618
Iraq,IRQ,1998,22884342,59869188096,299.405,17.215,94.563,5.437,13884.208,-105.56,-24.938,26.744,316.61999999999995,3.1915910120764015,0.05749736978340376
Ireland,IRL,1998,3711027,118588809216,153.326,3.28,97.906,2.094,42253.922,11.075,7.6,20.85,156.606,1.05622181556761,0.02139232745913935
Israel,ISR,1998,5790094,141524303872,232.72,0.069,99.97,0.03,40205.496,11.581,5.235,37.976,232.789,2.5443151612053705,2.9649364042626334e-4
Italy,ITA,1998,57215139,1744897441792,2064.945,130.842,94.041,5.959,38487.371,4.417,0.201,253.66,2195.7870000000003,0.04532147841848516,0.063363430987266
Japan,JPN,1998,126549132,4111245246464,4810.501,298.399,79.983,4.961,47805,-97.283,-1.583,1059.663,5108.9000000000005,0.22433456564835563,0.062030753137770886
Kazakhstan,KAZ,1998,15647738,125251821568,414.593,17.058,95.994,3.95,27671.918,-26.575,-5.783,49.8,431.651,-2.4649881279926618,0.04114396528643754
Kuwait,KWT,1998,1844266,62305861632,190.984,0,100,0,103555.406,35.932,23.175,29.984,190.984,3.16769772868012,0
Latvia,LVA,1998,2410168,25089220608,32.995,11.994,73.34,26.66,18987.664,3.734,8.885,5.8,44.989,-0.9460839030933902,0.36350962267010156
Lithuania,LTU,1998,3547722,35744382976,68.147,1.158,63.715,1.083,30396.936,7.405,7.373,17.15,69.305,-0.7175871251851197,0.016992677594024678
Lower-middle-income countries,NA,1998,2042075367,NA,5185.829,446.912,91.535,7.888,2786.588,273.387,5.047,772.863,5632.741,2.117476140468454,0.08617947101610948
Luxembourg,LUX,1998,424106,18821505024,32.561,0.403,98.776,1.224,77781.836,-1.171,-3.428,0.37,32.964,1.2381868571251244,0.012376769755228648
Malaysia,MYS,1998,21906667,261784109056,483.28,12.381,97.502,2.498,22662.488,-19.987,-3.87,64.141,495.66099999999994,2.4864871288077346,0.025618688958781662
Mexico,MEX,1998,95575200,1105636622336,1457.507,87.558,92.787,5.574,16470.502,61.472,4.064,181.059,1545.065,1.6528554857530697,0.060073810966259515
Morocco,MAR,1998,27621589,132709015552,108.957,4.936,95.666,4.334,4134.871,2.858,2.567,12.968,113.893,1.500369911185671,0.04530227520948631
Netherlands,NLD,1998,15827052,545041088512,987.822,7.069,98.245,0.703,63558.398,7.092,0.71,89.39,994.891,0.6581073743157885,0.007156147565047144
New Zealand,NZL,1998,3811332,96170418176,133.419,80.73,62.302,37.698,57203.766,0.001,0,37.776,214.149,0.9114600915511025,0.6050862320958784
North Macedonia,MKD,1998,2037531,14789521408,30.722,3.008,91.081,8.919,16649.557,3.91,13.029,7.05,33.730000000000004,0.5836477912907487,0.09791029229867847
Norway,NOR,1998,4431253,216978669568,166.77,322.272,34.101,65.899,115045.852,19.797,4.04,116.42,489.04200000000003,0.5974434134797872,1.9324338909875876
Oman,OMN,1998,2222453,46306004992,69.236,0,100,0,31152.762,1.745,2.585,8.2,69.236,1.4505105042870308,0
Pakistan,PAK,1998,146522306,419024863232,381.446,66.966,84.859,14.898,3097.473,30.964,7.322,66.396,448.41200000000003,2.799768531567918,0.17555827037116653
Peru,PER,1998,25738055,122316685312,97.809,38.752,71.623,28.377,5402.277,4.276,3.173,18.583,136.561,1.8357136031972656,0.3962007586213948
Philippines,PHL,1998,75790983,299105452032,259.793,41.928,86.104,13.896,3959.141,-2.174,-0.719,41.578,301.721,2.546676263002416,0.16139002975445835
Poland,POL,1998,38326383,437955035136,1096.658,7.112,99.356,0.644,28810.428,-48.341,-4.194,140.77,1103.77,-0.05703518973679506,0.006485157633464581
Portugal,PRT,1998,10159472,219709915136,237.411,39.687,85.678,14.322,27510.523,23.117,9.017,38.75,277.098,0.48442736823739774,0.16716580107914122
Qatar,QAT,1998,580493,21692788736,135.556,0,100,0,233518.406,9.665,7.677,8.166,135.556,5.454832814379089,0
Romania,ROU,1998,22284853,144240918528,407.926,52.476,85.853,11.044,21487.473,-44.48,-8.5,52.99,460.402,-0.5649429878858879,0.12864097900109334
Russia,RUS,1998,147635488,1263722561536,6234.794,440.451,89.537,6.325,47400.168,-13.058,-0.186,827.158,6675.245,-0.14759521122070166,0.07064403410922639
Saudi Arabia,SAU,1998,14922138,436367196160,1252.577,0,100,0,83940.852,62.328,5.237,126.168,1252.577,3.806885083460047,0
Singapore,SGP,1998,3901362,131914186752,417.727,0.766,99.817,0.183,107272.609,5.709,1.383,28.375,418.493,2.7599049671019706,0.0018337335149511524
Slovakia,SVK,1998,5374745,74015465472,164.573,11.853,79.093,5.696,38982.484,2.2,1.061,25.73,176.42600000000002,0.09337525473808651,0.07202274978277116
Slovenia,SVN,1998,1980016,39631441920,55.54,9.583,70.246,12.121,40395.297,0.212,0.266,13.72,65.123,-0.2186604715386108,0.17254231184731725
South Africa,ZAF,1998,46223832,320149749760,1100.979,5.152,96.247,0.45,24771.324,-20.517,-1.76,205.374,1106.131,1.2198033551167065,0.004679471633882208
South Korea,KOR,1998,46230834,908368084992,1697.207,12.085,86.662,0.617,42494.543,-182.54,-8.502,237.197,1709.2920000000001,0.6298207382717385,0.007120522128414507
Spain,ESP,1998,40617392,976805822464,1100.669,103.04,80.483,7.534,33915.125,59.95,4.55,193.39,1203.709,0.4789731032776184,0.09361579185022927
Sri Lanka,LKA,1998,18595959,104039874560,35.579,10.875,76.59,23.41,2535.799,2.922,6.606,5.675,46.454,1.90593452129231,0.3056578318671126
Sweden,SWE,1998,8850553,276040712192,265.919,217.165,38.68,31.589,79714.164,32.131,4.772,158.79,483.08399999999995,0.05746444225123142,0.8166584561464205
Switzerland,CHE,1998,7110242,287985369088,183.323,95.171,52.416,27.211,50255.055,2.009,0.566,63.288,278.494,0.29794953393368995,0.5191438062872635
Taiwan,TWN,1998,22049170,524131074048,787.866,19.125,86.636,2.103,41396.164,50.498,5.857,163.228,806.991,0.748813472428284,0.024274432454249834
Thailand,THA,1998,61522574,539314651136,659.004,15.103,97.76,2.24,10972.212,-57.6,-7.862,89.533,674.107,1.3141903195706488,0.022917918555881298
Trinidad and Tobago,TTO,1998,1310176,22081300480,102.234,0.056,99.945,0.055,78074.258,1.516,1.504,5.169,102.28999999999999,0.33619597698244585,5.477629751354736e-4
Turkey,TUR,1998,63734336,754598739968,704.788,118.337,85.623,14.377,13033.562,20.404,2.518,111.02,823.125,1.4023533928004233,0.1679043911076806
Turkmenistan,TKM,1998,4410461,12945784832,140.622,0.017,99.988,0.012,31887.799,17.498,14.21,9.416,140.639,1.7012307099156867,1.208914679068709e-4
Ukraine,UKR,1998,50379676,231737294848,1344.613,43.728,84.178,2.738,31851.219,-58.235,-3.502,173.33,1388.3410000000001,-0.8016959986793427,0.03252088147295913
United Arab Emirates,ARE,1998,3040384,115962052608,534.113,0,100,0,175672.828,12.656,2.427,33.392,534.113,7.9155653156326835,0
United Kingdom,GBR,1998,58626774,1766619873280,2343.126,24.946,88.606,0.943,45228.793,21.619,0.822,362.71,2368.072,0.3075142845982571,0.010646461180491361
United States,USA,1998,276119277,11881793191936,22303.105,1140.747,87.76,4.489,92399.789,159.268,0.628,3855.808,23443.852,0.9695142867300224,0.05114745233903531
Upper-middle-income countries,NA,1998,2351659279,NA,22736.949,2244.968,89.786,8.865,10828.174,-1.125,-0.004,2884.364,24981.917,1.0331776570718558,0.0987365543195791
Uzbekistan,UZB,1998,24134883,111389401088,501.14,15.994,96.907,3.093,21469.586,0.163,0.031,45.9,517.134,1.5824505417125618,0.03191523326814862
Venezuela,VEN,1998,23601294,335631908864,580.479,160.897,78.298,21.702,31852.369,2.402,0.32,80.904,741.376,2.0303399978981176,0.2771797084821328
Vietnam,VNM,1998,75299613,198278283264,148.802,30.819,82.842,17.158,2411.834,13.692,8.154,21.688,179.62099999999998,1.4452629264562522,0.20711415169150954
Algeria,DZA,1999,30474312,193179779072,310.834,0.564,99.819,0.181,10219.563,3.085,1.001,24.757,311.398,1.398192020269582,0.0018144733201644605
Argentina,ARG,1999,36794636,538270597120,621.175,60.351,88.579,8.606,19175.299,11.291,1.626,80.745,681.526,1.1597178046218803,0.09715619591902444
Australia,AUS,1999,18909934,664520753152,1245.338,49.001,96.214,3.786,68606.656,51.017,4.093,206.9,1294.339,1.1136658457056752,0.03934755062481029
Austria,AUT,1999,7993849,270186168320,267.202,118.191,69.332,30.668,49138.246,3.556,0.914,59.72,385.39300000000003,0.1934720601703622,0.4423282759859582
Azerbaijan,AZE,1999,8100413,31898574848,121.9,4.183,96.682,3.318,15598.391,-0.292,-0.23,18.176,126.083,0.9301170580146638,0.03431501230516817
Bangladesh,BGD,1999,132108017,187794882560,124.522,2.314,98.176,1.824,961.224,1.426,1.136,14.45,126.83600000000001,1.9176756971459583,0.018583061627664186
Belarus,BLR,1999,10039177,87455006720,247.36,0.053,99.979,0.021,24645.111,-6.934,-2.726,26.516,247.413,-0.41019680816290655,2.142626131953428e-4
Belgium,BEL,1999,10226629,333121585152,588.424,2.533,80.926,0.348,71396.055,-5.245,-0.713,83.37,590.957,0.23031167886717116,0.004304719046130001
Brazil,BRA,1999,171641487,1645888012288,1279.368,926.246,57.716,41.786,13225.073,30.539,1.364,334.726,2205.614,1.4671902085553599,0.7239871561583532
Bulgaria,BGR,1999,8067415,64098091008,164.306,7.589,76.13,3.516,26930.129,-30.004,-12.134,37.93,171.895,-0.8690804362961472,0.04618820980365903
Canada,CAN,1999,30599404,1078414934016,2293.156,988.211,65.818,28.364,116045.047,109.74,3.189,577.774,3281.367,0.8884788355422791,0.43093928193284714
Chile,CHL,1999,15319256,224771948544,248.339,42.245,85.462,14.538,19133.775,11.639,4.135,38.384,290.584,1.2659118155823812,0.17011021225019027
China,CHN,1999,1260176600,5578502963200,10752.908,555.294,94.742,4.893,9035.296,385.502,3.504,1239.3,11308.202,0.74585632121531,0.051641286245543996
Colombia,COL,1999,38454817,321583120384,221.763,95.041,70,30,8396.205,-23.647,-6.824,47.775,316.804,1.7535402951890735,0.42857014019471235
Croatia,HRV,1999,4385771,55058849792,80.419,20.381,79.78,20.22,23283.127,3.383,3.427,12.96,100.8,-1.3462908002524732,0.2534351334883548
Cyprus,CYP,1999,931194,17289793536,28.881,0,100,0,31014.676,1.434,5.225,3.14,28.881,1.8251443680337844,0
Czechia,CZE,1999,10251335,164728012800,403.444,7.295,90.086,1.629,43797.906,-19.284,-4.118,64.17,410.73900000000003,-0.1368288230120246,0.018081815567959864
Denmark,DNK,1999,5321759,199699300352,232.789,12.623,94.857,5.143,46234.504,-7.642,-3.012,38.72,245.41199999999998,0.3306234165915379,0.054225070772244394
Ecuador,ECU,1999,12470759,84464771072,89.009,19.935,81.701,18.299,8839.134,-10.613,-8.783,10.308,108.944,1.792583176089553,0.22396611578604408
Egypt,EGY,1999,71520901,409935675392,497.11,37.368,93.008,6.992,7506.74,36.582,7.312,65.73,534.4780000000001,2.2556187267711674,0.07517048540564462
Estonia,EST,1999,1403523,21126868992,53.685,0.052,99.904,0.096,38287.832,-4.597,-7.88,8.27,53.737,-0.5404811678418311,9.686132066685293e-4
Finland,FIN,1999,5165470,160063700992,227.324,61.774,64.413,17.504,69141.664,-7.095,-1.948,69.42,289.098,0.23215263550677928,0.2717442944871637
France,FRA,1999,59084162,1949849354240,1732.637,213.511,56.971,7.02,52095.453,40.794,1.343,519.54,1946.148,0.5195788410643573,0.12322892792893145
Germany,DEU,1999,81678226,2613176696832,3392.88,83.393,85.928,2.112,48526.523,-56.071,-1.395,549.27,3476.273,-0.40683982344363434,0.02457882389002853
Greece,GRC,1999,10727901,213181333504,340.644,13.209,96.267,3.733,33063.77,-0.068,-0.019,48.89,353.853,0.49218958277558467,0.03877655264733857
High-income countries,NA,1999,1247726752,NA,60742.871,4643.623,84.342,6.448,58050.508,1006.055,1.409,10627.12,65386.494,0.44708953073905094,0.07644720974746155
Hong Kong,HKG,1999,6616478,205093830656,188.622,0,100,0,28507.879,2.388,1.282,29.496,188.622,1.4597743204480347,0
Hungary,HUN,1999,10219743,126176460800,248.597,0.706,86.181,0.245,28311.648,-0.139,-0.048,37.83,249.303,-0.31136411721688473,0.0028399377305438115
Iceland,ISL,1999,277397,8919642112,10.212,20.332,33.434,66.566,112835.93,2.73,9.556,7.184,30.544,1.2135541520262998,1.990990990990991
India,IND,1999,1038225772,2710352953344,3257.36,237.773,92.264,6.735,3415.792,96.866,2.808,547.362,3495.1330000000003,1.9202335938845387,0.0729956160817349
Indonesia,IDN,1999,213004610,1079382507520,1045.11,41.147,96.212,3.788,5103.109,91.417,9.182,83.971,1086.2569999999998,1.5145219481036778,0.03937097530403499
Iran,IRN,1999,65445344,563869057024,1316.257,14.383,98.919,1.081,20346.264,96.062,7.775,110.088,1330.64,1.4344817055360928,0.010927197348238223
Iraq,IRQ,1999,23636478,69697265664,218.716,9.886,95.675,4.325,9698.565,-88.491,-27.851,24.721,228.602,3.2866839693271497,0.04520016825472301
Ireland,IRL,1999,3752895,132916961280,162.192,3.154,98.093,1.907,44109.195,8.732,5.569,21.72,165.346,1.1282052111181082,0.019446088586366775
Israel,ISR,1999,5946022,146070388736,241.174,0.092,99.962,0.038,40576.992,8.478,3.642,39.228,241.26600000000002,2.693013274050473,3.8146732234818013e-4
Italy,ITA,1999,57240747,1784529158144,2063.412,144.462,93.457,6.543,38694.273,12.829,0.583,259.25,2207.874,0.04475738492918806,0.07001122412780385
Japan,JPN,1999,126801516,4098283012096,4943.913,284.983,80.914,4.664,48453.77,94.33,1.559,1079.142,5228.896,0.19943558364351327,0.05764320690918308
Kazakhstan,KAZ,1999,15455830,129322680320,388.829,17.033,95.803,4.197,26330.572,-26.042,-6.014,47.3,405.862,-1.2264264649625396,0.043805888964043325
Kuwait,KWT,1999,1899984,64236404736,198.265,0,100,0,104350.945,7.281,3.813,31.576,198.265,3.0211477086277143,0
Latvia,LVA,1999,2390772,25549230080,30.726,7.664,80.037,19.963,16264.437,-6.879,-15.031,4.11,38.39,-0.8047571787526844,0.24943044978194362
Lithuania,LTU,1999,3522856,35335380992,58.967,1.15,67.382,1.314,25029.285,-19.665,-18.236,13.08,60.117,-0.7009004651435484,0.019502433564536095
Lower-middle-income countries,NA,1999,2084329536,NA,5406.919,460.052,91.603,7.794,2843.881,237.162,4.168,822.384,5866.971,2.0691777435264465,0.08508579470119675
Luxembourg,LUX,1999,429855,20355342336,34.495,0.345,99.01,0.99,81096.305,1.872,5.675,0.36,34.839999999999996,1.355557337080824,0.01000144948543267
Malaysia,MYS,1999,22435483,279671635968,508.127,20.978,96.035,3.965,23643.734,33.999,6.848,68.17,529.105,2.4139500545655803,0.04128495435196319
Mexico,MEX,1999,97115654,1156619567104,1454.77,109.872,91.356,6.9,16447.424,23.131,1.469,189.979,1564.642,1.6117716729862976,0.07552534077551779
Morocco,MAR,1999,28027140,134068871168,116.053,2.292,98.064,1.936,4227.76,4.28,3.748,12.895,118.345,1.4682392095545262,0.019749597166811714
Netherlands,NLD,1999,15940134,575899107328,975.016,7.646,98.16,0.77,62344.324,-12.165,-1.209,85.16,982.6619999999999,0.7144855529633694,0.007841922594090764
New Zealand,NZL,1999,3835514,100616404992,141.677,74.887,65.42,34.58,57341.156,1.91,0.876,37.96,216.564,0.6344763458024648,0.5285755627236602
North Macedonia,MKD,1999,2048045,15508166656,28.397,3.858,88.038,11.962,15870.728,-1.42,-4.186,6.86,32.254999999999995,0.5160166888258387,0.1358594217699053
Norway,NOR,1999,4461738,228192616448,165.531,338.289,32.855,67.145,117803.469,15.811,3.101,122.29,503.82,0.6879544002565414,2.043659495804411
Oman,OMN,1999,2252862,50522591232,78.674,0,100,0,34921.969,9.439,13.633,8.413,78.674,1.3682629058972227,0
Pakistan,PAK,1999,150565328,440333172736,409.907,59.736,87.24,12.713,3146.289,19.873,4.379,65.302,469.643,2.759321846872926,0.1457306169448192
Peru,PER,1999,26186452,124629008384,99.191,40.827,70.842,29.158,5446.832,3.589,2.581,19.05,140.018,1.7421557301047028,0.4115998427276668
Philippines,PHL,1999,77753214,310804348928,251.953,54.884,82.113,17.887,3925.197,5.129,1.709,41.432,306.837,2.589003232746038,0.21783427861545607
Poland,POL,1999,38287663,462542405632,1075.722,6.6,99.39,0.61,28278.607,-21.478,-1.945,139.99,1082.322,-0.10102701316740481,0.00613541416834461
Portugal,PRT,1999,10214832,229149900800,259.24,24.453,91.381,8.619,27908.016,5.583,1.998,42.74,283.693,0.5449102079320658,0.09432572133929948
Qatar,QAT,1999,612471,25157531648,150.898,0,100,0,246375.594,15.342,11.318,8.939,150.898,5.508765824910895,0
Romania,ROU,1999,22166115,148247543808,352.338,50.806,84.376,12.167,19000.666,-57.674,-12.044,50.47,403.144,-0.532819310048848,0.14419676560575356
Russia,RUS,1999,147241915,1375023529984,6265.97,445.992,88.873,6.326,48128.535,88.591,1.266,846.225,6711.962,-0.26658427816488134,0.07117684891565072
Saudi Arabia,SAU,1999,15472018,440370724864,1275.43,0,100,0,82434.641,22.853,1.825,130.999,1275.43,3.6849947373492995,0
Singapore,SGP,1999,3966504,139187634176,413.544,0.766,99.815,0.185,104456.266,-4.183,-1,29.52,414.31,1.6697245731106214,0.001852281740274312
Slovakia,SVK,1999,5378056,73695870976,160.844,12.428,76.699,5.926,39288.055,1.772,0.846,28.11,173.272,0.061602922557256204,0.07726741438909752
Slovenia,SVN,1999,1981145,41542295552,54.617,10.483,69.892,13.415,39924.996,-0.886,-1.108,13.26,65.1,0.057019741254616126,0.19193657652379298
South Africa,ZAF,1999,46730283,334638448640,1144.544,2.632,96.763,0.223,25331.424,38.719,3.382,203.012,1147.1760000000002,1.0956491015284064,0.0022996057818659658
South Korea,KOR,1999,46500333,1004162514944,1834.86,11.854,86.022,0.556,46019.309,175.355,8.926,262.152,1846.714,0.5829421117516503,0.006460438398569918
Spain,ESP,1999,40812809,1031651262464,1193.407,76.565,83.254,5.341,35324.043,64.13,4.655,205.63,1269.972,0.481116562087492,0.0641566540166096
Sri Lanka,LKA,1999,18944689,106224336896,38.356,11.614,76.758,23.242,2677.229,3.564,7.557,6.281,49.97,1.8752998971443204,0.30279486912086767
Sweden,SWE,1999,8857642,289702805504,260.699,208.567,38.762,31.011,77902.398,-15.483,-2.195,154.84,469.266,0.0800966900034382,0.8000299195624072
Switzerland,CHE,1999,7144067,298226647040,182.433,113.511,50.019,31.122,52270.773,16.1,4.506,68.617,295.94399999999996,0.47572220467320236,0.6222065086908618
Taiwan,TWN,1999,22203728,557640974336,830.1,16.402,87.188,1.723,43024.488,42.553,4.662,169.065,846.5020000000001,0.7009696963649878,0.019759065172870738
Thailand,THA,1999,62298991,558464040960,703.776,10.87,98.479,1.521,11481.504,40.247,5.962,90.215,714.646,1.2620034395830058,0.015445255308507252
Trinidad and Tobago,TTO,1999,1314664,23618242560,113.632,0.056,99.951,0.049,86477.656,11.398,11.143,5.247,113.688,0.3425493979434824,4.92818924246691e-4
Turkey,TUR,1999,64591859,725083488256,705.663,97.052,87.91,12.09,12523.535,-21.767,-2.62,116.44,802.715,1.3454647115175091,0.1375330717353751
Turkmenistan,TKM,1999,4492116,15251900416,123.266,0.014,99.989,0.011,27443.85,-17.359,-12.343,8.86,123.28,1.8513937658671056,1.1357551960800221e-4
Ukraine,UKR,1999,49976390,235148312576,1333.733,39.797,84.751,2.529,31626.607,-24.07,-1.5,172.58,1373.53,-0.800493437075697,0.029838805817956067
United Arab Emirates,ARE,1999,3265963,131410911232,538.369,0,100,0,164842.328,4.256,0.797,37.126,538.369,7.419424651622952,0
United Kingdom,GBR,1999,58838619,1823341936640,2340.038,27.901,88.901,1.06,44855.219,-12.399,-0.468,368.15,2367.939,0.36134514240882504,0.011923310647092056
United States,USA,1999,278785441,12438444441600,22599.785,1133.522,87.384,4.383,93136.414,451.713,1.77,3936.098,23733.307,0.9655841594862644,0.05015631785877609
Upper-middle-income countries,NA,1999,2375147124,NA,23267.359,2238.35,90.038,8.662,10938.782,517.041,2.03,3003.676,25505.709,0.998777552927981,0.09620129211914424
Uzbekistan,UZB,1999,24475974,114383429632,564.338,15.811,97.275,2.725,23744.482,63.003,12.159,45.372,580.149,1.4132697473611122,0.02801689767479773
Venezuela,VEN,1999,24066549,316971286528,552.66,168.333,76.653,23.347,30409.596,-19.903,-2.648,80.585,720.9929999999999,1.971311403518807,0.3045869069590707
Vietnam,VNM,1999,76287407,207067168768,147.319,38.261,79.383,20.617,2465.007,6.439,3.545,23.559,185.57999999999998,1.311818162996402,0.2597153116705924
Algeria,DZA,2000,30903850,208554147840,299.786,0.15,99.95,0.05,9705.77,-11.489,-3.689,25.4,299.936,1.4095084410765368,5.003569212705063e-4
Argentina,ARG,2000,37213933,536480972800,600.276,80.679,85.985,11.557,18907.83,-1.913,-0.271,88.98,680.9549999999999,1.1395601250138743,0.13440317453971173
Australia,AUS,2000,19132426,692059308032,1253.194,49.022,96.235,3.765,68222.375,7.912,0.61,216.83,1302.216,1.1765879246326296,0.039117646589434674
Austria,AUT,2000,8012872,280410161152,266.378,121.18,68.732,31.268,49316.988,2.367,0.603,59.64,387.558,0.23797046954477122,0.45491744813760904
Azerbaijan,AZE,2000,8174736,34255706112,127.519,4.261,96.767,3.233,16154.067,5.702,4.513,18.68,131.78,0.9175211189849208,0.033414628408315626
Bangladesh,BGD,2000,134544254,200824291328,133.906,2.212,98.375,1.625,1012.713,9.269,7.3,15.94,136.118,1.8441250238431783,0.016519050677340823
Belarus,BLR,2000,9991254,91419115520,254.919,0.075,99.971,0.029,25522.227,7.582,3.065,26.1,254.994,-0.4773598473261304,2.9421110235015825e-4
Belgium,BEL,2000,10251672,345706889216,603.482,3.097,81.513,0.418,72509.969,13.207,1.809,82.79,606.579,0.24488030219928775,0.005131884629533275
Brazil,BRA,2000,174018229,1739727962112,1346.812,945.207,58.334,40.939,13586.25,94.284,4.154,348.93,2292.019,1.384713009390323,0.7018106461777888
Bulgaria,BGR,2000,8000476,67719766016,158.017,7.308,73.217,3.386,27170.535,0.121,0.056,40.59,165.325,-0.829745339740177,0.04624818848604897
Canada,CAN,2000,30891756,1137681367040,2356.577,1021.193,65.852,28.536,118073.234,96.58,2.72,603.82,3377.7700000000004,0.9554173015918873,0.4333374211833519
Chile,CHL,2000,15503580,233340518400,246.58,57.3,81.144,18.856,19827.115,14.276,4.87,41.12,303.88,1.203217701956283,0.23237894395328085
China,CHN,2000,1269581120,5952682590208,11085.26,627.433,94.269,5.336,9294.628,414.216,3.638,1355.6,11712.693,0.746285877709521,0.05660065708878276
Colombia,COL,2000,39089879,330615619584,221.474,87.154,71.761,28.239,8037.486,-8.69,-2.692,42.81,308.628,1.6514498040648589,0.3935179750218987
Croatia,HRV,2000,4326056,57398796288,77.465,17.928,81.206,18.794,22318.207,-5.565,-5.449,11.21,95.393,-1.361562197387871,0.231433550635771
Cyprus,CYP,2000,947619,18447964160,30.261,0,100,0,31933.83,1.38,4.78,3.37,30.261,1.7638644578895482,0
Czechia,CZE,2000,10236753,174309523456,428.373,7.219,90.5,1.525,46352.957,25.517,5.683,72.9,435.592,-0.14224488810481756,0.016852135872242182
Denmark,DNK,2000,5339614,208333668352,219.737,15.93,93.241,6.759,44295.223,-9.529,-3.873,35.85,235.667,0.335509368237081,0.07249575629047453
Ecuador,ECU,2000,12689159,85978890240,81.622,21.142,79.427,20.573,8206.124,-6.102,-5.536,10.53,102.764,1.7512967735163514,0.2590233025409816
Egypt,EGY,2000,73083242,444250292224,526.371,39.607,93.002,6.998,7779.259,31.645,5.894,73.32,565.978,2.184453744507497,0.07524540675683121
Estonia,EST,2000,1396955,23525730304,55.306,0.186,99.665,0.335,39726.594,1.758,3.272,8.51,55.492,-0.4679652560022173,0.0033631070769898383
Finland,FIN,2000,5176146,169209757696,224.163,67.94,63.226,19.163,69377.836,1.961,0.549,69.97,292.103,0.20668012784896633,0.30308302440634716
France,FRA,2000,59483672,2031676030976,1730.306,197.471,56.16,6.409,52416.219,39.893,1.296,532.56,1927.777,0.6761710524048729,0.11412490045113408
Germany,DEU,2000,81797200,2718560681984,3391.776,108.75,85.4,2.738,48756.914,24.619,0.621,568.95,3500.526,0.14566183158777224,0.032062848489994626
Greece,GRC,2000,10782578,223530909696,360.798,11.511,96.908,3.092,34597.672,18.347,5.173,52.94,372.309,0.5096709971503279,0.031904278848552375
High-income countries,NA,2000,1253933576,NA,61866.875,4712.467,84.354,6.425,58822.617,1328.484,1.834,10782.61,66579.342,0.49745058283402105,0.07617108509198177
Hong Kong,HKG,2000,6704622,218622148608,197.475,0,100,0,29453.611,8.854,4.694,31.26,197.475,1.3321891193471813,0
Hungary,HUN,2000,10190548,134151503872,239.833,0.698,85.679,0.249,27555.172,-8.535,-2.95,35.19,240.531,-0.2856725457773253,0.0029103584577601913
Iceland,ISL,2000,281254,9307402240,10.698,21.774,32.946,67.054,118148.07,1.929,6.164,7.61,32.472,1.3904259959552554,2.0353337072349973
India,IND,2000,1057922676,2804478640128,3442.303,224.159,92.778,6.042,3521.43,179.038,5.049,571.39,3666.462,1.8971696264153226,0.06511890440789204
Indonesia,IDN,2000,216077748,1138300157952,1120.755,43.048,96.301,3.699,5387.87,77.213,7.103,98.04,1163.803,1.4427565675691245,0.03840982195038166
Iran,IRN,2000,66418621,595554533376,1385.28,10.604,99.24,0.76,21026.754,65,4.881,119.35,1395.884,1.4871600338749842,0.007654770154770154
Iraq,IRQ,2000,24424011,83019210752,313.161,8.879,97.243,2.757,13208.84,93.373,40.732,31.9,322.04,3.331854263566678,0.028352828098007096
Ireland,IRL,2000,3802536,147722371072,169.822,3.325,98.08,1.92,45587.695,7.812,4.719,23.62,173.147,1.3227388456111882,0.019579324233609308
Israel,ISR,2000,6111143,158656380928,227.279,0.086,99.962,0.038,37205.992,-13.901,-5.761,42.66,227.365,2.77699947965211,3.78389556448242e-4
Italy,ITA,2000,57272155,1863751565312,1949.863,143.451,93.147,6.853,36668.434,-114.809,-5.184,269.94,2093.314,0.05487000370557707,0.07356978413355195
Japan,JPN,2000,127027758,4209652006912,5046.459,286.239,81.144,4.603,49228.012,109.312,1.779,1099.67,5332.697999999999,0.17842215703477868,0.05672076202343068
Kazakhstan,KAZ,2000,15501060,142758084608,347.478,20.92,94.321,5.679,23853.039,-37.213,-9.144,51.64,368.398,0.2926403823023416,0.06020525040434215
Kuwait,KWT,2000,1954668,71053967360,218.162,0,100,0,111610.719,19.897,10.035,32.33,218.162,2.878129500037895,0
Latvia,LVA,2000,2368275,26727290880,29.705,7.844,79.109,20.891,16068.924,-0.829,-2.132,4.14,37.549,-0.9409931185407894,0.26406328900858445
Lithuania,LTU,2000,3500358,36684800000,53.606,0.942,68.783,1.209,22425.881,-9.676,-10.974,11.13,54.548,-0.6386295664653906,0.017572659776890646
Lower-middle-income countries,NA,2000,2126913952,NA,5688.199,443.476,92.07,7.178,2915.788,274.045,4.623,1008.35,6131.674999999999,2.043075015946039,0.0779642203094512
Luxembourg,LUX,2000,436090,21937467392,36.694,0.482,98.704,1.296,85313.125,2.345,6.726,0.4,37.176,1.4504891184236546,0.013135662506131792
Malaysia,MYS,2000,22967760,305803231232,589.807,21.212,96.528,3.472,26659.578,81.852,15.43,69.9,611.019,2.372478452993412,0.03596430696821164
Mexico,MEX,2000,98625515,1241194692608,1555.858,112.726,91.985,6.665,17198.16,98.875,6.19,203.62,1668.5839999999998,1.5547040439021294,0.07245262742486783
Morocco,MAR,2000,28423380,136639291392,115.151,2.172,98.149,1.851,4132.632,-1.029,-0.868,13.7,117.323,1.4137725076479442,0.018862189646637894
Netherlands,NLD,2000,16058703,603803025408,986.377,9.011,98.023,0.895,62696.188,13.043,1.312,88.06,995.3879999999999,0.743839418162984,0.009135452266222753
New Zealand,NZL,2000,3857521,104942108672,146.035,79.899,64.636,35.364,59509,9.624,4.376,38.91,225.934,0.573769252308817,0.5471222652103948
North Macedonia,MKD,2000,2057212,16307994624,27.388,3.25,89.392,10.608,14994.913,-1.656,-5.096,6.81,30.638,0.4475975869670833,0.11866510880677668
Norway,NOR,2000,4490821,242751291392,162.899,394.84,29.207,70.793,129859.867,57.569,10.953,142.52,557.739,0.6518311922394368,2.4238331727021034
Oman,OMN,2000,2282090,58124189696,110.96,0,100,0,48621.941,32.285,41.037,9.11,110.96,1.2973719650826372,0
Pakistan,PAK,2000,154879070,459798511616,426.193,51.669,88.7,10.753,3123.432,10.032,2.118,66.49,477.86199999999997,2.8650301216758214,0.12123380721879524
Peru,PER,2000,26598284,128561594368,99.02,45.43,68.55,31.45,5540.175,4.726,3.313,19.92,144.45,1.5726910999626829,0.4587962027873157
Philippines,PHL,2000,79625353,327247659008,251.663,57.995,81.271,18.729,3864.517,2.517,0.825,45.3,309.658,2.4077962873663332,0.23044706611619506
Poland,POL,2000,38258025,488207646720,1010.577,6.555,99.356,0.644,26596.369,-65.197,-6.022,143.18,1017.132,-0.07740874651973403,0.006486393416830187
Portugal,PRT,2000,10283150,238756380672,255.682,36.223,87.591,12.409,28593.236,8.953,3.141,43.21,291.905,0.6688117827096911,0.14167207703318968
Qatar,QAT,2000,644945,30159720448,134.844,0,100,0,209079.047,-16.053,-10.639,9.13,134.844,5.302128590578166,0
Romania,ROU,2000,22046211,157839294464,361.152,41.05,86.533,9.836,19065.947,-0.839,-0.199,51.56,402.202,-0.5409337630883897,0.11366405280878965
Russia,RUS,2000,146717736,1547057496064,6357.776,456.019,88.587,6.354,49169.859,127.553,1.8,877.76,6813.795,-0.35599849404294964,0.07172618223731066
Saudi Arabia,SAU,2000,16177682,488272429056,1334.88,0,100,0,82513.656,59.449,4.661,138.69,1334.88,4.560904724904017,0
Singapore,SGP,2000,4035193,152153571328,442.232,0.766,99.827,0.173,109787.672,28.688,6.924,31.67,442.99800000000005,1.7317264775227756,0.0017321225058340418
Slovakia,SVK,2000,5379951,74595098624,157.799,12.819,72.908,5.923,40566.766,6.954,3.291,30.78,170.618,0.03523578036375969,0.0812362562500396
Slovenia,SVN,2000,1986774,43078787072,53.395,10.869,68.907,14.026,39493.477,-0.633,-0.8,13.61,64.26400000000001,0.2841286225894622,0.20355838561663075
South Africa,ZAF,2000,47159672,356072095744,1143.66,4.576,96.562,0.386,25135.525,1.639,0.138,210.67,1148.236,0.91886668009265,0.004001189164611859
South Korea,KOR,2000,46766608,1086261690368,1939.439,11.446,86.061,0.508,48342.148,120.885,5.649,290.45,1950.885,0.5726303078302687,0.005901706627535076
Spain,ESP,2000,41019721,1094998753280,1242.603,99.985,81.999,6.598,37185.727,83.675,5.804,220.92,1342.588,0.5069780911184035,0.08046415468174468
Sri Lanka,LKA,2000,19293012,114541756416,44.06,8.911,83.177,16.823,2775.441,2.827,5.574,6.78,52.971000000000004,1.8386313969049586,0.20224693599636856
Sweden,SWE,2000,8872062,303452356608,242.34,232.367,38.229,36.656,73464.648,-38.249,-5.543,145.23,474.707,0.16279727719860435,0.9588470743583395
Switzerland,CHE,2000,7183943,315545354240,178.189,104.968,50.038,29.476,50715.363,-9.09,-2.434,66.12,283.157,0.5581694572573298,0.5890823788224863
Taiwan,TWN,2000,22332827,591153922048,895.022,15.944,87.927,1.566,45722.219,65.802,6.888,184.84,910.966,0.5814293887945304,0.017814087251486557
Thailand,THA,2000,63007767,579217719296,722.589,18.012,97.568,2.432,11771.425,26.405,3.692,95.52,740.6010000000001,1.1377006089873911,0.02492703320974994
Trinidad and Tobago,TTO,2000,1319730,24996995072,118.978,0.064,99.946,0.054,90202.711,5.354,4.709,5.46,119.04199999999999,0.3853456092203027,5.379145724419641e-4
Turkey,TUR,2000,65425910,785054957568,771.39,86.621,89.904,10.096,13198.745,54.622,6.752,124.38,858.011,1.2912633463607233,0.11229209608628579
Turkmenistan,TKM,2000,4582628,18299209728,130.269,0.009,99.993,0.007,28428.648,6.997,5.676,9.85,130.278,2.014907896412292,6.908781060728184e-5
Ukraine,UKR,2000,49556602,253196025856,1332.646,31.333,84.408,1.985,31992.842,4.873,0.308,171.84,1363.979,-0.839972635078284,0.02351187036917531
United Arab Emirates,ARE,2000,3493539,160530694144,535.782,0,100,0,153363.656,-2.587,-0.481,39.94,535.782,6.9681132333709845,0
United Kingdom,GBR,2000,59057278,1889565278208,2392.519,28.888,90.022,1.087,45110.719,24.897,0.943,377.06,2421.4069999999997,0.37162496964791103,0.012074303276170432
United States,USA,2000,281484082,12947416940544,23225.385,1019.879,87.81,3.856,94308.125,581.16,2.238,3802.1,24245.264,0.9679992578952501,0.04391225376888263
Upper-middle-income countries,NA,2000,2398655294,NA,24143.025,2347.405,89.936,8.744,11252.834,1010.453,3.889,3408.39,26490.43,0.9897563718246534,0.09722911689815175
Uzbekistan,UZB,2000,24787003,116875837440,577.43,16.331,97.25,2.75,23997.02,13.645,2.348,46.86,593.761,1.2707522895718062,0.028282216026184994
Venezuela,VEN,2000,24526662,330236198912,586.059,174.683,77.038,22.962,31476.449,40.158,5.487,85.27,760.742,1.911836217149372,0.29806384681405795
Vietnam,VNM,2000,77153969,220383068160,171.122,40.419,80.893,19.107,2775.605,26.1,13.879,26.56,211.541,1.1359174915985806,0.2361999041619429
Algeria,DZA,2001,31331173,223420284928,310.61,0.191,99.939,0.061,9920.246,10.867,3.623,26.62,310.801,1.3827500457062794,6.149190302952255e-4
Argentina,ARG,2001,37624762,514867265536,558.672,102.321,82.098,15.036,18268.309,-16.294,-2.316,90.14,660.993,1.103965549677321,0.183150399518859
Australia,AUS,2001,19365383,713890070528,1264.47,47.975,96.345,3.655,67924.57,10.126,0.776,224.26,1312.445,1.2176030368548139,0.03794079733010668
Austria,AUT,2001,8042189,285335715840,281.9,117.456,70.589,29.411,50557.562,11.423,2.891,60.98,399.356,0.36587380904125266,0.4166583894998227
Azerbaijan,AZE,2001,8251722,36862177280,123.405,3.594,97.17,2.83,15418.293,-4.828,-3.656,18.96,126.999,0.9417551832866529,0.029123617357481462
Bangladesh,BGD,2001,136805753,213164802048,152.668,2.847,98.169,1.831,1138.044,19.436,14.265,17.38,155.51500000000001,1.6808588496094377,0.01864830874839521
Belarus,BLR,2001,9938024,94624120832,247.823,0.083,99.967,0.033,24945.752,-7.088,-2.779,25.07,247.906,-0.532765957106085,3.3491645246809217e-4
Belgium,BEL,2001,10286956,349015244800,602.887,3.186,82.125,0.434,71630.398,-6.49,-0.873,78.63,606.073,0.34417800335398946,0.0052845723991394745
Brazil,BRA,2001,176301154,1785513115648,1377.541,838.67,61.071,37.181,13068.838,-60.204,-2.546,328.55,2216.211,1.3118884229076944,0.6088167248742505
Bulgaria,BGR,2001,7928407,68877647872,164.595,4.561,73.753,2.044,28324.395,7.19,3.308,43.44,169.156,-0.9008089018703387,0.027710440778881497
Canada,CAN,2001,31213533,1161459924992,2350.008,948.536,66.972,27.032,114440.68,-75.392,-2.067,587.76,3298.544,1.0416274167127308,0.4036309663626677
Chile,CHL,2001,15683809,239642804224,244.261,65.168,78.939,21.061,19978.879,5.954,1.937,42.32,309.429,1.162499242110532,0.2667965823442957
China,CHN,2001,1278725010,6329737412608,11595.462,776.435,93.36,6.251,9751.951,669.779,5.676,1480.79,12371.896999999999,0.7202288893521038,0.06696024703457266
Colombia,COL,2001,39709209,336096690176,222.343,88.94,71.428,28.572,7979.627,2.68,0.853,43.14,311.283,1.5843743082448527,0.40001259315561993
Croatia,HRV,2001,4301031,57633267712,80.421,19.835,80.215,19.785,23602.701,4.966,5.144,12.75,100.256,-0.5784714760973968,0.24663955931908332
Cyprus,CYP,2001,964078,19289559040,30.61,0,100,0,31750.184,0.349,1.152,3.55,30.61,1.7368794842653006,0
Czechia,CZE,2001,10231897,181753184256,435.464,7.833,89.964,1.618,47427.371,10.768,2.269,74.22,443.297,-0.04743691676452485,0.017987709661418626
Denmark,DNK,2001,5358777,211243384832,219.657,16.698,92.935,7.065,44266.91,0.697,0.295,37.54,236.35500000000002,0.3588836196773774,0.0760185197831164
Ecuador,ECU,2001,12910685,90060701696,84.711,19.532,81.263,18.737,8170.207,1.354,1.3,10.98,104.243,1.74578945696874,0.23057218070852664
Egypt,EGY,2001,74651984,475678998528,550.442,40.313,93.176,6.824,7947.73,24.78,4.359,80.71,590.755,2.146513971014039,0.07323750731230538
Estonia,EST,2001,1388122,24618991616,57.754,0.089,99.846,0.154,41671.984,2.35,4.234,8.49,57.842999999999996,-0.6323038322637451,0.001541018803892371
Finland,FIN,2001,5187921,173703954432,237.285,62.526,65.418,17.238,70720.75,7.784,2.168,74.45,299.811,0.22748585530624524,0.26350591061381884
France,FRA,2001,59905084,2077786767360,1723.066,219.658,55.477,7.072,52467.105,25.137,0.806,542.6,1942.724,0.7084498751186713,0.12748089742354615
Germany,DEU,2001,81933833,2793372909568,3460.381,113.217,85.509,2.798,49586.344,74.62,1.871,578.94,3573.598,0.16703872504193298,0.03271807353005348
Greece,GRC,2001,10843115,234861772800,367.392,8.128,97.836,2.164,34678.711,2.973,0.797,52.54,375.52,0.5614334531129754,0.022123508405191186
High-income countries,NA,2001,1260502241,NA,61947.336,4503.93,84.458,6.141,58501.949,-17.82,-0.024,10811.34,66451.266,0.5238447335427279,0.07270578996326815
Hong Kong,HKG,2001,6774195,219159412736,249.42,0,100,0,36819.168,51.945,26.305,32.36,249.42,1.0376871358295814,0
Hungary,HUN,2001,10166641,142043463680,247.049,0.735,86.138,0.256,28292.951,6.842,2.437,36.42,247.78400000000002,-0.23459974870831285,0.0029751182963703555
Iceland,ISL,2001,285010,9632095232,10.201,22.69,31.014,68.986,117890.008,0.37,1.114,7.96,32.891000000000005,1.335447673633086,2.2242917361043033
India,IND,2001,1077898527,2940745547776,3462.326,212.162,92.907,5.693,3470.525,15.472,0.415,586.09,3674.488,1.8882146543572151,0.061277303177112726
Indonesia,IDN,2001,219097854,1185220919296,1195.432,51.054,95.904,4.096,5690.084,82.486,7.085,106.16,1246.486,1.3976941299851016,0.04270757349644313
Iran,IRN,2001,67451952,636570238976,1479.933,11.48,99.23,0.77,22121.549,95.574,6.843,127.59,1491.413,1.5557850862335731,0.007757107923128953
Iraq,IRQ,2001,25197800,97219510272,349.522,10.224,97.158,2.842,14302.616,37.782,11.711,32.25,359.746,3.1681487532903585,0.029251377595687827
Ireland,IRL,2001,3862927,158384848896,180.126,2.872,98.43,1.57,47416.77,9.819,5.664,24.58,182.998,1.5881769429664836,0.01594439447941996
Israel,ISR,2001,6259933,158567055360,227.154,0.055,99.976,0.024,36296.309,-0.159,-0.07,43.95,227.209,2.434732749667288,2.421264868767444e-4
Italy,ITA,2001,57305705,1910271901696,1937.066,152.428,92.705,7.295,36587.238,-3.423,-0.163,271.9,2089.494,0.05857995041394897,0.07869014272100176
Japan,JPN,2001,127260090,4224163250176,4990.448,277.407,81.102,4.508,48606.785,-67.62,-1.081,1083.14,5267.8550000000005,0.18289860709027075,0.05558759454061037
Kazakhstan,KAZ,2001,15575502,162896084992,392.451,22.324,94.618,5.382,26720.916,46.444,12.561,55.38,414.77500000000003,0.48023812565076196,0.056883534504944565
Kuwait,KWT,2001,2008081,75867439104,219.821,0,100,0,109468.047,1.659,0.76,34.3,219.821,2.7325868126965807,0
Latvia,LVA,2001,2338248,28242587648,32.625,7.844,80.618,19.382,17519.91,2.91,7.647,4.27,40.469,-1.2678848528992621,0.24042911877394638
Lithuania,LTU,2001,3472957,39077068800,57.355,0.905,63.979,1.01,26014.791,11.85,15.095,14.36,58.26,-0.7828056444512246,0.015778920756690788
Lower-middle-income countries,NA,2001,2169843418,NA,5782.382,439.334,92.081,6.996,2904.826,101.388,1.635,1051.25,6221.715999999999,2.018392232541056,0.07597803119890731
Luxembourg,LUX,2001,441701,22387798016,39.367,0.473,98.814,1.186,90257.188,2.662,7.156,0.87,39.839999999999996,1.2866610103419018,0.012015139583915462
Malaysia,MYS,2001,23526494,309934489600,607.239,18.551,97.036,2.964,26646.211,14.581,2.381,75.78,625.7900000000001,2.4326882551890128,0.030549750592435594
Mexico,MEX,2001,100099057,1251502718976,1553.269,99.071,92.653,5.91,16786.1,-15.905,-0.938,210.22,1652.34,1.4940778762980351,0.06378225535950309
Morocco,MAR,2001,28814598,146692866048,123.768,2.951,97.672,2.328,4404.207,9.442,8.038,15.6,126.719,1.3763950663151252,0.023842996574235668
Netherlands,NLD,2001,16182665,620170903552,1024.024,10.008,97.992,0.958,64609.707,38.738,3.848,92.14,1034.032,0.7719303358434364,0.009773208440427178
New Zealand,NZL,2001,3891714,107226685440,153.164,71.307,68.233,31.767,58453.16,-2.074,-0.904,39.28,224.471,0.8863982853236573,0.4655597921182524
North Macedonia,MKD,2001,2066242,15872667648,27.186,1.729,94.019,5.981,14047.031,-1.823,-5.91,6.37,28.915,0.43894357995189603,0.06359891120429634
Norway,NOR,2001,4513603,255455346688,164.356,333.657,33.002,66.998,115021.117,-64.018,-10.977,121.32,498.013,0.5073014488887444,2.0300871279417847
Oman,OMN,2001,2310176,64949141504,123.192,0,100,0,53325.875,12.233,11.024,9.74,123.192,1.2307139508082503,0
Pakistan,PAK,2001,159270863,477964435456,432.748,53.255,87.999,10.829,3108.856,11.396,2.356,72.11,486.003,2.8356271767386,0.12306238272620557
Peru,PER,2001,26964552,130005016576,93.803,49.172,65.608,34.392,5417.33,-1.283,-0.871,20.77,142.975,1.3770362027866159,0.5242049827830666
Philippines,PHL,2001,81401443,339580387328,250.545,52.256,82.743,17.257,3695.906,-6.861,-2.23,47.05,302.801,2.2305584001618177,0.20856931888483107
Poland,POL,2001,38247309,499086622720,1002.168,7.849,99.223,0.777,26419.02,-7.068,-0.695,143.72,1010.017,-0.028009809706590973,0.00783202018024922
Portugal,PRT,2001,10354271,244348174336,252.202,44.011,85.142,14.858,28855.48,4.749,1.615,46.06,296.213,0.6916265930186762,0.17450694284740012
Qatar,QAT,2001,677885,34920337408,129.628,0,100,0,191224.109,-5.217,-3.869,9.95,129.628,5.107412259960151,0
Romania,ROU,2001,21919873,173763428352,365.912,41.224,86.672,9.765,19393.592,4.773,1.136,53.55,407.13599999999997,-0.5730599239932884,0.11266096766435646
Russia,RUS,2001,146117233,1662886739968,6431.018,480.749,88.216,6.595,50153.344,114.177,1.583,891.27,6911.767,-0.40929134838885467,0.07475472778959723
Saudi Arabia,SAU,2001,17041344,506978107392,1422.332,0,100,0,83463.625,87.453,6.551,146.09,1422.332,5.3386016612268685,0
Singapore,SGP,2001,4116123,152550785024,499.211,1.478,99.705,0.295,121648.578,57.706,13.026,33.06,500.689,2.005604192909732,0.0029606719403218276
Slovakia,SVK,2001,5379393,76744253440,161.038,14.431,72.307,6.48,41744.145,6.311,2.892,31.82,175.46900000000002,-0.010371841676624936,0.08961238962232515
Slovenia,SVN,2001,1989637,44148367360,56.028,10.711,68.948,13.181,41329.156,3.765,4.799,14.48,66.739,0.14410295282704524,0.19117227100735348
South Africa,ZAF,2001,47566761,374889021440,1154.88,6.106,97,0.513,25049.77,6.153,0.519,210.1,1160.986,0.8632142310065261,0.005287129398725408
South Korea,KOR,2001,47043411,1127616217088,1992.183,6.763,86.29,0.293,49220.004,54.678,2.419,309.88,1998.946,0.5918817118402088,0.003394768452496583
Spain,ESP,2001,41245551,1147959115776,1261.818,137.169,80.117,8.709,38478.77,61.73,4.047,233.07,1398.987,0.5505400682759397,0.10870743641317529
Sri Lanka,LKA,2001,19600303,111509561344,42.86,8.625,83.248,16.752,2654.702,-1.514,-2.827,6.67,51.485,1.5927580410979894,0.20123658422771815
Sweden,SWE,2001,8895980,308398096384,246.559,231.713,36.394,34.203,78210.195,43.973,6.747,161.6,478.272,0.2695878365142173,0.9397872314537291
Switzerland,CHE,2001,7226349,325520162816,189.826,116.936,49.914,30.748,53848.289,24.79,6.804,71.05,306.762,0.5902886478915548,0.6160167732555077
Taiwan,TWN,2001,22446204,582366330880,934.501,18.222,88.936,1.734,46945.391,32.639,3.196,188.53,952.723,0.5076697186612336,0.019499176565889176
Thailand,THA,2001,63651090,596447985664,762.087,18.997,97.568,2.432,12289.004,40.517,5.463,100.99,781.084,1.0210217416528982,0.02492760012964399
Trinidad and Tobago,TTO,2001,1325528,25814788096,126.884,0.093,99.926,0.074,95795.609,7.937,6.667,5.64,126.977,0.4393322876649012,7.329529333879764e-4
Turkey,TUR,2001,66245077,732284583936,712.91,67.353,91.368,8.632,11841.927,-79.071,-9.157,122.24,780.2629999999999,1.2520528946406706,0.09447616108625212
Turkmenistan,TKM,2001,4675373,22282743808,151.913,0.009,99.994,0.006,32494.137,21.644,16.614,10.61,151.922,2.0238387231082253,5.924443596005608e-5
Ukraine,UKR,2001,49106813,281110347776,1312.779,33.282,84.343,2.138,31826.547,-22.556,-1.423,173.3,1346.061,-0.907626798140841,0.025352325105748946
United Arab Emirates,ARE,2001,3723546,177271832576,541.566,0,100,0,145443.625,5.784,1.08,43.17,541.566,6.583782233431486,0
United Kingdom,GBR,2001,59288055,1939268304896,2408.626,28.016,89.689,1.043,45402.168,27.69,1.039,384.77,2436.6420000000003,0.39076809466227,0.011631527684248195
United States,USA,2001,284279583,13073809145856,22750.32,849.316,88.059,3.287,91172.07,-627.879,-2.365,3727.57,23599.636,0.9931293379495613,0.03733204631846937
Upper-middle-income countries,NA,2001,2421696160,NA,24953.41,2386.082,90.049,8.611,11503.289,865.801,3.208,3552.75,27339.492,0.9605742875032713,0.09562148019048299
Uzbekistan,UZB,2001,25090234,119890051072,578.477,16.622,97.207,2.793,23760.396,1.34,0.225,47.96,595.0989999999999,1.2233467676588412,0.028734072400458447
Venezuela,VEN,2001,24979886,343312596992,639.439,166.964,79.295,20.705,32706.381,44.989,5.828,90.11,806.403,1.8478829283821825,0.2611101293477564
Vietnam,VNM,2001,77969304,234846339072,188.548,50.304,78.939,21.061,3104.361,27.896,13.026,30.61,238.852,1.0567635217833058,0.2667967838428411
Algeria,DZA,2002,31750790,245360918528,321.784,0.156,99.951,0.049,10139.921,11.138,3.583,27.65,321.94,1.339295531641921,4.8479725530169306e-4
Argentina,ARG,2002,38029300,460558532608,535.508,99.882,82.217,15.335,17306.42,-29.19,-4.247,84.59,635.3900000000001,1.075190854363411,0.18651822194999887
Australia,AUS,2002,19595306,747065704448,1288.995,49.676,96.289,3.711,68472.781,26.36,2.004,223.49,1338.6709999999998,1.1872886789793933,0.03853855135202232
Austria,AUT,2002,8081595,291231432704,283.941,115.543,71.077,28.923,50340.082,0.235,0.058,60.63,399.484,0.48999097136364245,0.4069260867574602
Azerbaijan,AZE,2002,8326090,40295215104,119.713,5.534,95.581,4.419,15086.149,-1.619,-1.272,18.68,125.247,0.9012421892060832,0.046227226784058544
Bangladesh,BGD,2002,138933610,226285289472,153.837,2.269,98.546,1.454,1124.599,0.554,0.356,18.95,156.106,1.5553856130597081,0.014749377587966486
Belarus,BLR,2002,9873403,98263261184,256.391,0.079,99.969,0.031,25976.469,8.565,3.455,26.46,256.47,-0.6502399269713979,3.0812314004781757e-4
Belgium,BEL,2002,10332929,355705520128,597.305,3.396,81.772,0.465,70984.18,-3.384,-0.459,80.94,600.7009999999999,0.4469057707644516,0.005685537539448021
Brazil,BRA,2002,178503419,1861742362624,1368.482,892.357,59.532,38.819,13173.614,47.484,2.061,345.72,2260.839,1.2491495092539213,0.6520779959107975
Bulgaria,BGR,2002,7861901,73450037248,155.022,5.797,71.696,2.681,27708.104,-6.729,-2.996,42.08,160.819,-0.8388318107281828,0.03739469236624479
Canada,CAN,2002,31535531,1199865593856,2428.989,991.027,66.997,27.335,117118.461,121.295,3.396,599.79,3420.016,1.0315974164155017,0.4079997892127136
Chile,CHL,2002,15857882,243288817664,247.417,69.111,78.166,21.834,20229.775,7.456,2.38,43.44,316.528,1.1098898233203427,0.27933003795212136
China,CHN,2002,1286866794,6814493573120,12657.191,801.056,93.569,5.922,10553.145,1110.428,8.905,1654.01,13458.247000000001,0.6367110939669508,0.0632886080331726
Colombia,COL,2002,40324632,344517672960,216.208,94.61,69.561,30.439,7859.615,0.071,0.023,44.71,310.818,1.549824374492073,0.4375878783393769
Croatia,HRV,2002,4305729,61317058560,84.543,16.031,84.06,15.94,23601.604,0.106,0.105,12.69,100.57400000000001,0.10922962424590756,0.18961948357640487
Cyprus,CYP,2002,981398,20131147776,30.186,0,100,0,30758.098,-0.424,-1.384,3.79,30.186,1.7965351351239216,0
Czechia,CZE,2002,10239426,187044888576,424.654,9.138,87.534,1.884,47537.484,1.485,0.306,76,433.792,0.07358361797426224,0.021518695220108606
Denmark,DNK,2002,5375919,213517287424,216.425,19.324,91.803,8.197,44040,-0.461,-0.194,39.1,235.74900000000002,0.3198864218458801,0.08928728196834931
Ecuador,ECU,2002,13138427,94404509696,82.147,20.614,79.94,20.06,7924.037,-1.374,-1.302,11.81,102.76100000000001,1.7639807647696464,0.2509403873543769
Egypt,EGY,2002,76239093,501912305664,568.773,38.926,93.595,6.405,8004.343,16.93,2.853,86.23,607.6990000000001,2.1260104754885014,0.06843855105639685
Estonia,EST,2002,1379391,25689833472,57.5,0.104,99.82,0.18,41762.68,-0.239,-0.413,8.53,57.604,-0.6289792972087468,0.0018086956521739129
Finland,FIN,2002,5200499,176751493120,245.975,57.801,67.417,15.842,70910.141,1.874,0.511,74.92,303.776,0.24244779363448288,0.23498729545685537
France,FRA,2002,60327203,2107316502528,1703.344,181.15,55.284,5.879,51700.051,-24.127,-0.768,551.24,1884.4940000000001,0.7046463702479743,0.10634962755614838
Germany,DEU,2002,82068282,2822441533440,3408.057,134.419,85.327,3.365,48882.746,-51.076,-1.257,583.76,3542.4759999999997,0.16409460546048174,0.039441535162117305
Greece,GRC,2002,10890234,246267117568,365.895,9.849,97.379,2.621,34560.375,0.345,0.092,53.36,375.74399999999997,0.4345522481316485,0.026917558315910303
High-income countries,NA,2002,1267817947,NA,62482.711,4563.374,84.468,6.169,58674.293,646.484,0.877,11047.229,67046.085,0.5803802454326616,0.07303418700894716
Hong Kong,HKG,2002,6821361,222182539264,243.433,0,100,0,35686.797,-5.988,-2.401,34.23,243.433,0.6962598508014606,0
Hungary,HUN,2002,10138414,151456661504,241.128,0.665,86.111,0.238,27707.701,-6.732,-2.34,36.15,241.79299999999998,-0.2776433238864242,0.0027578713380445245
Iceland,ISL,2002,287561,9623437312,10.559,23.568,30.94,69.06,121405.062,1.312,3.903,8.35,34.127,0.8950563138135504,2.2320295482526755
India,IND,2002,1097600334,3024984473600,3602.576,201.231,93.408,5.218,3526.61,129.935,3.473,609.64,3803.807,1.82779793333923,0.05585753083349248
Indonesia,IDN,2002,222088455,1244249980928,1234.537,46.724,96.353,3.647,5768.059,34.334,2.754,113.04,1281.261,1.3649613382338286,0.03784738732010462
Iran,IRN,2002,68011265,698059653120,1602.894,22.034,98.644,1.356,23913.211,134.226,8.996,138.23,1624.928,0.8292020963307334,0.013746386223917488
Iraq,IRQ,2002,26006512,112141844480,329.229,12.493,96.344,3.656,13171.277,-17.855,-4.954,33.86,341.722,3.209454793672464,0.037946231954050225
Ireland,IRL,2002,3928386,169226190848,177.301,3.815,97.894,2.106,46165.008,-1.814,-0.99,24.8,181.11599999999999,1.6945440594657883,0.021517081121933887
Israel,ISR,2002,6387661,158018043904,231.572,0.205,99.912,0.088,36285.977,4.57,2.011,45.5,231.77700000000002,2.0404052247843545,8.852538303421829e-4
Italy,ITA,2002,57420578,1929301852160,1960.268,135.213,93.547,6.453,36598.133,4.828,0.23,277.53,2095.481,0.20045648160161364,0.06897679296912462
Japan,JPN,2002,127484547,4226576285696,4994.481,276.792,81.446,4.514,48365.836,-19.807,-0.32,1103.07,5271.273,0.17637658436356599,0.05541957212371015
Kazakhstan,KAZ,2002,15656630,179807027200,397.997,24.355,94.233,5.767,27077.578,7.752,1.863,58.33,422.35200000000003,0.5208692471035604,0.061193928597451736
Kuwait,KWT,2002,2059936,83636158464,232.87,0,100,0,113047.141,13.049,5.936,36.37,232.87,2.5823161515895023,0
Latvia,LVA,2002,2311303,30014855168,34.057,6.812,83.332,16.668,17874.213,0.347,0.847,3.97,40.869,-1.1523585180015121,0.20001761752356342
Lithuania,LTU,2002,3444001,41716674560,57.322,0.98,59.066,1.01,28448.436,7.628,8.443,17.29,58.302,-0.8337563638133153,0.017096402777293185
Lower-middle-income countries,NA,2002,2211919984,NA,6001.808,429.7,92.482,6.621,2944.592,210.184,3.335,1104.85,6431.508,1.939152182639199,0.07159509267873947
Luxembourg,LUX,2002,446348,23160272896,43.133,0.425,99.025,0.975,97641.641,3.715,9.32,2.8,43.558,1.0520691599068148,0.009853244615491618
Malaysia,MYS,2002,24102434,329700343808,643.19,16.099,97.558,2.442,27395.031,33.395,5.327,80.87,659.2890000000001,2.4480485702629555,0.025029928947900307
Mexico,MEX,2002,101548570,1275457961984,1603.016,88.033,93.321,5.125,16948.561,40.829,2.43,215.73,1691.049,1.448078576804175,0.05491710625470987
Morocco,MAR,2002,29198087,151385800704,127.068,2.838,97.815,2.185,4455.497,3.187,2.511,15.1,129.906,1.3308844357294174,0.02233449806402871
Netherlands,NLD,2002,16288002,624424583168,1022.69,12.022,97.824,1.15,64222.805,0.504,0.048,94.64,1034.712,0.6509249249119351,0.011755272858833076
New Zealand,NZL,2002,3951062,112775905280,152.584,79.093,65.861,34.139,59551.676,7.809,3.433,40.21,231.67700000000002,1.5249835933473015,0.5183571016620353
North Macedonia,MKD,2002,2074432,16017432576,26.152,2.074,92.652,7.348,13671.933,-0.663,-2.285,6.09,28.226,0.3963717705864076,0.07930559804221474
Norway,NOR,2002,4537974,267081351168,164.79,355.445,31.676,68.324,119753.32,24.278,4.676,130.24,520.235,0.5399455822765095,2.156957339644396
Oman,OMN,2002,2337092,68131999744,131.161,0,100,0,56121.504,7.969,6.469,10.33,131.161,1.16510603521117,0
Pakistan,PAK,2002,163222500,504824725504,446.136,58.941,87.431,11.551,3149.745,18.959,3.829,75.77,505.077,2.48107966866482,0.1321144225079348
Peru,PER,2002,27288162,137911091200,96.151,50.182,65.707,34.293,5481.384,3.501,2.397,21.99,146.333,1.200131194465979,0.5219082484841552
Philippines,PHL,2002,83068839,354896576512,253.069,51.276,83.152,16.848,3638.976,1.433,0.476,48.46,304.34499999999997,2.048361722531135,0.20261667766498467
Poland,POL,2002,38229357,514089680896,991.386,7.745,99.225,0.775,26146.9,-10.877,-1.076,142.49,999.131,-0.046936635463687135,0.007812295110078214
Portugal,PRT,2002,10412991,247190700032,268.092,27.27,90.767,9.233,28511.641,-1.886,-0.631,45.55,295.36199999999997,0.5671089736785911,0.10171881294481
Qatar,QAT,2002,711170,41661485056,161.899,0,100,0,227652.234,32.271,24.895,10.94,161.899,4.910124873688015,0
Romania,ROU,2002,21769976,190219321344,379.02,43.971,86.515,10.037,20271.35,16.202,3.811,54.42,422.991,-0.6838406408650269,0.11601234763337026
Russia,RUS,2002,145939456,1781424717824,6427.902,444.871,88.529,6.127,50010.195,-29.807,-0.407,891.28,6872.773,-0.12166737375871332,0.06920936255717651
Saudi Arabia,SAU,2002,17910859,518347030528,1481.383,0,100,0,82708.633,59.05,4.152,154.91,1481.383,5.102385117042411,0
Singapore,SGP,2002,4146847,157982998528,480.73,1.478,99.693,0.307,116290.797,-18.48,-3.691,34.66,482.208,0.7464305609914962,0.003074490878455682
Slovakia,SVK,2002,5377634,80059375616,160.25,14.939,71.421,6.658,42105.285,1.869,0.832,32.18,175.189,-0.03269885654385169,0.09322308892355695
Slovenia,SVN,2002,1991524,45659926528,56.321,9.395,69.651,11.619,41074.035,-0.43,-0.523,14.6,65.716,0.09484142082198914,0.16681166882690293
South Africa,ZAF,2002,48019362,396137562112,1119.46,7.673,96.506,0.661,24180.35,-30.411,-2.552,220.57,1127.133,0.9515068726247725,0.006854197559537634
South Korea,KOR,2002,47299074,1203066634240,2077.049,9.476,86.083,0.393,51178.93,105.239,4.545,332.01,2086.525,0.5434618675928921,0.004562241911481145
Spain,ESP,2002,41755656,1191323500544,1335.614,96.552,83.226,6.016,38668.434,27.548,1.736,239.91,1432.166,1.2367515710967227,0.0722903473608393
Sri Lanka,LKA,2002,19805697,114770993152,45.612,7.412,86.021,13.979,2701.704,1.476,2.837,6.94,53.024,1.0479123715587457,0.16250109620275366
Sweden,SWE,2002,8924991,317463789568,249.531,196.894,39.418,31.103,72770.094,-46.284,-6.652,146.7,446.425,0.326113592881279,0.7890562695616977
Switzerland,CHE,2002,7278704,331802181632,180.875,99.257,51.062,28.021,49767.703,-26.882,-6.908,65.41,280.132,0.7245014045128461,0.548760193503801
Taiwan,TWN,2002,22566847,612808785920,971.877,12.656,88.927,1.158,48563.477,42.179,4.003,198.84,984.5329999999999,0.5374761808277249,0.013022224005712658
Thailand,THA,2002,64266381,630177398784,824.037,22.535,97.338,2.662,13194.16,65.732,8.403,108.44,846.572,0.9666621577101036,0.027347073007644072
Trinidad and Tobago,TTO,2002,1331963,27665233920,141.2,0.085,99.94,0.06,106073.961,14.307,11.267,5.64,141.285,0.4854669233694045,6.019830028328613e-4
Turkey,TUR,2002,67048743,796073328640,760.021,93.149,89.082,10.918,12814.355,74.717,9.525,128.46,853.17,1.2131709047602133,0.12256108712785568
Turkmenistan,TKM,2002,4769411,26092439552,130.336,0.009,99.993,0.007,27329.393,-21.577,-14.203,10.7,130.345,2.0113475438216373,6.9052295605205e-5
Ukraine,UKR,2002,48677235,301087064064,1306.632,26.436,84.477,1.709,31908.914,-9.663,-0.618,174.03,1333.068,-0.8747828941780441,0.020232169424903107
United Arab Emirates,ARE,2002,3956774,195394879488,591.693,0,100,0,149539.281,50.127,9.256,46.85,591.693,6.26359926800958,0
United Kingdom,GBR,2002,59540709,1983994265600,2350.893,32.467,89.591,1.237,44185.57,-60.966,-2.265,387.24,2383.36,0.4261465484067575,0.013810496692108062
United States,USA,2002,287084300,13307342749696,22941.4,1008.915,87.563,3.851,91601.211,378.912,1.462,3844.23,23950.315000000002,0.9866051477921297,0.04397791765105878
Upper-middle-income countries,NA,2002,2443167197,NA,26273.146,2489.191,90.105,8.537,11999.232,1458.66,5.236,3809.57,28762.337,0.8866115144684377,0.09474278413403556
Uzbekistan,UZB,2002,25399940,122757824512,593.098,16.948,97.222,2.778,24061.229,15,2.516,49.4,610.0459999999999,1.2343687189206765,0.028575378773828274
Venezuela,VEN,2002,25435624,314003718144,642.072,163.107,79.743,20.257,32074.764,-1.16,-0.142,91.85,805.179,1.824419855238731,0.2540322580645161
Vietnam,VNM,2002,78772174,250683375616,211.638,49.858,80.934,19.066,3361.025,22.71,9.383,35.8,261.496,1.0297257495077805,0.23558151182679857
Algeria,DZA,2003,32175762,273568645120,336.154,0.722,99.786,0.214,10471.302,14.972,4.65,29.57,336.876,1.3384611847453245,0.002147825103970204
Argentina,ARG,2003,38424224,503104143360,582.639,95.064,83.435,13.613,18341.496,46.607,7.081,92.07,677.703,1.038472966896577,0.16316106542816392
Australia,AUS,2003,19819398,774451036160,1306.224,51.548,96.203,3.797,68663.148,19.117,1.425,225.95,1357.772,1.1436004112413454,0.03946336922304291
Austria,AUT,2003,8122551,294489292800,304.807,96.892,75.879,24.121,50194.031,0.875,0.215,57.97,401.699,0.5067811490182322,0.3178798387176147
Azerbaijan,AZE,2003,8400486,44994637824,128.872,6.73,95.037,4.963,16193.73,10.427,8.301,21.26,135.602,0.893528655107019,0.05222236017133279
Bangladesh,BGD,2003,140970309,242325880832,162.741,2.231,98.647,1.353,1171.226,8.863,5.673,20.07,164.972,1.4659512554233638,0.013708899416864833
Belarus,BLR,2003,9803112,103937867776,254.471,0.076,99.97,0.03,25966.432,-1.924,-0.75,26.63,254.547,-0.7119227281617088,2.986587862664115e-4
Belgium,BEL,2003,10376207,358937067520,626.13,3.591,82.514,0.473,73407.461,28.216,3.847,83.57,629.721,0.418835743476027,0.0057352307028891766
Brazil,BRA,2003,180622646,1904932683776,1351.825,942.937,57.989,40.449,13211.71,34.799,1.48,364.39,2294.762,1.187219276735534,0.6975288961219093
Bulgaria,BGR,2003,7804359,77722337280,168.577,8.161,75.317,3.646,28875.219,7.514,3.449,42.28,176.738,-0.7319094961892804,0.048411111836134224
Canada,CAN,2003,31836434,1224575811584,2495.393,948.963,68.423,26.02,116565.227,17.628,0.477,588.27,3444.3559999999998,0.9541713440626702,0.3802859910242595
Chile,CHL,2003,16024700,250723123200,251.507,66.905,78.988,21.012,20124.541,1.688,0.526,46.63,318.41200000000003,1.0519563709706,0.2660164528223867
China,CHN,2003,1294517277,7248623435776,14859.568,788.52,94.25,5.001,12219.811,2238.265,16.481,1910.58,15648.088,0.5945046554678604,0.05306479973038247
Colombia,COL,2003,40937378,357889179648,216.349,100.138,68.36,31.64,7886.763,5.927,1.87,46.2,316.48699999999997,1.519532775897372,0.4628539997873806
Croatia,HRV,2003,4306636,65731227648,90.491,14.871,85.886,14.114,24687.391,4.697,4.623,13.16,105.362,0.021064957873567984,0.16433678487363385
Cyprus,CYP,2003,999549,20821862400,32.088,0,100,0,32102.781,1.902,6.302,4.05,32.088,1.8495044823812563,0
Czechia,CZE,2003,10248852,196327997440,436.258,6.016,85.079,1.173,50205.641,27.794,5.71,82.79,442.274,0.09205594141702865,0.013790004997043035
Denmark,DNK,2003,5390562,215549132800,231.08,23.006,90.946,9.054,47348.043,18.477,7.804,45.97,254.086,0.27238133610272025,0.09955859442617275
Ecuador,ECU,2003,13372246,97642545152,85.783,19.565,81.428,18.572,7972.291,2.498,2.399,11.48,105.348,1.7796574886780585,0.2280754928132614
Egypt,EGY,2003,77853500,528750444544,607.635,36.038,94.401,5.599,8297.528,35.748,5.858,92.19,643.673,2.117557983015354,0.05930863100380985
Estonia,EST,2003,1370799,27160244224,62.678,0.133,99.789,0.211,45824.086,5.209,9.042,10.16,62.811,-0.6228835768828418,0.002121956667411213
Finland,FIN,2003,5212916,180408467456,273.592,55.748,69.923,14.248,75759.461,26.16,7.094,84.28,329.34,0.2387655492290259,0.20376326793181088
France,FRA,2003,60741072,2130940657664,1738.047,176.867,55.765,5.675,51909.551,34.122,1.094,559.13,1914.914,0.6860404252456392,0.10176192013219434
Germany,DEU,2003,82111559,2831676080128,3405.057,138.846,85.262,3.477,48841.734,-1.252,-0.031,602.03,3543.903,0.052732918181472355,0.04077640991031869
Greece,GRC,2003,10918420,262880264192,381.198,16.097,95.948,4.052,36481.105,21.945,5.831,57.28,397.29499999999996,0.2588190483326621,0.04222739888456918
High-income countries,NA,2003,1275301273,NA,63658.332,4529.433,85.031,6.05,59013.219,871.312,1.171,11196.479,68187.765,0.5902524110585098,0.07115224131226058
Hong Kong,HKG,2003,6858869,225487405056,251.405,0,100,0,36654.066,7.973,3.275,35.43,251.405,0.5498609441722846,0
Hungary,HUN,2003,10108909,160456146944,252.717,0.98,89.077,0.345,28132.326,3.475,1.237,34.13,253.697,-0.29102185016315174,0.003877855466786959
Iceland,ISL,2003,289558,9810546688,10.638,23.688,30.991,69.009,121172.242,0.175,0.501,8.44,34.326,0.6944613490702842,2.2267343485617594
India,IND,2003,1116802952,3251114344448,3739.946,205.485,93.619,5.144,3589.451,137.901,3.563,638.13,3945.431,1.7495091250582657,0.0549433066680642
Indonesia,IDN,2003,225047958,1309811277824,1347.749,44.486,96.805,3.195,6183.917,110.658,8.638,117.39,1392.2350000000001,1.3325784989588945,0.03300762975895363
Iran,IRN,2003,68769299,779969691648,1628.308,26.201,98.416,1.584,24083.342,29.827,1.834,151.65,1654.509,1.114571240514347,0.016090936112823865
Iraq,IRQ,2003,26802610,94480596992,290.23,12.959,95.726,4.274,11343.014,-38.517,-11.244,28.33,303.189,3.0611486846063785,0.04465079419770526
Ireland,IRL,2003,3992878,177468850176,173.529,3.136,98.225,1.775,44292.531,-4.499,-2.481,24.82,176.665,1.6416920333185183,0.018071907289271535
Israel,ISR,2003,6502766,159162892288,238.591,0.237,99.901,0.099,36728.371,7.053,3.043,47.04,238.828,1.80198980503192,9.9333168476598e-4
Italy,ITA,2003,57739646,1947667660800,2033.775,131.188,93.94,6.06,37583.391,68.566,3.263,286.27,2164.963,0.5556683877337494,0.06450467726272571
Japan,JPN,2003,127671194,4288493387776,5193.62,312.698,84.68,5.098,48271.754,-2.984,-0.048,1092.59,5506.318,0.14640754851644883,0.06020810147835228
Kazakhstan,KAZ,2003,15747335,197584125952,439.679,23.5,94.926,5.074,29509.166,40.747,9.611,63.86,463.179,0.5793392320058659,0.05344808371561981
Kuwait,KWT,2003,2109842,104974065664,278.113,0,100,0,131817.094,45.243,19.429,39.8,278.113,2.4226966274680377,0
Latvia,LVA,2003,2288934,32298350592,34.044,6.38,84.217,15.783,17838.621,-0.481,-1.165,3.97,40.424,-0.9678090670067924,0.18740453530724946
Lithuania,LTU,2003,3415225,46106058752,58.174,0.908,57.443,0.896,29933.715,4.254,4.342,18.82,59.082,-0.8355398270790281,0.01560834737167807
Lower-middle-income countries,NA,2003,2253563143,NA,6180.091,450.939,92.438,6.745,2977.472,196.718,3.02,1162.14,6631.030000000001,1.8826702277309864,0.07296640130379957
Luxembourg,LUX,2003,451802,23454191616,45.285,0.398,99.128,0.872,101159.133,2.122,4.868,2.79,45.683,1.2219165314956042,0.00878878215744728
Malaysia,MYS,2003,24679556,350966710272,699.236,15.171,97.876,2.124,28984.602,55.04,8.336,83.31,714.407,2.3944552653893796,0.021696537363636883
Mexico,MEX,2003,102978472,1306677477376,1634.618,76.741,93.945,4.41,16915.822,20.864,1.212,224.9,1711.359,1.4080966378945563,0.04694736017834136
Morocco,MAR,2003,29571375,160559923200,125.681,4.481,96.557,3.443,4411.366,0.358,0.275,16.34,130.162,1.2784673187664657,0.035653758324647324
Netherlands,NLD,2003,16366857,629811511296,1029.642,11.832,97.835,1.124,64341.992,7.015,0.671,95.47,1041.4740000000002,0.4841293609860804,0.01149137272955066
New Zealand,NZL,2003,4022538,118221537280,149.795,75.006,66.634,33.366,56698.27,-7.221,-3.069,40.37,224.801,1.8090326094604439,0.5007243232417637
North Macedonia,MKD,2003,2081368,16465999872,27.991,3.744,88.203,11.797,15362.784,3.614,12.743,6.73,31.735,0.33435658532070467,0.13375727912543317
Norway,NOR,2003,4564617,277856288768,172.322,289.054,37.35,62.65,105141.438,-63.507,-11.686,106.67,461.376,0.5871122223265272,1.6774062510880792
Oman,OMN,2003,2363747,69978415104,136.129,0,100,0,57590.168,4.967,3.787,10.71,136.129,1.1405199281842562,0
Pakistan,PAK,2003,167110208,543920291840,474.271,70.277,86.272,12.784,3316.56,40.122,7.804,82.08,544.548,2.3818456401537778,0.14817899470977564
Peru,PER,2003,27580445,144583671808,93.116,51.292,64.481,35.519,5354.215,-1.905,-1.274,22.93,144.40800000000002,1.0710981560429025,0.5508398127067314
Philippines,PHL,2003,84731786,375676502016,261.725,52.139,83.388,16.612,3680.834,9.598,3.175,52.94,313.86400000000003,2.001890263568027,0.19921291431846402
Poland,POL,2003,38203476,537330319360,1027.221,6.64,99.358,0.642,27071.01,34.627,3.464,150.01,1033.861,-0.06769928147104332,0.006464042304431082
Portugal,PRT,2003,10454189,245847244800,253.432,48.838,83.843,16.157,29191.812,8.285,2.791,46.39,302.27,0.3956404072566662,0.1927065248271726
Qatar,QAT,2003,744647,47126237184,163.62,0,100,0,219728.047,1.72,1.063,12.01,163.62,4.707313300617293,0
Romania,ROU,2003,21593390,204513411072,389.129,36.137,88.714,8.239,20434.238,-0.062,-0.014,54.84,425.266,-0.8111446700722132,0.09286637593188891
Russia,RUS,2003,145794184,1955876044800,6577.551,425.335,88.735,5.738,51088.918,150.007,2.055,916.29,7002.886,-0.09954264869947164,0.06466464494155955
Saudi Arabia,SAU,2003,18786715,607244582912,1569.191,0,100,0,83526.633,87.808,5.927,166.58,1569.191,4.890083719602728,0
Singapore,SGP,2003,4138194,160287784960,452.694,1.547,99.659,0.341,109775.867,-27.966,-5.799,35.32,454.24100000000004,-0.20866455888051816,0.0034173194254838806
Slovakia,SVK,2003,5376146,84281958400,159.734,9.818,73.196,4.499,40899.742,-6.544,-2.89,30.98,169.55200000000002,-0.027670161264228842,0.06146468503887713
Slovenia,SVN,2003,1992449,46758350848,56.781,8.438,71.506,10.627,40270.719,-1.563,-1.91,13.83,65.219,0.046446841715188966,0.1486060477976788
South Africa,ZAF,2003,48500305,413710090240,1218.415,4.127,96.927,0.328,25937.115,96.833,8.34,234.23,1222.542,1.0015605788348458,0.0033871874525510603
South Korea,KOR,2003,47514113,1229830488064,2121.526,13.989,85.241,0.562,52558.258,76.543,3.162,347.77,2135.515,0.45463680747745716,0.006593838585998947
Spain,ESP,2003,42506499,1239651844096,1358.223,154.827,80.767,9.207,39871.102,80.155,4.964,257.3,1513.05,1.7981827419978744,0.11399232673868724
Sri Lanka,LKA,2003,19951470,121043296256,45.42,9.059,83.372,16.628,2759.781,1.553,2.901,7.63,54.479,0.7360155009944866,0.19944958168207835
Sweden,SWE,2003,8958387,326402408448,249.21,162.606,41.848,27.305,68007.477,-40.235,-6.195,135.39,411.81600000000003,0.374185251279245,0.6524858553027567
Switzerland,CHE,2003,7333404,337991892992,178.532,97.702,50.92,27.866,48866.699,-3.885,-1.073,65.34,276.23400000000004,0.7515074112094681,0.5472520332489413
Taiwan,TWN,2003,22664087,636240068608,1022.671,13.874,89.51,1.214,50539.586,49.509,4.518,209.06,1036.545,0.4308975906115728,0.013566435344309166
Thailand,THA,2003,64868110,672602587136,886.855,23.49,97.42,2.58,14054.522,63.749,7.518,115.94,910.345,0.9363044730961279,0.02648685523563604
Trinidad and Tobago,TTO,2003,1338674,31435997184,154.74,0.043,99.972,0.028,115625.008,13.498,9.553,6.44,154.78300000000002,0.5038428244628417,2.778854853302313e-4
Turkey,TUR,2003,67831688,848549707776,806.281,96.957,89.266,10.734,13406.974,50.231,5.846,139.54,903.2379999999999,1.1677250981424068,0.12025212053862115
Turkmenistan,TKM,2003,4863821,30907678720,167.955,0.009,99.995,0.005,34533.355,37.619,28.861,10.8,167.964,1.9794897105743245,5.358578190586764e-5
Ukraine,UKR,2003,48315085,335257370624,1338.498,25.256,84.418,1.593,32948.875,38.69,2.491,180.58,1363.7540000000001,-0.7439822742602368,0.01886891127218718
United Arab Emirates,ARE,2003,4192414,224547225600,631.155,0,100,0,150547,39.462,6.669,49.45,631.155,5.955356560672912,0
United Kingdom,GBR,2003,59820332,2050625372160,2388.923,31.795,89.729,1.194,44612.496,37.894,1.44,398.21,2420.718,0.46963330584457774,0.013309344838657422
United States,USA,2003,289908046,13680911581184,23043.094,1054.698,87.655,4.012,91005.008,85.814,0.326,3868.94,24097.792,0.9835947141658391,0.045770676455167005
Upper-middle-income countries,NA,2003,2464247422,NA,28953.055,2522.622,90.66,7.899,13023.581,2777.195,9.473,4177.46,31475.677,0.8628236751821452,0.08712800773528043
Uzbekistan,UZB,2003,25711212,125924024320,532.406,19.496,96.468,3.532,21514.186,-57.998,-9.49,48.74,551.9019999999999,1.2254832098028579,0.03661867071370345
Venezuela,VEN,2003,25892668,291333931008,558.465,164.937,77.2,22.8,28348.365,-81.827,-10.03,91.95,723.402,1.7968656872738802,0.2953399049179447
Vietnam,VNM,2003,79563721,268202917888,230.267,51.733,81.655,18.345,3586.166,20.573,7.771,40.93,282,1.0048561056598488,0.2246652798707587
Algeria,DZA,2004,32628233,296773582848,349.055,0.68,99.806,0.194,10720.097,12.856,3.816,31.25,349.735,1.4062479701335433,0.0019481170589162168
Argentina,ARG,2004,38815865,550306316288,638.637,85.461,85.674,11.465,19351.803,46.399,6.584,100.26,724.098,1.0192554571824275,0.13381780260147785
Australia,AUS,2004,20046631,809792438272,1347.753,53.661,96.171,3.829,70058.859,43.582,3.203,229.23,1401.414,1.146518173760878,0.039815159009106274
Austria,AUT,2004,8173453,303692480512,307.233,108.616,73.881,26.119,51686.535,14.754,3.619,61.85,415.849,0.6266750433453727,0.35352973150670663
Azerbaijan,AZE,2004,8489831,50107478016,145.959,7.466,95.134,4.866,18127.326,17.863,13.131,21.72,153.425,1.0635694172932375,0.05115135072177803
Bangladesh,BGD,2004,142902810,260372742144,173.204,2.161,98.767,1.233,1228.084,10.389,6.292,25.13,175.365,1.3708567525378694,0.01247661716819473
Belarus,BLR,2004,9735039,114486403072,284.935,0.092,99.968,0.032,29279.127,30.482,11.975,31.2,285.027,-0.6944019409346746,3.2288065699194555e-4
Belgium,BEL,2004,10421247,372499152896,629.156,4.487,82.582,0.589,73371.258,2.929,0.385,82.91,633.6429999999999,0.4340699833763918,0.0071317765387280746
Brazil,BRA,2004,182675086,2038447996928,1425.762,989.595,58.27,40.444,13703.963,117.039,4.905,387.49,2415.357,1.1363137709764257,0.6940814806398263
Bulgaria,BGR,2004,7749383,83228672000,162.37,8.509,75.016,3.931,28120.309,-7.438,-3.3,41.36,170.87900000000002,-0.7044268465866319,0.052405000923815975
Canada,CAN,2004,32132620,1265917231104,2508.973,951.993,67.733,25.7,117266.117,57.046,1.537,598.5,3460.966,0.9303366074228038,0.37943533071101204
Chile,CHL,2004,16187270,264146059264,277.375,63.188,81.446,18.554,21269.738,21.809,6.763,51,340.563,1.0144963712269184,0.22780712032447048
China,CHN,2004,1302100264,7830953263104,17332.893,975.653,93.969,5.289,14214.832,2690.381,17.008,2203.31,18308.546,0.5857771954634174,0.056289103036636756
Colombia,COL,2004,41543134,376728256512,227.413,105.497,68.311,31.689,8172.966,16.667,5.162,49.33,332.91,1.4797137227499035,0.46390048062335926
Croatia,HRV,2004,4310013,69483831296,88.545,20.686,81.062,18.938,25647.502,4.221,3.971,13.87,109.231,0.07841387105852457,0.23362132249138856
Cyprus,CYP,2004,1017824,21975894016,31.226,0.002,99.993,0.007,30681.496,-0.86,-2.68,4.2,31.227999999999998,1.8283245743830465,6.404918977774931e-5
Czechia,CZE,2004,10261411,208725901312,446.547,8.088,84.899,1.538,51437.812,13.274,2.58,83.79,454.63500000000005,0.12254055381031943,0.01811231516503302
Denmark,DNK,2004,5404551,222528946176,213.308,27.013,88.76,11.24,44712.641,-13.581,-5.321,40.24,240.321,0.2595091198283222,0.12663847581900353
Ecuador,ECU,2004,13608650,106393264128,92.688,20.096,82.182,17.818,8381.136,7.449,6.987,12.8,112.784,1.7678705581695102,0.2168133954773002
Egypt,EGY,2004,79477386,561597906944,643.622,36.142,94.683,5.317,8581.734,36.062,5.582,98.25,679.764,2.085822731155311,0.05615407801473537
Estonia,EST,2004,1362623,28392968192,63.921,0.178,99.722,0.278,47046.395,1.291,2.055,10.31,64.099,-0.5964404701199811,0.0027846873484457376
Finland,FIN,2004,5228095,187633926144,253.283,73.847,65.163,18.999,75219.359,-1.674,-0.424,85.84,327.13,0.2911805983445734,0.291559244007691
France,FRA,2004,61175198,2196883505152,1751.327,178.738,55.689,5.684,51983.973,27.088,0.859,566.3,1930.065,0.7147157363307648,0.10205861041370344
Germany,DEU,2004,82092658,2894624980992,3366.811,172.275,84.342,4.316,48845.941,-0.578,-0.014,609.6,3539.0860000000002,-0.023018683642335912,0.05116859841553328
Greece,GRC,2004,10947321,278667919360,381.141,16.089,95.95,4.05,36377.152,-0.084,-0.021,58.22,397.23,0.26469947116890535,0.04221272442481916
High-income countries,NA,2004,1282401500,NA,64772.32,4731.293,84.747,6.19,59909.93,1568.953,2.085,11454.38,69503.613,0.5567489933807979,0.07304498279511988
Hong Kong,HKG,2004,6888102,243895615488,281.527,0,100,0,40871.484,30.122,11.981,37.05,281.527,0.426207294526255,0
Hungary,HUN,2004,10085736,171925389312,253.057,2.837,87.811,0.985,28647.066,4.54,1.596,33.71,255.89399999999998,-0.22923344151183872,0.011210912956369515
Iceland,ISL,2004,292127,10591927296,11.129,23.96,31.717,68.283,122483.711,0.694,1.979,8.54,35.089,0.8872143059421602,2.1529337766196424
India,IND,2004,1135991467,3495022821376,3977.076,298.403,91.784,6.887,3831.588,343.941,8.58,698.32,4275.479,1.7181647814985361,0.07503075123532968
Indonesia,IDN,2004,227926604,1387446403072,1330.411,47.047,96.585,3.415,6040.208,-14.953,-1.074,124.78,1377.458,1.279125580868412,0.035362756321166915
Iran,IRN,2004,70256267,849441914880,1797.438,32.464,98.226,1.774,26075.365,175.763,10.612,162.76,1829.902,2.162255572795645,0.01806126275287381
Iraq,IRQ,2004,27577831,155937259520,309.44,15.582,95.206,4.794,11821.43,21.987,7.232,32.29,325.022,2.8923339928462193,0.05035548086866598
Ireland,IRL,2004,4066012,191402770432,176.311,3.823,97.877,2.123,44358.422,3.507,1.983,25.18,180.13400000000001,1.8316111837126003,0.021683275575545485
Israel,ISR,2004,6615035,166466420736,243.254,0.229,99.906,0.094,36808.426,4.653,1.948,47.28,243.483,1.7264807006741438,9.414028135200244e-4
Italy,ITA,2004,58176688,1994293772288,2065.802,152.939,93.107,6.893,38239.648,54.604,2.516,293.71,2218.741,0.7569183919139373,0.07403371668727206
Japan,JPN,2004,127815728,4380398190592,5128.467,312.186,82.513,5.023,48875.883,84.194,1.366,1121.19,5440.652999999999,0.11320799584595409,0.06087316151200739
Kazakhstan,KAZ,2004,15850121,217713180672,467.406,21.834,95.537,4.463,30953.879,25.932,5.58,66.95,489.24,0.6527199681723924,0.04671313590326183
Kuwait,KWT,2004,2157272,123477843968,309.895,0,100,0,143651.25,31.782,11.428,41.26,309.895,2.248035634895883,0
Latvia,LVA,2004,2264130,34720423936,36.703,8.677,80.879,19.121,20283.32,5.093,12.472,4.69,45.38,-1.0836485455675,0.23641119254556844
Lithuania,LTU,2004,3376654,49123581952,60.363,1.172,58.913,1.144,30612.145,1.136,1.111,18.75,61.535,-1.1293838619710268,0.01941586733595083
Lower-middle-income countries,NA,2004,2295610639,NA,6615.117,545.335,91.564,7.548,3159.969,544.139,8.109,1257.26,7160.452,1.865822847281098,0.08243769535746685
Luxembourg,LUX,2004,458256,24195538944,51.204,0.547,98.943,1.057,112993.125,6.076,13.294,3.37,51.751,1.4285018658615942,0.010682759159440669
Malaysia,MYS,2004,25256718,377079431168,755.028,16.904,97.81,2.19,30602.855,57.601,8.052,96.06,771.932,2.3386239201385957,0.02238857366879109
Mexico,MEX,2004,104394075,1373060333568,1724.594,91.874,93.658,4.989,17662.854,101.932,5.852,235.39,1816.468,1.3746591617712098,0.05327282827146563
Morocco,MAR,2004,29952970,168466890752,143.404,4.852,96.727,3.273,4959.876,18.113,13.885,17.47,148.256,1.290420212113911,0.03383448160441829
Netherlands,NLD,2004,16425521,646331432960,1061.81,15.799,97.596,1.452,66283.695,35.668,3.387,99.82,1077.609,0.35843167689434813,0.014879309857695821
New Zealand,NZL,2004,4083857,123732221952,145.488,85.41,63.01,36.99,57465.316,6.609,2.898,42.27,230.898,1.5243858479397834,0.5870587264929066
North Macedonia,MKD,2004,2086534,17324216320,27.306,4.016,87.178,12.822,15133.746,-0.399,-1.246,6.66,31.322000000000003,0.24820214397453982,0.14707390317146415
Norway,NOR,2004,4591693,297743122432,171.14,296.621,36.587,63.413,105952.016,6.569,1.369,110.1,467.76099999999997,0.5931713438389244,1.733206731331074
Oman,OMN,2004,2404771,74745446400,141.451,0,100,0,58821.164,5.323,3.91,11.5,141.451,1.7355495321622831,0
Pakistan,PAK,2004,171285944,592025747456,533.245,74.41,86.82,12.115,3613.284,64.674,11.669,85.96,607.655,2.4987916955976743,0.13954186162083093
Peru,PER,2004,27852131,152840585216,106.286,48.091,68.848,31.152,5651.132,9.724,6.585,24.25,154.377,0.9850674998173525,0.45246786971002767
Philippines,PHL,2004,86394464,404092190720,266.068,55.418,82.762,17.238,3695.393,7.378,2.366,55.94,321.486,1.9622836700267359,0.2082851000496114
Poland,POL,2004,38167521,570430062592,1031.939,8.841,99.151,0.849,27280.227,7.012,0.678,152.54,1040.78,-0.09411447272494262,0.008567366869553335
Portugal,PRT,2004,10481336,251279589376,262.782,34.061,88.525,11.475,28503.184,-6.425,-2.105,44.68,296.84299999999996,0.2596758103378464,0.1296169448440152
Qatar,QAT,2004,773295,63193935872,197.57,0,100,0,255491.062,33.95,20.749,13.23,197.57,3.847192025214632,0
Romania,ROU,2004,21403163,228570972160,396.308,44.763,86.889,9.814,21456.963,18.002,4.08,56.47,441.07099999999997,-0.8809501426130868,0.11295002876550561
Russia,RUS,2004,145180052,2143914688512,6606.419,477.514,88.367,6.387,51757.027,65.621,0.881,931.91,7083.933,-0.4212321665725705,0.07228030798530945
Saudi Arabia,SAU,2004,19669438,690846629888,1702.448,0,100,0,86552.945,133.257,8.492,173.41,1702.448,4.6986554062272194,0
Singapore,SGP,2004,4172716,175483142144,511.992,1.497,99.708,0.292,123066.281,59.247,13.042,36.82,513.489,0.834228651435868,0.0029238738105282895
Slovakia,SVK,2004,5375995,88594620416,156.056,11.2,73.129,5.248,40000.598,-4.84,-2.201,30.46,167.256,-0.00280870348387116,0.07176910852514481
Slovenia,SVN,2004,1993503,48578174976,57.861,11.476,68.775,13.64,42710.328,4.906,6.114,15.27,69.337,0.05289972290382338,0.19833739479096457
South Africa,ZAF,2004,48991365,439265853440,1331.142,4.48,97.033,0.327,28020.705,114.815,9.127,244.61,1335.622,1.0124884781652403,0.0033655312506103785
South Korea,KOR,2004,47697022,1281243873280,2189.605,12.754,85.645,0.499,53768.199,67.324,2.696,368.02,2202.359,0.3849572020843575,0.005824794883095352
Spain,ESP,2004,43234511,1289831710720,1421.262,138.948,82.031,8.02,40348.77,49.678,2.931,276.61,1560.21,1.7127075085623964,0.0977638183529849
Sri Lanka,LKA,2004,20087563,127113019392,44.932,8.064,84.784,15.216,2663.682,-1.555,-2.824,8.09,52.996,0.6821201645793519,0.17947120092584348
Sweden,SWE,2004,8993754,341901246464,248.317,190.474,38.245,29.336,73895.367,55.359,9.087,151.56,438.791,0.3947920535248142,0.7670598468892584
Switzerland,CHE,2004,7384137,353894694912,182.675,94.595,52.22,27.041,48368.34,-1.201,-0.335,63.87,277.27,0.6918069698601087,0.5178322156835911
Taiwan,TWN,2004,22745385,675272458240,1068.863,14.547,89.788,1.222,52462.871,47.855,4.178,218.41,1083.41,0.3587084712479263,0.013609789093644367
Thailand,THA,2004,65451997,712165883904,966.805,21.791,97.796,2.204,15121.482,78.041,8.56,124.13,988.596,0.9001140930420202,0.022539188357528148
Trinidad and Tobago,TTO,2004,1345344,33689561088,169.699,0.079,99.954,0.046,126198.375,14.996,9.688,6.43,169.77800000000002,0.49825424263114093,4.6553014455005625e-4
Turkey,TUR,2004,68592567,931152789504,840.378,125.573,87,13,14197.478,64.424,7.084,149.75,965.951,1.1217161513067462,0.14942442567511285
Turkmenistan,TKM,2004,4958043,35857575936,187.136,0.009,99.995,0.005,37745.762,19.181,11.42,11.92,187.14499999999998,1.937201225127323,4.8093365253077975e-5
Ukraine,UKR,2004,47979445,381078077440,1311.274,31.94,83.042,2.023,33053.152,-6.056,-0.38,182.44,1343.214,-0.6946898675641365,0.0243579907784338
United Arab Emirates,ARE,2004,4428915,252047949824,675.065,0,100,0,152422.297,43.91,6.957,52.41,675.065,5.641165209351939,0
United Kingdom,GBR,2004,60169911,2099526631424,2426.199,41.578,90.375,1.549,44717.562,21.917,0.821,393.92,2467.777,0.5843815778220689,0.017137093865754623
United States,USA,2004,292786200,14198910222336,23500.695,1057.395,87.665,3.944,91872.898,516.033,1.956,3951.95,24558.09,0.9927816905088588,0.04499420123532517
Upper-middle-income countries,NA,2004,2485794367,NA,32267.018,2836.052,90.664,7.969,14387.11,3670.072,11.436,4605.62,35103.07,0.8743823695476306,0.08789321653460509
Uzbekistan,UZB,2004,26029305,133132058624,537.135,17.597,96.828,3.172,21354.656,2.691,0.486,49.7,554.732,1.2371762171304876,0.03276085155500945
Venezuela,VEN,2004,26340788,346317455360,615.032,189.905,76.407,23.593,31015.162,82.949,11.301,98.55,804.937,1.7306829871684137,0.3087725516721081
Vietnam,VNM,2004,80338926,288149012480,296.429,48.287,85.992,14.008,4328.843,62.446,21.886,46.2,344.71599999999995,0.9743196902517921,0.16289566810264855
Algeria,DZA,2005,33109211,326854475776,364.681,1.493,99.592,0.408,11062.527,16.494,4.715,33.91,366.174,1.4741159902836296,0.004093988993120015
Argentina,ARG,2005,39216734,601050382336,676.376,95.036,85.629,12.032,20306.811,45.21,6.019,105.75,771.412,1.0327452447601,0.14050764663441637
Australia,AUS,2005,20294430,840092352512,1349.514,57.624,95.905,4.095,69494.445,5.906,0.421,230.74,1407.138,1.2361129408727083,0.04269981637834065
Austria,AUT,2005,8229148,311441129472,312.749,111.701,73.683,26.317,52417.352,8.893,2.105,64.37,424.45000000000005,0.6814133512482423,0.3571586160147594
Azerbaijan,AZE,2005,8597205,64019173376,158.22,8.09,95.136,4.864,19406.004,12.939,8.408,22.84,166.31,1.2647366007639023,0.051131336114271266
Bangladesh,BGD,2005,144715747,280264343552,187.978,2.135,98.877,1.123,1314.626,14.751,8.405,26.96,190.113,1.268650350542442,0.011357712072689355
Belarus,BLR,2005,9667778,123858067456,284,0.099,99.965,0.035,29386.893,-0.927,-0.325,30.96,284.099,-0.6909165951980265,3.4859154929577465e-4
Belgium,BEL,2005,10478829,380840050688,618.787,6.356,82.167,0.844,72156.711,-8.502,-1.112,84.38,625.143,0.5525442396672875,0.010271709004875668
Brazil,BRA,2005,184688047,2129214439424,1446.699,1035.215,57.674,41.27,13910.281,65.69,2.624,403.07,2481.9139999999998,1.1019351593462505,0.7155704123663594
Bulgaria,BGR,2005,7695001,89684787200,172.514,11.565,73.654,4.937,30680.381,18.171,8.338,43.89,184.079,-0.7017590948853606,0.0670380374926093
Canada,CAN,2005,32440126,1310077878272,2473.381,1007.859,66.365,27.043,117037.266,28.636,0.76,620.5,3481.24,0.9569901240546211,0.407482308629362
Chile,CHL,2005,16348730,278000697344,278.36,74.364,78.917,21.083,21856.557,13.028,3.784,52.22,352.72400000000005,0.9974504657054586,0.267150452651243
China,CHN,2005,1310027084,8602939555840,19713.346,1097.714,94.08,5.239,16050.938,2518.027,13.604,2500.26,20811.06,0.608771860290476,0.05568379918863088
Colombia,COL,2005,42128928,394076061696,220.059,107.325,67.217,32.783,7935.201,-5.229,-1.54,49.94,327.384,1.4100862010073676,0.48771011410576254
Croatia,HRV,2005,4313901,73522774016,89.066,18.983,82.431,17.569,25333.199,-1.256,-1.136,13.05,108.049,0.09020854461459861,0.21313408034491277
Cyprus,CYP,2005,1036110,23006189568,34.99,0.002,99.993,0.007,33773.234,3.764,12.055,4.38,34.992000000000004,1.796577797340208,5.7159188339525575e-5
Czechia,CZE,2005,10280103,225302577152,442.445,8.772,85.465,1.695,50547.348,-8.193,-1.552,81.93,451.217,0.18215818467850084,0.0198261930861463
Denmark,DNK,2005,5419506,229074714624,204.475,27.765,88.045,11.955,43106.668,-8.035,-3.325,36.08,232.24,0.27671123836189165,0.13578677099889963
Ecuador,ECU,2005,13846112,112798228480,100.689,18.823,84.25,15.75,8719.039,6.669,5.847,12.64,119.512,1.7449342881182188,0.18694196982788588
Egypt,EGY,2005,81100965,600297439232,661.748,35.363,94.927,5.073,8624.023,17.363,2.546,104.94,697.1110000000001,2.042818821444379,0.05343877125431433
Estonia,EST,2005,1354799,30566893568,64.141,0.308,99.523,0.477,47581.875,0.357,0.557,10.2,64.44900000000001,-0.5741866972743012,0.004801920768307323
Finland,FIN,2005,5246037,192990740480,223.277,67.243,63.238,19.045,68155.766,-35.706,-9.08,70.56,290.52,0.34318427649076766,0.3011640249555485
France,FRA,2005,61624978,2238790500352,1744.267,159.685,55.947,5.122,51181.828,-26.051,-0.819,569.14,1903.952,0.7352326019443369,0.09154848426301707
Germany,DEU,2005,82046684,2945460994048,3308.255,196.868,83.893,4.992,48297.324,-47.258,-1.179,613.34,3505.123,-0.056002572117959684,0.05950810926001774
Greece,GRC,2005,10981291,282859765760,381.222,17.275,95.665,4.335,36389.727,1.374,0.345,58.73,398.49699999999996,0.3103042287697602,0.04531480344785978
High-income countries,NA,2005,1289635086,NA,65219.805,4867.671,84.72,6.323,60020.492,575.945,0.75,11731.32,70087.476,0.5640656221939853,0.07463485976384014
Hong Kong,HKG,2005,6908426,259469639680,270.09,0,100,0,39095.801,-11.436,-4.062,38.38,270.09,0.29505950986207813,0
Hungary,HUN,2005,10065654,183107043328,264.136,5.781,86.008,1.882,30606.781,19.151,6.628,35.75,269.91700000000003,-0.19911288576262556,0.02188645243359481
Iceland,ISL,2005,296803,11206861824,11.256,24.043,31.888,68.112,120969.766,0.123,0.345,8.61,35.299,1.6006736795982568,2.136016346837242
India,IND,2005,1154676277,3752627535872,4249.498,291.814,92.603,6.359,3991.09,255.766,5.876,704.52,4541.312,1.6448019675133703,0.06867022881290921
Indonesia,IDN,2005,230871600,1474875359232,1367.98,49.523,96.506,3.494,6137.143,40.168,2.918,132.89,1417.503,1.292080848973646,0.036201552654278574
Iran,IRN,2005,71828417,908856000512,1898.726,39.029,97.986,2.014,27012.984,108.342,5.914,177.07,1937.755,2.2377363146835,0.020555361858425072
Iraq,IRQ,2005,28407405,170895704064,294.254,13.155,95.721,4.279,10851.659,-17.742,-5.442,30.4,307.409,3.0081190939200404,0.044706274171294184
Ireland,IRL,2005,4155232,204898238464,182.757,5.103,97.284,2.716,45286.039,7.812,4.331,25.58,187.86,2.194287670572541,0.02792232308475188
Israel,ISR,2005,6728156,172697419776,244.356,0.287,99.883,0.117,36362.043,1.16,0.477,48.61,244.643,1.7100589792797771,0.0011745158702876131
Italy,ITA,2005,58519638,2029243465728,2081.253,136.635,93.839,6.161,37986.055,-1.726,-0.078,294.63,2217.888,0.5894972914236712,0.06565035581930692
Japan,JPN,2005,127913277,4450600615936,5248.729,285.784,83.02,4.52,49673.781,106.83,1.71,1153.07,5534.513,0.07632002847098755,0.05444822927607807
Kazakhstan,KAZ,2005,15968071,240059744256,482.13,21.118,95.804,4.196,31602.148,14.003,2.854,67.92,503.248,0.744158356898348,0.043801464335345236
Kuwait,KWT,2005,2236749,142799929344,341.361,0,100,0,152614.953,31.467,10.154,43.73,341.361,3.684143677755981,0
Latvia,LVA,2005,2239738,38143684608,37.548,9.229,80.27,19.73,21150.156,1.447,3.15,4.92,46.777,-1.0773232985738452,0.24579205283903266
Lithuania,LTU,2005,3322225,52913078272,64.577,1.277,68.961,1.363,28396.092,-9.028,-8.734,14.42,65.854,-1.6119211503458748,0.01977484243616148
Lower-middle-income countries,NA,2005,2337229821,NA,6987.823,540.958,92.148,7.134,3257.418,359.275,4.953,1293.96,7528.781,1.8129895938332945,0.07741438213303341
Luxembourg,LUX,2005,465327,24872865792,51.939,0.582,98.892,1.108,112937.711,0.773,1.493,3.35,52.521,1.543023986592647,0.011205452550106855
Malaysia,MYS,2005,25836027,399781036032,817.333,17.999,97.845,2.155,32374.359,63.497,8.215,98.75,835.332,2.293682813420176,0.022021623989243063
Mexico,MEX,2005,105811451,1427140378624,1887.348,100.962,93.556,5.005,19092.105,176.266,9.559,247.97,1988.31,1.3577169010789167,0.05349410919448878
Morocco,MAR,2005,30358088,174390738944,157.981,3.148,98.046,1.954,5314.363,12.771,8.596,19.26,161.129,1.3525136238576676,0.01992644685120363
Netherlands,NLD,2005,16465658,664118296576,1078.145,22.375,97.02,2.013,67549.203,23.498,2.158,98.53,1100.52,0.24435754579717744,0.020753238200798593
New Zealand,NZL,2005,4134949,127087214592,149.443,76.259,66.213,33.787,55323.238,-5.921,-2.523,42.48,225.702,1.2510722094333862,0.5102882035291048
North Macedonia,MKD,2005,2089764,18219128832,28.312,4.011,87.591,12.409,15592.222,1.007,3.189,6.94,32.323,0.15480217432354326,0.14167137609494207
Norway,NOR,2005,4623060,314940751872,167.396,367.151,31.315,68.685,120793.703,71.937,14.787,137.25,534.547,0.683124938884198,2.193308083825181
Oman,OMN,2005,2459758,80936607744,156.123,0,100,0,63470.828,14.671,10.372,12.65,156.123,2.2865794705608145,0
Pakistan,PAK,2005,175453160,641139015680,546.46,82.526,85.947,12.98,3655.327,22.434,3.625,94.56,628.986,2.4329001567110495,0.1510192877795264
Peru,PER,2005,28101118,163489480704,111.062,49.494,69.173,30.827,5826.454,6.334,4.024,25.5,160.55599999999998,0.8939603221024631,0.44564297419459403
Philippines,PHL,2005,88015905,426864115712,268.047,53.558,83.347,16.653,3628.223,0.08,0.025,56.57,321.605,1.8767880775323753,0.1998082425843229
Poland,POL,2005,38124333,595958562816,1049.876,11.55,98.912,1.088,27854.562,20.718,1.99,155.29,1061.426,-0.11315379901146842,0.011001299201048505
Portugal,PRT,2005,10502943,254196924416,274.163,22.875,92.299,7.701,28398.053,-0.488,-0.163,46.01,297.038,0.206147384264754,0.08343576631419994
Qatar,QAT,2005,825378,76893675520,223.673,0,100,0,270994.062,26.103,13.212,14.4,223.673,6.735204546777103,0
Romania,ROU,2005,21213352,244044808192,387.305,54.339,84.828,11.901,21705.629,1.202,0.262,59.33,441.644,-0.8868362120122151,0.14030028014097415
Russia,RUS,2005,144597838,2331247116288,6597.732,465.437,88.383,6.235,51894.988,-10.185,-0.136,954.11,7063.169,-0.401028923725692,0.07054499940282509
Saudi Arabia,SAU,2005,20559827,768984285184,1811.106,0,100,0,88089.555,108.658,6.382,191.05,1811.106,4.5267638048428225,0
Singapore,SGP,2005,4268321,190691508224,540.778,1.493,99.725,0.275,127052.867,28.782,5.605,38.22,542.2710000000001,2.2911935535512122,0.0027608371642337524
Slovakia,SVK,2005,5376650,94444699648,164.046,12.697,73.105,5.658,42083.348,11.224,5.22,31.34,176.743,0.012183791093555704,0.07739902222547335
Slovenia,SVN,2005,1996858,50309132288,58.88,9.648,69.809,11.438,42721.434,0.165,0.194,15.11,68.528,0.16829671186850484,0.1638586956521739
South Africa,ZAF,2005,49489992,470188851200,1263.038,4.988,97.278,0.384,26254.229,-73.451,-5.351,244.93,1268.026,1.0177854811761216,0.003949208179009658
South Korea,KOR,2005,47851594,1322354606080,2227.569,11.074,84.595,0.421,55225.688,78.054,3.044,389.47,2238.643,0.3240705467943051,0.004971338710495612
Spain,ESP,2005,43958840,1348839669760,1491.832,113.369,84.769,6.442,40272.441,25.87,1.483,289.46,1605.201,1.6753491209834663,0.07599314131886163
Sri Lanka,LKA,2005,20216481,134388318208,51.853,9.326,84.756,15.244,3056.239,8.28,15.474,8.81,61.179,0.6417801900608849,0.17985458893410217
Sweden,SWE,2005,9029713,354496937984,237.69,222.23,36.271,33.911,74532.82,8.413,1.266,158.36,459.91999999999996,0.3998219208575195,0.9349572973200386
Switzerland,CHE,2005,7431778,371135479808,184.278,87.269,55.197,26.14,45854.688,-16.377,-4.585,57.8,271.547,0.6451803372553895,0.47357253714496583
Taiwan,TWN,2005,22824882,709314019328,1081.085,16.981,89.678,1.409,52957.633,15.464,1.296,227.5,1098.066,0.34950826288497644,0.01570736806079078
Thailand,THA,2005,66017363,739238412288,998.502,21.497,97.892,2.108,15467.404,31.386,3.171,130.43,1019.9989999999999,0.8637872424274541,0.021529250817724953
Trinidad and Tobago,TTO,2005,1351993,35495976960,187.153,0.076,99.959,0.041,138485.484,17.451,10.279,7.05,187.22899999999998,0.49422303886589597,4.060848610495156e-4
Turkey,TUR,2005,69329509,1017383813120,882.3,106.905,89.193,10.807,14367.84,22.274,2.287,161.63,989.2049999999999,1.0743758868216726,0.12116626997619857
Turkmenistan,TKM,2005,5052212,41000509440,175.234,0.008,99.995,0.005,34686.328,-11.902,-6.36,12.82,175.24200000000002,1.8993179365326198,4.565324080943196e-5
Ukraine,UKR,2005,47585510,399366225920,1326.107,33.336,82.984,2.086,33739.105,19.621,1.237,186.39,1359.443,-0.8210495140158458,0.025138242992458374
United Arab Emirates,ARE,2005,4664749,262413271040,704.598,0,100,0,151047.375,29.533,4.375,60.7,704.598,5.324870764058466,0
United Kingdom,GBR,2005,60596057,2161729470464,2436.095,50.338,90.031,1.86,44766.648,22.031,0.819,398.35,2486.433,0.7082377103732129,0.02066339777389634
United States,USA,2005,295716618,14673826021376,23515.395,1087.422,87.693,4.055,91007.953,13.447,0.05,4034.99,24602.817,1.0008729919647852,0.04624298252272607
Upper-middle-income countries,NA,2005,2507748787,NA,35124.844,3033.05,90.894,7.849,15485.721,3070.898,8.587,5002.77,38157.894,0.8831953395443509,0.08635056144306294
Uzbekistan,UZB,2005,26356932,140239290368,541.974,18.483,96.702,3.298,21309.84,5.815,1.046,47.67,560.457,1.258685162742532,0.03410311195740017
Venezuela,VEN,2005,26785743,383570378752,628.45,207.227,75.202,24.798,31702.916,32.222,3.944,105.39,835.677,1.6892243314816549,0.329743018537672
Vietnam,VNM,2005,81088259,308988641280,322.285,44.605,87.842,12.158,4560.355,22.017,6.331,52.08,366.89000000000004,0.9327147340754842,0.13840234574987975
Algeria,DZA,2006,33623459,345705316352,378.601,0.582,99.847,0.153,11278.437,12.949,3.535,35.23,379.183,1.5531871176271763,0.001537238411942916
Argentina,ARG,2006,39622060,652296781824,703.27,105.101,84.832,12.678,21100.846,39.692,4.984,113.43,808.371,1.0335536865461565,0.1494461586588366
Australia,AUS,2006,20590515,866678669312,1408.571,59.05,95.976,4.024,71432.789,60.488,4.289,237.99,1467.6209999999999,1.458947110118392,0.041921919448859875
Austria,AUT,2006,8269852,323236888576,306.076,113.148,73.01,26.99,51496.051,-5.485,-1.272,62.21,419.22400000000005,0.4946320080766563,0.3696728917001006
Azerbaijan,AZE,2006,8711329,87026409472,156.927,6.733,95.886,4.114,18836.57,-2.746,-1.646,24.51,163.66,1.3274546785844934,0.04290529991652169
Bangladesh,BGD,2006,146405934,303255453696,203.589,2.162,98.949,1.051,1406.255,15.637,8.219,30.16,205.751,1.1679357879415846,0.010619434252341728
Belarus,BLR,2006,9607999,134673940480,302.003,0.103,99.966,0.034,31443.791,18.006,6.338,31.81,302.106,-0.6183323613761094,3.4105621467336416e-4
Belgium,BEL,2006,10548397,390874955776,621.709,8.897,82.31,1.178,71882.117,2.123,0.281,83.34,630.606,0.6638909748407956,0.01431055365130632
Brazil,BRA,2006,186653053,2240805339136,1481.59,1061.542,57.428,41.147,14152.367,72.52,2.823,419.45,2543.1319999999996,1.0639594884015424,0.7164883672271006
Bulgaria,BGR,2006,7640243,96404594688,175.432,11.318,73.442,4.738,31504.359,4.615,1.955,45.44,186.75,-0.7116048457953417,0.06451502576496876
Canada,CAN,2006,32759122,1348293361664,2362.242,980.157,65.572,27.208,112017.961,-127.094,-3.347,608.43,3342.3990000000003,0.9833377342615748,0.4149265824585288
Chile,CHL,2006,16509144,293258330112,284.811,79.932,78.085,21.915,22392.578,12.355,3.458,55.04,364.743,0.9812015979222851,0.28064927267556383
China,CHN,2006,1318053984,9489543593984,21612.988,1209.74,94.095,5.267,17486.639,2021.17,9.612,2865.72,22822.728000000003,0.612727789985142,0.055972825228978056
Colombia,COL,2006,42691022,420283842560,261.502,117.135,69.064,30.936,9041.402,51.685,15.461,53.34,378.637,1.3342233631010028,0.44793156457694394
Croatia,HRV,2006,4315751,78256431104,89.033,17.778,83.356,16.644,25012.982,-1.335,-1.222,12.91,106.811,0.042884618817168034,0.19967877079285207
Cyprus,CYP,2006,1054370,24267407360,34.408,0.004,99.988,0.012,32637.436,-0.581,-1.66,4.65,34.412,1.7623611392612752,1.1625203441060219e-4
Czechia,CZE,2006,10304542,243991789568,447.798,10.031,84.895,1.902,51380.777,9.823,1.89,83.66,457.829,0.23773108109909016,0.022400725327044783
Denmark,DNK,2006,5437380,239411019776,228.184,26.039,89.758,10.242,46986.117,21.865,9.359,45.44,254.223,0.32980865783707963,0.11411404831188866
Ecuador,ECU,2006,14086093,118581673984,106.935,19.518,84.565,15.435,9064.662,6.961,5.766,14.08,126.453,1.7332013492307445,0.1825220928601487
Egypt,EGY,2006,82700350,650403840000,698.543,35.804,95.124,4.876,8907.391,37.228,5.323,111.66,734.347,1.9720912075460506,0.05125525558197563
Estonia,EST,2006,1346833,33162229760,63.291,0.371,99.417,0.583,47281.52,-0.784,-1.216,9.73,63.662,-0.587983900194789,0.005861812895988371
Finland,FIN,2006,5266198,200966848512,253.284,64.958,66.744,17.117,72825.258,25.965,7.262,82.29,318.24199999999996,0.38430914612306394,0.25646310070908546
France,FRA,2006,62049790,2297018187776,1713.03,176.385,55.382,5.702,50426.129,-25.148,-0.797,567.3,1889.415,0.6893503475165541,0.10296667308803699
Germany,DEU,2006,81701921,3086359199744,3360.617,234.34,83.134,5.797,49722.051,99.752,2.517,630.2,3594.9570000000003,-0.42020345392630376,0.06973124280452071
Greece,GRC,2006,11016060,301538672640,388.89,21.11,94.851,5.149,37336.93,11.7,2.928,59.41,410,0.316620331798875,0.05428270204942272
High-income countries,NA,2006,1297059602,NA,65458.68,5034.236,84.544,6.502,60014.293,437.586,0.565,11866.87,70492.916,0.5757067313536164,0.07690708092494379
Hong Kong,HKG,2006,6931043,274690736128,285.75,0.002,99.999,0.001,41227.918,15.662,5.799,38.54,285.752,0.32738282207843,6.99912510936133e-6
Hungary,HUN,2006,10049900,194033319936,260.493,4.689,86.493,1.557,30056.074,-6.017,-1.953,35.85,265.182,-0.15651243327060518,0.01800048369821838
Iceland,ISL,2006,303836,11775508480,11.453,27.716,29.24,70.76,129616.82,3.478,9.687,9.85,39.169,2.369585213087469,2.419977298524404
India,IND,2006,1172878840,4069856116736,4440.676,344.743,91.891,7.134,4139.274,246.45,5.348,744.43,4785.419000000001,1.5764213193409187,0.07763300002071756
Indonesia,IDN,2006,233951608,1565012918272,1395.47,46.632,96.766,3.234,6159.938,24.236,1.71,138,1442.102,1.3340783361834023,0.033416698316696164
Iran,IRN,2006,73392696,995245162496,2067.248,49.825,97.647,2.353,28889.395,179.971,9.275,193.43,2117.073,2.177799630472157,0.024102091282710153
Iraq,IRQ,2006,28616456,190082842624,285.431,13.344,95.534,4.466,10470.625,-8.635,-2.801,33.83,298.775,0.7359031914389927,0.046750352974974686
Ireland,IRL,2006,4268715,219163000832,187.192,6.692,96.549,3.451,45515.902,6.12,3.253,27.07,193.88400000000001,2.731086976611655,0.03574939099961537
Israel,ISR,2006,6843981,181910798336,245.789,0.167,99.932,0.068,35938.105,1.31,0.536,50.56,245.956,1.7214969450767788,6.794445642400596e-4
Italy,ITA,2006,58754384,2086553649152,2074.359,142.478,93.573,6.427,37816.137,-1.066,-0.048,305.61,2216.837,0.4011405538769737,0.06868531435494049
Japan,JPN,2006,127997206,4514225061888,5173.467,315.815,82.081,5.011,49501.879,-17.834,-0.281,1164.35,5489.281999999999,0.06561398626352134,0.06104513665594079
Kazakhstan,KAZ,2006,16103670,267135188992,521.287,20.77,96.168,3.832,33743.27,38.765,7.682,71.66,542.057,0.8491883584435466,0.03984369454830065
Kuwait,KWT,2006,2364699,159619973120,328.633,0,100,0,138974.672,-12.728,-3.729,47.6,328.633,5.720355748454565,0
Latvia,LVA,2006,2218989,42361249792,36.954,7.507,83.116,16.884,20249.84,-2.437,-5.144,4.89,44.461,-0.9264029989221955,0.20314444985657842
Lithuania,LTU,2006,3269761,56827408384,64.611,1.401,72.48,1.571,27434.684,-4.633,-4.911,12.07,66.012,-1.5791826261014834,0.021683614245252357
Lower-middle-income countries,NA,2006,2379083910,NA,7182.981,607.146,91.572,7.74,3310.975,263.754,3.464,1364.54,7790.1269999999995,1.790756245874547,0.08452563079312057
Luxembourg,LUX,2006,472821,26045644800,50.909,0.682,98.679,1.321,109188.547,-0.926,-1.763,3.54,51.591,1.6104803718675256,0.01339645249366517
Malaysia,MYS,2006,26417859,426608951296,825.147,18.928,97.758,2.242,31993.602,8.778,1.049,103.99,844.075,2.252018083120907,0.022938943000459313
Mexico,MEX,2006,107253625,1510732333056,1911.173,105.942,93.402,5.178,19108.309,29.272,1.449,256.25,2017.115,1.3629659043235312,0.05543297231595465
Morocco,MAR,2006,30771131,188101132288,161.348,3.117,98.105,1.895,5351.274,3.331,2.065,19.87,164.465,1.3605698751515576,0.019318491707365444
Netherlands,NLD,2006,16493808,691453820928,1054.878,24.382,96.908,2.24,66059.688,-22.666,-2.038,97.52,1079.26,0.17096188928495903,0.023113573323171023
New Zealand,NZL,2006,4181891,130823651328,149.966,77.417,65.953,34.047,55062.277,1.506,0.658,43.04,227.383,1.1352497938910493,0.5162303455449901
North Macedonia,MKD,2006,2089193,19227781120,28.489,4.412,86.591,13.409,15883.699,0.6,1.842,7.01,32.901,-0.027323659513705856,0.15486679069114395
Norway,NOR,2006,4660441,332457541632,168.454,322.121,34.338,65.662,109688.477,-47.24,-8.459,121.22,490.575,0.8085770031104939,1.9122193595877803
Oman,OMN,2006,2514741,90553434112,170.587,0,100,0,67834.805,14.464,9.265,13.29,170.587,2.2353011962965463,0
Pakistan,PAK,2006,179682648,685965639680,586.635,80.885,87,11.995,3782.374,38.288,5.97,99.53,667.52,2.410608050604503,0.13787960145576042
Peru,PER,2006,28324448,176775282688,107.816,54.391,66.468,33.532,5846.291,1.863,1.138,27.36,162.207,0.7947370634862285,0.5044798545670401
Philippines,PHL,2006,89508940,452834623488,248.277,59.447,80.682,19.318,3410.942,-14.032,-4.394,56.78,307.724,1.6963240905152313,0.23943820813043498
Poland,POL,2006,38071124,638713856000,1096.479,13.351,98.797,1.203,29165.385,48.422,4.56,160.7,1109.8300000000002,-0.13956703190059747,0.012176247789515348
Portugal,PRT,2006,10524070,259159932928,249.968,43.448,85.192,14.808,28114.064,-2.389,-0.801,48.4,293.416,0.20115314345702912,0.17381424822377264
Qatar,QAT,2006,972793,103895908352,245.365,0,100,0,252227.125,21.692,9.698,17.08,245.365,17.86030158303226,0
Romania,ROU,2006,21035673,274969690112,399.986,49.095,86.178,10.578,22229.373,7.161,1.555,62.56,449.081,-0.8375809725874533,0.1227417959628587
Russia,RUS,2006,144102900,2576148332544,6915.315,464.923,88.675,5.962,54384.309,333.034,4.438,992.12,7380.237999999999,-0.3422858922690117,0.06723092151261367
Saudi Arabia,SAU,2006,21459088,833723432960,1900.17,0,100,0,88548.492,89.064,4.918,196.31,1900.17,4.373874352152866,0
Singapore,SGP,2006,4407007,211578601472,597.312,1.481,99.753,0.247,135880.094,56.522,10.423,39.49,598.793,3.249193301066157,0.0024794412300439303
Slovakia,SVK,2006,5376793,102275719168,156.725,13.49,71.769,6.177,40949.777,-6.089,-2.691,31.25,170.215,0.002659648665990905,0.08607433402456532
Slovenia,SVN,2006,2003069,52944719872,60.097,9.962,70.791,11.735,42849.512,0.522,0.612,15.11,70.059,0.3110386417061203,0.16576534602392798
South Africa,ZAF,2006,49998227,505574490112,1288.987,9.169,97.285,0.692,26522.154,26.739,2.058,253.81,1298.1560000000002,1.0269450033453227,0.007113337838162836
South Korea,KOR,2006,48006467,1381281431552,2267.987,11.247,84.723,0.42,55951.668,43.405,1.642,402.99,2279.234,0.32365275020932427,0.004959023133730484
Spain,ESP,2006,44695400,1415738556416,1469.746,140.503,82.989,7.933,39893.738,12.737,0.719,295.59,1610.249,1.6755674171565946,0.09559679019367971
Sri Lanka,LKA,2006,20352372,144414687232,53.094,12.442,81.016,18.984,3259.278,4.548,7.36,9.43,65.536,0.6721792976730223,0.23433909669642522
Sweden,SWE,2006,9080584,372234682368,240.173,195.787,39.05,31.833,69394.562,-42.867,-6.369,143.28,435.96000000000004,0.5633733873933756,0.8151915494247897
Switzerland,CHE,2006,7478464,393075130368,182.742,86.527,53.257,25.217,46813.547,9.312,2.732,62.13,269.269,0.6281942221632563,0.4734926836742512
Taiwan,TWN,2006,22914594,745966010368,1113.889,17.471,89.977,1.411,54161.875,32.346,2.676,235.54,1131.36,0.39304474827076874,0.015684686714744468
Thailand,THA,2006,66567647,773067112448,1013.12,28.375,97.276,2.724,15668.248,21.881,2.143,136.78,1041.495,0.8335443510520103,0.028007541061276058
Trinidad and Tobago,TTO,2006,1358660,39852728320,216.854,0.09,99.959,0.041,159676.172,29.714,15.87,7.17,216.94400000000002,0.49312385493120153,4.1502577771219344e-4
Turkey,TUR,2006,70045304,1096826028032,978.131,119.337,89.126,10.874,15776.238,108.936,10.936,176.25,1097.468,1.0324535833652015,0.12200513019217263
Turkmenistan,TKM,2006,5147061,46020001792,180.033,0.008,99.995,0.005,34979.508,4.799,2.738,13.65,180.041,1.877375692073096,4.443629778984964e-5
Ukraine,UKR,2006,47278638,436786757632,1341.312,34.548,82.945,2.136,34358.672,18.939,1.18,193.61,1375.86,-0.6448853863287375,0.025756870884626398
United Arab Emirates,ARE,2006,5009050,307378585600,741.293,0,100,0,147990.734,36.695,5.208,62.44,741.293,7.380911598887743,0
United Kingdom,GBR,2006,61051051,2212618829824,2415.492,54.691,90.403,2.047,43870.457,-34.345,-1.266,397.27,2470.183,0.7508640372425552,0.022641764079533278
United States,USA,2006,298730164,15065164021760,23188.213,1197.585,87.169,4.502,89378.195,-212.602,-0.79,4046.94,24385.798,1.0190654892448419,0.051646282531560325
Upper-middle-income countries,NA,2006,2529343322,NA,37649.773,3243.819,90.953,7.836,16445.16,2761.16,7.11,5497.39,40893.592000000004,0.8611123694663759,0.08615773061898672
Uzbekistan,UZB,2006,26698989,148405075968,508.145,15.641,97.014,2.986,19655.781,-36.872,-6.565,49.32,523.786,1.2977876180733023,0.03078058428204548
Venezuela,VEN,2006,27224637,423878557696,702.314,217.683,76.339,23.661,34305.965,84.781,9.984,110.42,919.997,1.6385358434895758,0.3099511044917231
Vietnam,VNM,2006,82167850,329425420288,282.675,52.906,84.234,15.766,4125.314,-30.823,-8.335,57.9,335.581,1.3313777029051765,0.18716193508446094
Algeria,DZA,2007,34189375,371665272832,399.001,0.601,99.85,0.15,11689.005,20.42,5.385,37.19,399.602,1.6830986960621748,0.0015062618890679471
Argentina,ARG,2007,40016709,714725195776,757.522,86.543,87.741,10.024,21717.828,33.017,3.949,113.52,844.065,0.9960335227396052,0.11424486681574925
Australia,AUS,2007,20954497,911250751488,1446.271,56.918,96.214,3.786,71877.984,35.329,2.402,243.19,1503.1889999999999,1.7677168346687782,0.0393550033154229
Austria,AUT,2007,8296906,336303980544,292.997,120.222,70.906,29.094,50629.188,-5.799,-1.362,62.83,413.219,0.32714007457449057,0.41031819438424283
Azerbaijan,AZE,2007,8828270,109944250368,144.387,6.287,95.827,4.173,17112.199,-13.02,-7.935,21.82,150.674,1.3424013718228298,0.04354270121271306
Bangladesh,BGD,2007,147989238,327072514048,209.428,2.194,98.963,1.037,1430.874,5.87,2.851,30.99,211.62199999999999,1.0814479691786263,0.010476154095918407
Belarus,BLR,2007,9563078,144615686144,294.58,0.139,99.953,0.047,30819.232,-7.385,-2.445,31.83,294.719,-0.4675375174372937,4.7185823884853017e-4
Belgium,BEL,2007,10625433,404721958912,621.806,10.481,81.757,1.378,71852.977,5.228,0.689,86.81,632.287,0.730310017721176,0.016855739571506226
Brazil,BRA,2007,188552256,2405626806272,1551.844,1161.013,56.519,42.285,14905.913,168.961,6.396,445.15,2712.857,1.0175043855296597,0.7481505873013008
Bulgaria,BGR,2007,7586847,104058200064,184.773,7.651,79.861,3.307,30663.551,-8.061,-3.349,42.82,192.424,-0.6988782948395752,0.041407564958083704
Canada,CAN,2007,33092121,1379925884928,2582.263,1021.608,67.058,26.53,118416.398,249.04,6.787,634.19,3603.871,1.0165077073799476,0.3956250776934805
Chile,CHL,2007,16671520,305709449216,297.506,67.856,81.428,18.572,22151.465,-0.384,-0.104,58.28,365.36199999999997,0.9835519031150252,0.22808279496884096
China,CHN,2007,1325813524,10358205972480,23448.26,1349.64,93.932,5.407,18893.74,2001.242,8.683,3281.54,24797.899999999998,0.5887118505155249,0.05755821540702808
Colombia,COL,2007,43235327,448731316224,263.738,121.056,68.54,31.46,9072.933,6.284,1.628,54.79,384.794,1.2749870452855405,0.4590009782435599
Croatia,HRV,2007,4315907,83591430144,95.014,12.645,88.255,11.745,25129.098,0.505,0.468,12.54,107.65899999999999,0.0036146663697697113,0.13308565053571053
Cyprus,CYP,2007,1072674,25673703424,34.966,0.02,99.942,0.058,32616.25,0.575,1.67,4.87,34.986000000000004,1.7360129745724935,5.719842132357147e-4
Czechia,CZE,2007,10337488,260673044480,442.393,9.845,84.775,1.887,50660.785,-5.75,-1.086,87.77,452.238,0.3197230890999328,0.022253968756286834
Denmark,DNK,2007,5461554,242913738752,213.058,28.925,88.047,11.953,44566.262,-12.08,-4.728,39.14,241.983,0.4445891219668296,0.1357611542396906
Ecuador,ECU,2007,14328733,122016284672,107.996,24.723,81.372,18.628,9369.465,6.567,5.143,17.25,132.719,1.72255003569833,0.22892514537575465
Egypt,EGY,2007,84276171,713462317056,742.501,39.577,94.939,5.061,9309.623,47.935,6.507,119.86,782.078,1.905458683064824,0.05330228511476752
Estonia,EST,2007,1340672,35115520000,73.305,0.419,99.432,0.568,55006.391,10.065,15.806,12.18,73.724,-0.4574434989341663,0.005715844758202032
Finland,FIN,2007,5288666,211541393408,246.213,69.34,65.162,18.351,72266.32,-1.32,-0.344,81.17,315.553,0.4266455609910603,0.2816260717346363
France,FRA,2007,62432388,2354672041984,1678.673,193.314,55.193,6.356,49265.93,-53.141,-1.698,561.84,1871.987,0.6165983801073299,0.11515881890040526
Germany,DEU,2007,81298499,3220275724288,3214.107,285.449,82.981,7.37,47890.469,-168.964,-4.159,631.1,3499.556,-0.49377296771271756,0.08881129346347214
Greece,GRC,2007,11045687,314210123776,405.325,13.272,96.829,3.171,37965.082,8.045,1.956,62.4,418.597,0.26894370582585786,0.032744094245358665
High-income countries,NA,2007,1305644780,NA,66316.578,5143.075,84.824,6.578,60186.324,739.844,0.95,12145.59,71459.65299999999,0.6618954122664904,0.07755338340889664
Hong Kong,HKG,2007,6971292,291247423488,304.012,0.002,99.999,0.001,43609.488,18.262,6.391,38.88,304.014,0.5807062515699296,6.57868768338092e-6
Hungary,HUN,2007,10034027,198872154112,252.034,6.069,84.821,2.042,29707.465,-3.975,-1.316,39.96,258.103,-0.15794187006835889,0.024080084433052686
Iceland,ISL,2007,311622,12798725120,11.569,33.513,25.663,74.337,144471.359,5.638,14.317,11.89,45.082,2.562566647796838,2.8967931541187655
India,IND,2007,1190675980,4403214942208,4815.856,381.644,91.819,7.276,4425.184,414.093,8.529,796.26,5197.5,1.5173894688048086,0.07924738613446915
Indonesia,IDN,2007,237062283,1674227351552,1495.455,52.218,96.626,3.374,6524.364,105.553,7.324,148.4,1547.673,1.3296232612344343,0.034917800936838626
Iran,IRN,2007,74602596,1098784571392,2202.812,48.138,97.861,2.139,30213.311,133.721,6.307,203.12,2250.95,1.648529166989587,0.021852977013017905
Iraq,IRQ,2007,28391556,200529412096,289.249,12.144,95.971,4.029,10642.628,2.529,0.844,33.24,301.39300000000003,-0.785911435014874,0.0419845876735961
Ireland,IRL,2007,4393467,230371639296,189.127,7.745,96.066,3.934,44913.133,3.03,1.559,28.33,196.872,2.922471985129014,0.04095131842624268
Israel,ISR,2007,6962406,192596819968,254.928,0.153,99.94,0.06,36637.438,9.125,3.71,53.79,255.081,1.7303525535795612,6.001694596121258e-4
Italy,ITA,2007,59108674,2134371860480,2037.003,134.017,93.827,6.173,36801.367,-46.584,-2.097,306.17,2171.02,0.6030018117456563,0.06579126294855726
Japan,JPN,2007,128087633,4590814101504,5223.913,281.048,83.623,4.499,48993.184,-60.681,-0.958,1180.11,5504.960999999999,0.0706476358554264,0.053800283427384805
Kazakhstan,KAZ,2007,16257169,292456726528,579.782,21.732,96.387,3.613,37084.43,59.497,10.949,76.62,601.514,0.9531926573259387,0.037483053975459736
Kuwait,KWT,2007,2507842,174545813504,319.664,0,100,0,127465.914,-8.969,-2.729,48.75,319.664,6.053328563170196,0
Latvia,LVA,2007,2200711,46228819968,38.273,7.561,83.503,16.497,21041.271,1.372,3.052,4.76,45.834,-0.8237084546160437,0.19755441172628221
Lithuania,LTU,2007,3231322,63122231296,70.133,2.187,71.222,2.221,30665.963,9.387,10.464,13.46,72.32,-1.1755905095204207,0.03118360828711163
Lower-middle-income countries,NA,2007,2421830205,NA,7715.076,653.864,91.6,7.763,3492.241,580.527,7.37,1435.14,8368.94,1.7967544070356056,0.08475146583131521
Luxembourg,LUX,2007,480225,28135948288,48.843,1.244,97.516,2.484,104379.516,-1.501,-2.907,3.19,50.087,1.5659202954183506,0.025469361013860735
Malaysia,MYS,2007,26998333,458125836288,881.821,18.577,97.937,2.063,33389.086,56.247,6.655,108.55,900.398,2.197278742384082,0.021066633704572697
Mexico,MEX,2007,108774308,1572479303680,1938.53,100.126,93.813,4.846,19017.152,19.142,0.934,263.26,2038.656,1.4178383248118653,0.0516504774236148
Morocco,MAR,2007,31186417,195286745088,159.889,3.141,98.073,1.927,5233.957,-1.436,-0.872,19.69,163.03,1.3495961523156235,0.01964487863455272
Netherlands,NLD,2007,16531313,721200021504,1069.354,25.901,96.649,2.341,66995.531,17.948,1.647,103.68,1095.255,0.2273883629541462,0.02422116530166811
New Zealand,NZL,2007,4223208,136252907520,148.048,78.676,65.299,34.701,54330.66,-0.815,-0.354,43.38,226.724,0.9879980133389415,0.5314222414352102
North Macedonia,MKD,2007,2081936,20547244032,30.022,2.686,91.788,8.212,15792.061,-0.306,-0.922,6.5,32.708,-0.34735900417050986,0.08946772366930918
Norway,NOR,2007,4708969,352692895744,170.699,359.384,32.202,67.798,117376.094,41.524,8.123,136.11,530.0830000000001,1.0412748493114707,2.105366756688674
Oman,OMN,2007,2570131,100681195520,172.055,0,100,0,66943.898,1.468,0.86,14.17,172.055,2.2026125155632332,0
Pakistan,PAK,2007,184493178,719253733376,621.19,84.252,87.294,11.84,3886.622,37.428,5.507,96.15,705.442,2.6772368136515885,0.13563000048294402
Peru,PER,2007,28530662,192942637056,122.738,54.234,69.355,30.645,6318.975,14.692,8.872,29.93,176.972,0.7280424317536568,0.4418680441265134
Philippines,PHL,2007,91075139,486739181568,264.14,55.415,82.659,17.341,3478.438,11.489,3.763,59.62,319.555,1.7497682354410633,0.20979404861058532
Poland,POL,2007,38020368,690249990144,1087.269,16.72,98.485,1.515,29054.008,-5.715,-0.515,158.52,1103.989,-0.13331889019089638,0.015377979138557247
Portugal,PRT,2007,10546768,266663280640,249.533,45.547,84.565,15.435,28206.846,1.617,0.546,46.71,295.08,0.21567701469108436,0.18252896410494804
Qatar,QAT,2007,1208548,127834808320,279.86,0,100,0,231567.219,34.495,14.059,19.46,279.86,24.23485777549797,0
Romania,ROU,2007,20870655,304650715136,384.348,43.053,85.81,9.612,21609.479,-16.606,-3.551,61.56,427.401,-0.7844674139971657,0.11201567329607542
Russia,RUS,2007,143859724,2858759225344,6942.083,472.396,88.545,6.025,54764.008,41.398,0.528,1018.7,7414.478999999999,-0.16875163511629537,0.06804816364195013
Saudi Arabia,SAU,2007,22368262,896025231360,1944.057,0,100,0,86911.406,43.887,2.31,204.43,1944.057,4.23677837567002,0
Singapore,SGP,2007,4596463,237920174080,646.911,1.543,99.762,0.238,141083.859,49.662,8.293,41.13,648.454,4.29897206879862,0.0023851812691390315
Slovakia,SVK,2007,5376949,113160249344,150.21,14.031,73.265,6.844,38428.641,-13.55,-6.154,27.85,164.241,0.002901357742431222,0.09340922708208509
Slovenia,SVN,2007,2014110,56590131200,60.198,9.173,71.226,10.853,42390.52,-0.451,-0.526,15.04,69.371,0.5512041771901017,0.1523804777567361
South Africa,ZAF,2007,50528523,542976212992,1321.134,9.837,97.066,0.723,26958.902,36.133,2.725,263.49,1330.971,1.060629609925968,0.007445876042854093
South Korea,KOR,2007,48178072,1446721486848,2363.98,13.152,85.736,0.477,57405.48,79.643,2.965,425.41,2377.132,0.35746225607479093,0.005563498845167894
Spain,ESP,2007,45516452,1481143222272,1508.342,161.062,83.061,8.869,40170.27,45.341,2.543,301.86,1669.404,1.836994411057961,0.1067808229168186
Sri Lanka,LKA,2007,20492494,153829228544,56.226,10.548,84.203,15.797,3290.969,1.106,1.667,9.87,66.774,0.6884799472022229,0.1876000426848789
Sweden,SWE,2007,9148219,387881828352,233.711,213.662,37.365,34.16,70080,10.964,1.74,148.82,447.37300000000005,0.7448309491988621,0.9142145641411829
Switzerland,CHE,2007,7545336,416832815104,175.956,97.683,50.651,28.119,47034.746,4.8,1.371,66.43,273.639,0.8941943158381186,0.5551558344131489
Taiwan,TWN,2007,23006867,791900585984,1162.146,19.747,90.109,1.531,56193.406,51.737,4.169,243.11,1181.893,0.4026822382277425,0.01699184095629981
Thailand,THA,2007,67102346,811667423232,1046.645,30.502,97.168,2.832,16074.739,35.654,3.418,142.53,1077.147,0.803241550658986,0.029142641487801497
Trinidad and Tobago,TTO,2007,1365342,41413664768,221.306,0.068,99.969,0.031,162139.672,4.43,2.042,7.68,221.37400000000002,0.49180810504467637,3.0726686126901216e-4
Turkey,TUR,2007,70750548,1158406995968,1070.473,97.222,91.674,8.326,16589.549,68.668,6.214,191.52,1167.695,1.0068398018516702,0.09082153403215214
Turkmenistan,TKM,2007,5243998,51693703168,165.952,0.008,99.995,0.005,31647.834,-14.08,-7.821,14.88,165.96,1.8833466321848527,4.820671037408407e-5
Ukraine,UKR,2007,47062750,480580665344,1337.076,27.974,82.988,1.736,34377.117,-6.549,-0.403,196.25,1365.05,-0.45662905940733745,0.020921772584355715
United Arab Emirates,ARE,2007,5624590,367816179712,818.361,0,100,0,145497.016,77.068,10.396,78.76,818.361,12.288557710543916,0
United Kingdom,GBR,2007,61535810,2267631583232,2370.073,60.732,91.212,2.337,42319.949,-74.145,-2.768,396.81,2430.805,0.7940223666255967,0.025624527177011004
United States,USA,2007,301844176,15333184241664,23579.912,1139.041,87.409,4.222,89671.141,366.748,1.374,4142.57,24718.953,1.042416325925493,0.04830556619549725
Upper-middle-income countries,NA,2007,2550031834,NA,40189.887,3446.237,91.015,7.804,17397.484,2768.684,6.656,6018.93,43636.124,0.8179400487096073,0.08574886015479466
Uzbekistan,UZB,2007,27075969,159993757696,539.267,17.173,96.914,3.086,20591.154,32.736,6.238,49.02,556.44,1.4119635765983498,0.031845078597429466
Venezuela,VEN,2007,27649328,462276722688,740.873,220.836,77.037,22.963,35287.02,41.695,4.464,114.21,961.7090000000001,1.5599510105497458,0.29807537864114364
Vietnam,VNM,2007,83633326,351786434560,306.578,59.92,83.651,16.349,4427.348,31.306,9.236,64.16,366.498,1.783515085279705,0.1954478142593402
Algeria,DZA,2008,34816912,395658526720,422.762,0.747,99.824,0.176,12165.264,23.917,5.985,40.23,423.509,1.835473740014259,0.0017669516181681418
Argentina,ARG,2008,40424101,747157389312,767.493,86.201,87.894,9.872,21746.229,9.996,1.15,121.91,853.6940000000001,1.0180547330866214,0.11231503088627517
Australia,AUS,2008,21370545,937889628160,1475.357,53.497,96.501,3.499,71675.547,25.578,1.698,245.38,1528.854,1.9854831161062945,0.03626037630214247
Austria,AUT,2008,8323196,342892511232,293.914,123.441,70.423,29.577,51009.277,4.495,1.07,64.38,417.355,0.31686510610099716,0.4199902012153215
Azerbaijan,AZE,2008,8942598,123129995264,144.891,5.889,96.094,3.906,16903.756,0.092,0.061,21.62,150.78,1.29502156141577,0.04064434643973746
Bangladesh,BGD,2008,149474218,349461381120,220.054,2.727,98.776,1.224,1491.569,11.197,5.288,34.23,222.781,1.0034378310671483,0.012392412771410653
Belarus,BLR,2008,9529315,157577035776,298.314,0.291,99.903,0.097,31336.375,3.887,1.319,35.05,298.605,-0.3530557839222894,9.75482210020314e-4
Belgium,BEL,2008,10709668,408290525184,639.172,13.276,82.721,1.718,72433.055,12.265,1.606,83.06,652.448,0.7927676923848657,0.02077062199220241
Brazil,BRA,2008,190367242,2559842713600,1645.634,1188.129,57.327,41.389,15424.68,125.81,4.476,463.18,2833.763,0.9625904449533608,0.7219886074303277
Bulgaria,BGR,2008,7535541,110900338688,179.453,7.759,78.429,3.391,30551.717,-2.416,-1.038,44.49,187.212,-0.6762493035644451,0.04323694783592361
Canada,CAN,2008,33449040,1397938716672,2508.485,1040.321,66.006,27.374,115754.32,-46.779,-1.194,635.11,3548.806,1.078561872779324,0.41472083747760097
Chile,CHL,2008,16838934,314032357376,289.555,75.341,79.353,20.647,21931.654,0.007,0.002,59.46,364.896,1.0041915794120753,0.26019581772029493
China,CHN,2008,1333820960,10799147909120,23943.34,1780.234,92.431,6.872,19508.213,970.887,3.876,3495.76,25723.574,0.6039639704263569,0.0743519492267996
Colombia,COL,2008,43758748,464038723584,275.289,125.229,68.733,31.267,9334.818,16.209,4.132,55.48,400.518,1.2106326847024889,0.45490012314331485
Croatia,HRV,2008,4314591,86620962816,91.402,15.463,85.53,14.47,24999.932,-0.59,-0.544,12.78,106.865,-0.03049185258162421,0.16917572919629767
Cyprus,CYP,2008,1090985,26913613824,35.643,0.211,99.412,0.588,32865.062,0.869,2.483,5.07,35.854,1.707042400580232,0.005919815952641472
Czechia,CZE,2008,10378248,271709536256,429.71,11.825,83.995,2.311,49489.93,-10.086,-1.926,83.28,441.53499999999997,0.3942930816461407,0.027518559028181795
Denmark,DNK,2008,5493714,243090604032,205.229,28.239,87.905,12.095,42752.883,-8.529,-3.504,36.48,233.46800000000002,0.5888433951216082,0.1375975130220388
Ecuador,ECU,2008,14575156,130654765056,110.878,30.456,78.451,21.549,9830.776,9.033,6.728,18.49,141.334,1.719782202655322,0.2746802792258158
Egypt,EGY,2008,85864736,775303659520,786.8,42.288,94.899,5.101,9687.774,47.259,6.023,128.8,829.088,1.8849515600323132,0.05374682257244535
Estonia,EST,2008,1337032,32659892224,67.235,0.591,99.129,0.871,50751.223,-5.89,-7.986,10.58,67.826,-0.27150563299599006,0.00879006469844575
Finland,FIN,2008,5313334,213226094592,223.688,79.221,61.54,21.795,69352.977,-13.697,-3.584,77.35,302.909,0.4664314214586438,0.3541584707270842
France,FRA,2008,62780134,2362451689472,1664.647,223.019,54.63,7.319,49137.273,9.055,0.294,566.98,1887.666,0.5569961539834101,0.1339737493895102
Germany,DEU,2008,81110734,3289020366848,3225.884,294.348,82.445,7.523,48509.809,41.243,1.059,632.29,3520.232,-0.23095752358232347,0.09124568645369766
Greece,GRC,2008,11076814,315974320128,394.571,16.048,96.092,3.908,37157.352,-7.765,-1.852,62.18,410.619,0.2818022998478954,0.040672021005091596
High-income countries,NA,2008,1314863254,NA,65633.664,5435.129,84.464,6.994,59424.711,-446.594,-0.568,12176.8,71068.793,0.7060476280539336,0.08281008050990418
Hong Kong,HKG,2008,7020639,295823310848,282.851,0.002,99.999,0.001,40288.82,-21.161,-6.961,37.93,282.853,0.7078601785723507,7.070860629801556e-6
Hungary,HUN,2008,10016610,204720373760,244.675,9.062,83.554,3.095,29340.914,-4.189,-1.405,40.02,253.73700000000002,-0.17357936150660147,0.037036885664657196
Iceland,ISL,2008,317470,13031114752,10.64,45.409,18.984,81.016,177814.5,11.43,25.389,16.34,56.049,1.8766325869161997,4.267763157894737
India,IND,2008,1207930907,4649547988992,5139.897,372.704,92.564,6.712,4616.596,307.569,5.837,828.41,5512.601,1.4491706635418984,0.07251195889723082
Indonesia,IDN,2008,240157845,1809491165184,1509.474,56.691,96.38,3.62,6514.817,17.904,1.158,155.9,1566.165,1.3058011425630285,0.03755679130611061
Iran,IRN,2008,75514155,1132365742080,2301.916,20.142,99.133,0.867,30767.311,69.376,3.078,210.49,2322.058,1.2218864340860203,0.008750102088868577
Iraq,IRQ,2008,28970998,231588134912,337.64,7.736,97.76,2.24,11938.812,43.719,14.469,36.88,345.376,2.040895539504774,0.022911977253879872
Ireland,IRL,2008,4485943,223067111424,185.6,10.186,94.797,5.203,43776.531,-0.945,-0.479,29.89,195.786,2.1048525003146716,0.05488146551724138
Israel,ISR,2008,7082571,197785747456,262.242,0.18,99.931,0.069,37052.566,7.343,2.879,56.79,262.422,1.7259119907687086,6.863889079552474e-4
Italy,ITA,2008,59561638,2129113251840,1976.755,167.297,92.197,7.803,36098.637,-25.186,-1.158,311.57,2144.052,0.7663240762261051,0.08463213701242693
Japan,JPN,2008,128155949,4542408163328,5185.779,279.56,84.603,4.561,48051.492,-117.336,-1.87,1183.7,5465.339000000001,0.05333535986257159,0.05390896912498585
Kazakhstan,KAZ,2008,16426480,303717023744,614.47,19.683,96.896,3.104,38683.426,32.545,5.398,80.35,634.153,1.0414543885223806,0.03203248327827233
Kuwait,KWT,2008,2651390,183755522048,345.306,0,100,0,130235.875,25.642,8.021,51.75,345.306,5.72396506637978,0
Latvia,LVA,2008,2177658,44217430016,37.536,8.517,81.506,18.494,21399.195,0.294,0.636,5.27,46.053,-1.0475250952987467,0.22690217391304346
Lithuania,LTU,2008,3198432,64776245248,68.717,2.335,70.728,2.403,30585.723,-1.265,-1.277,13.33,71.05199999999999,-1.0178496602938365,0.033979946738070636
Lower-middle-income countries,NA,2008,2464295435,NA,8177.311,644.979,92.221,7.274,3612.3,444.16,5.252,1488.5,8822.289999999999,1.7534354767038673,0.07887421671989729
Luxembourg,LUX,2008,488947,27660466176,48.435,1.285,97.415,2.585,101771.258,-0.365,-0.728,2.72,49.72,1.8162319745952418,0.02653040156911324
Malaysia,MYS,2008,27569998,485245091840,909.638,23.582,97.473,2.527,33899.625,33.163,3.679,113.83,933.22,2.1174085081475216,0.025924598576576616
Mexico,MEX,2008,110374235,1607479066624,1993.506,129.874,92.754,6.043,19512.029,85.048,4.111,269.29,2123.38,1.4708684701538162,0.0651485373006151
Morocco,MAR,2008,31606714,207385198592,176.719,3.203,98.22,1.78,5699.131,16.902,10.355,20.35,179.922,1.347692490612179,0.018124819628902382
Netherlands,NLD,2008,16597210,737705000960,1051.265,30.786,96.177,2.817,65938.117,-13.135,-1.186,106.21,1082.0510000000002,0.39861927482711146,0.02928471888629413
New Zealand,NZL,2008,4261775,135932633088,150.742,77.088,66.164,33.836,53992.75,0.655,0.286,43.39,227.82999999999998,0.9132157355261686,0.5113903225378461
North Macedonia,MKD,2008,2070788,21752221696,29.421,2.231,92.951,7.049,15354.658,-1.082,-3.29,6.31,31.652,-0.5354631458411786,0.07583018932055334
Norway,NOR,2008,4768039,364943671296,164.42,371.452,30.683,69.317,117429.195,7.187,1.3,141.19,535.872,1.2544147137090944,2.259165551636054
Oman,OMN,2008,2626489,115217932288,201.005,0,100,0,76530.102,28.951,16.827,16.05,201.005,2.1928065145317492,0
Pakistan,PAK,2008,189499072,746912743424,637.138,72.139,89.249,10.105,3792.512,1.622,0.226,93.01,709.277,2.713322006952474,0.11322350887876723
Peru,PER,2008,28718988,211009683456,138.521,52.823,72.394,27.606,6777.541,14.36,7.965,32.43,191.344,0.660082825978591,0.38133568195436074
Philippines,PHL,2008,92699045,511142166528,269.8,60.644,81.648,18.352,3533.461,10.749,3.393,60.82,330.444,1.7830398260495655,0.2247739065974796
Poland,POL,2008,37995854,726319169536,1099.47,24.202,97.846,2.154,29593.436,19.784,1.791,154.5,1123.672,-0.06447596719737168,0.022012424168008225
Portugal,PRT,2008,10564037,268239257600,242.072,41.23,85.447,14.553,27026.109,-11.986,-4.029,45.34,283.302,0.16373736484959184,0.17032122674245678
Qatar,QAT,2008,1426881,156781215744,288.557,0,100,0,202229.375,8.697,3.108,21.62,288.557,18.065728460929975,0
Romania,ROU,2008,20718693,339689308160,370.541,46.033,83.045,10.317,21709.734,-1.207,-0.268,64.86,416.574,-0.7281132288373316,0.12423186637915913
Russia,RUS,2008,143811787,3078094323712,7010.48,436.317,88.998,5.539,55034.613,36.291,0.461,1040,7446.797,-0.033322043631892416,0.06223782109070991
Saudi Arabia,SAU,2008,23287838,1005243531264,2128.462,0.002,100,0,91398.086,184.407,9.486,204.2,2128.464,4.111074879219494,9.396456220501001e-7
Singapore,SGP,2008,4806683,252508192768,688.936,1.629,99.764,0.236,143674.906,42.113,6.494,41.67,690.565,4.573516636596444,0.0023645157169896766
Slovakia,SVK,2008,5379075,119380221952,153.309,13.131,72.827,6.238,39450.762,5.58,2.7,28.7,166.44,0.03953915129193154,0.08565054889145451
Slovenia,SVN,2008,2025041,57981923328,64.231,11.8,69.377,12.746,46248.926,8.277,9.694,16.41,76.03099999999999,0.5427211026210087,0.18371191480749174
South Africa,ZAF,2008,51114550,571660828672,1418.934,5.443,97.275,0.373,28557.361,97.503,7.158,258.29,1424.377,1.1597944392714585,0.0038359782766499355
South Korea,KOR,2008,48356441,1477425233920,2394.28,14.101,85.306,0.502,58237.039,50.451,1.824,442.61,2408.3810000000003,0.37022859694343935,0.005889453196785672
Spain,ESP,2008,46235010,1510615285760,1429.633,175.591,81.191,9.972,38382.043,-53.814,-2.943,309.79,1605.2240000000002,1.5786775296106121,0.12282243065178267
Sri Lanka,LKA,2008,20629321,162474917888,51.899,10.965,82.558,17.442,3081.818,-3.864,-5.73,9.91,62.864000000000004,0.6676932539299512,0.21127574712422204
Sweden,SWE,2008,9219853,388980506624,229.168,224.197,36.847,36.048,69259.805,-2.542,-0.396,149.9,453.365,0.7830376601172315,0.9783084898415136
Switzerland,CHE,2008,7641679,433739235328,182.884,99.209,51.564,27.972,47442.652,7.649,2.155,67.04,282.09299999999996,1.2768550002279553,0.5424695435357932
Taiwan,TWN,2008,23086191,794389643264,1115.11,18.788,89.811,1.513,53926.18,-47.884,-3.704,238.31,1133.898,0.34478401600704695,0.01684856202527105
Thailand,THA,2008,67619781,822020800512,1046.369,30.833,97.138,2.862,15950.136,-0.108,-0.01,145.44,1077.202,0.7711131291892537,0.02946666042285274
Trinidad and Tobago,TTO,2008,1372044,42494148608,218.013,0.072,99.967,0.033,158950.531,-3.289,-1.486,7.73,218.085,0.49086602477620994,3.3025553522037675e-4
Turkey,TUR,2008,71562297,1179868332032,1079.743,91.146,92.216,7.784,16442.752,2.961,0.252,198.37,1170.889,1.1473395230804433,0.08441453197659073
Turkmenistan,TKM,2008,5344980,60001292288,154.904,0.008,99.995,0.005,28982.783,-11.049,-6.657,15.04,154.912,1.9256681638703903,5.164488973816041e-5
Ukraine,UKR,2008,46819115,499592167424,1286.476,31.318,82.74,2.014,33363.566,-55.829,-3.451,192.58,1317.794,-0.5176811809764622,0.02434402196387651
United Arab Emirates,ARE,2008,6302620,464692477952,938.401,0,100,0,148890.547,120.039,14.668,80.46,938.401,12.054745323659146,0
United Kingdom,GBR,2008,62027249,2252034801664,2342.807,71.73,91.766,2.81,41253.098,-45.376,-1.742,388.96,2414.537,0.7986227856592771,0.030617118695650137
United States,USA,2008,304970280,15288553701376,22797.396,1271.34,86.656,4.833,86589.586,-659.461,-2.436,4107.53,24068.736,1.035668152166037,0.055766895482273496
Upper-middle-income countries,NA,2008,2571613376,NA,41186.266,3917.481,90.246,8.584,17839.828,1513,3.41,6318.54,45103.747,0.846324414944539,0.09511619722943565
Uzbekistan,UZB,2008,27494727,171692638208,510.991,11.572,97.785,2.215,19033.324,-34.209,-6.136,50.22,522.563,1.5466039276378252,0.022646191420201137
Venezuela,VEN,2008,28053644,488287076352,756.653,228.794,76.783,23.217,35657.441,24.659,2.527,119.3,985.447,1.4622995538987422,0.3023763865338537
Vietnam,VNM,2008,85175740,370681839616,384.012,68.736,84.818,15.182,5367.827,86.935,23.478,70.95,452.748,1.844257634809358,0.17899440642479925
Algeria,DZA,2009,35490399,418247704576,447.904,0.898,99.8,0.2,12647.346,25.302,5.974,38.5,448.802,1.934367413169784,0.002004893905836965
Argentina,ARG,2009,40854783,705920827392,729.648,94.674,86.267,11.193,20858.123,-26.918,-3.062,122.32,824.322,1.0654089747104085,0.12975297677784356
Australia,AUS,2009,21782958,963129966592,1450.366,56.072,96.278,3.722,69299.336,-22.201,-1.449,249.9,1506.438,1.9298197589251935,0.038660586362338885
Austria,AUT,2009,8345019,331119034368,271.345,130.931,67.452,32.548,49103.836,-14.788,-3.483,66.21,402.27600000000007,0.26219495491875955,0.4825259356170189
Azerbaijan,AZE,2009,9046297,136020230144,123.716,6.064,95.327,4.673,14389.124,-20.995,-13.889,18.85,129.78,1.159607085099878,0.04901548708331986
Bangladesh,BGD,2009,150873661,372693237760,244.008,1.259,99.487,0.513,1626.154,22.393,10.044,37.23,245.267,0.9362437340197358,0.0051596668961673385
Belarus,BLR,2009,9507289,156010266624,281.959,0.545,99.807,0.193,29715.658,-16.099,-5.391,30.37,282.504,-0.23113938410053608,0.001932905138690377
Belgium,BEL,2009,10812883,399489957888,571.008,17.777,80.116,2.494,66203.352,-59.885,-7.72,89.76,588.7850000000001,0.9637553657125505,0.031132663640439363
Brazil,BRA,2009,192079912,2589568270336,1561.627,1261.723,54.653,44.157,15230.744,-10.834,-0.369,466.17,2823.35,0.8996663407037225,0.8079541401371775
Bulgaria,BGR,2009,7487966,107365072896,150.882,9.723,75.198,4.846,26990.842,-28.117,-12.213,42.31,160.60500000000002,-0.6313415320811074,0.06444108641189804
Canada,CAN,2009,33826322,1360538107904,2394.783,1022.277,65.577,27.993,109988.438,-151.366,-3.909,613.87,3417.06,1.1279307268609202,0.42687667316829964
Chile,CHL,2009,17009684,306660179968,273.006,76.894,78.024,21.976,20833.568,-14.933,-4.044,60.37,349.9,1.0140190584510873,0.28165681340336846
China,CHN,2009,1342522666,11572544012288,25087.559,1774.15,92.76,6.56,20229.75,1138.436,4.375,3714.64,26861.709000000003,0.6523893581639323,0.0707183189883081
Colombia,COL,2009,44271496,471326588928,282.668,114.175,71.229,28.771,9120.592,-4.698,-1.15,56.75,396.843,1.1717611299116693,0.40391908528733356
Croatia,HRV,2009,4310491,81451696128,85.493,19.741,81.241,18.759,24704.562,-1.376,-1.275,13.35,105.234,-0.09502638836450546,0.23090779362053035
Cyprus,CYP,2009,1109330,26682212352,34.73,0.271,99.227,0.773,31553.787,-0.852,-2.375,5.21,35.001,1.6815079950686767,0.007803052116325944
Czechia,CZE,2009,10420931,261919703040,403.889,15.413,82.306,3.141,47290.492,-20.808,-4.051,81.64,419.302,0.4112736562086394,0.03816147505874139
Denmark,DNK,2009,5523119,232507375616,191.265,28.185,87.156,12.844,39978.668,-14.065,-5.988,36.25,219.45,0.535248103559814,0.1473609912948004
Ecuador,ECU,2009,14825912,132310294528,113.341,24.899,81.989,18.011,9429.783,-3.48,-2.429,18.16,138.24,1.7204344159335243,0.21968219796896093
Egypt,EGY,2009,87501586,831414992896,820.306,38.876,95.475,4.525,9847.494,29.833,3.586,134.27,859.182,1.906312272362894,0.047392070763836905
Estonia,EST,2009,1334487,27402481664,57.071,1.597,97.278,2.722,44007.328,-9.129,-13.453,8.78,58.668,-0.1903469774844581,0.02798268823044979
Finland,FIN,2009,5338800,195739123712,212.701,62.774,63.074,18.615,63925.922,-27.208,-7.383,72.06,275.475,0.47928475793164893,0.2951279025486481
France,FRA,2009,63106403,2295353049088,1586.613,213.012,55.186,7.409,46095.328,-175.934,-5.703,528.87,1799.625,0.5197010251682483,0.13425580150925273
Germany,DEU,2009,80935222,3136502104064,3018.432,299.128,82.208,8.147,45618.93,-242.488,-6.163,587.96,3317.56,-0.21638566357937283,0.09910046010643937
Greece,GRC,2009,11108016,305101340672,372.63,22.418,94.325,5.675,35685.746,-15.187,-3.69,60.34,395.048,0.28168749606159316,0.06016155435686874
High-income countries,NA,2009,1323315574,NA,61954.289,5626.3,83.622,7.594,56306.238,-3624.445,-4.639,11728.09,67580.58899999999,0.6428288245402589,0.09081372881222155
Hong Kong,HKG,2009,7064418,285619093504,308.855,0.003,99.999,0.001,43720.277,26.005,9.194,38.62,308.858,0.6235757172530877,9.713295883181427e-6
Hungary,HUN,2009,10001329,195180904448,220.379,10.718,81.145,3.947,27265.215,-21.208,-7.216,35.91,231.09699999999998,-0.15255660348161704,0.04863439801432986
Iceland,ISL,2009,318564,12031037440,9.861,46.458,17.509,82.491,176903.344,-0.096,-0.17,16.71,56.319,0.34459948971556364,4.71128688773958
India,IND,2009,1225524711,4993478819840,5566.137,355.862,93.296,5.965,4886.388,411.861,7.386,879.71,5921.999,1.4565240361053202,0.06393338863200816
Indonesia,IDN,2009,243219975,1905717411840,1549.363,60.13,96.264,3.736,6608.301,42.686,2.728,162.87,1609.4930000000002,1.2750489162658836,0.03880949783878923
Iran,IRN,2009,76457779,1208128372736,2359.876,18.245,99.233,0.767,31119.002,55.922,2.407,221.81,2378.121,1.2495988334902244,0.007731338426256295
Iraq,IRQ,2009,30058157,259745644544,331.577,7.428,97.809,2.191,11294.124,-6.399,-1.85,37.85,339.005,3.75257697370315,0.022402036329419714
Ireland,IRL,2009,4533698,215181066240,164.151,11.795,93.296,6.704,38955.297,-19.767,-10.066,27.94,175.946,1.0645476324598864,0.07185457292371047
Israel,ISR,2009,7206047,199771095040,254.564,0.38,99.851,0.149,35380.84,-7.471,-2.847,54.73,254.944,1.7433782167520804,0.0014927483854747727
Italy,ITA,2009,59903965,2029023002624,1785.972,201.237,89.873,10.127,33300.129,-155.284,-7.222,286.36,1987.209,0.5747440995494449,0.11267645853350444
Japan,JPN,2009,128192428,4298103324672,4607.451,266.043,82.359,4.756,43858.535,-535.752,-8.7,1114.02,4873.494,0.028464538934513294,0.057741905448370476
Kazakhstan,KAZ,2009,16619799,309012299776,549.795,18.055,96.82,3.18,34236.633,-66.427,-10.454,78.73,567.8499999999999,1.176874169024648,0.032839512909357126
Kuwait,KWT,2009,2795444,175302344704,350.161,0,100,0,125261.406,4.855,1.406,53.22,350.161,5.433150158973218,0
Latvia,LVA,2009,2141988,37590728704,34.086,9.4,78.384,21.616,20577.875,-2.523,-5.413,5.57,43.486,-1.6379982531692305,0.2757730446517632
Lithuania,LTU,2009,3163204,55174533120,58.394,2.445,65.374,2.737,28460.75,-7.799,-7.972,14.64,60.839,-1.1014146931996678,0.041870740144535394
Lower-middle-income countries,NA,2009,2507033794,NA,8674.005,645.375,92.57,6.888,3751.18,502.56,5.646,1565.73,9319.38,1.7343033790913953,0.0744033465509877
Luxembourg,LUX,2009,498144,26344603648,46.341,1.215,97.446,2.554,95540.562,-2.168,-4.356,3.15,47.556000000000004,1.880980965217089,0.026218683239463976
Malaysia,MYS,2009,28124726,483081289728,881.497,22.49,97.512,2.488,32186.539,-29.375,-3.143,116.11,903.987,2.0120712377273295,0.0255134163814511
Mexico,MEX,2009,111999662,1543820935168,1991.035,96.418,94.138,4.559,18904.02,-36.381,-1.689,267.76,2087.453,1.4726507504219621,0.04842606985813911
Morocco,MAR,2009,32030735,216763301888,167.525,7.768,95.569,4.431,5488.157,-4.341,-2.41,20.93,175.293,1.3415535699155565,0.04636919862707058
Netherlands,NLD,2009,16684105,713986801664,1030.883,35.818,95.642,3.323,64689.777,-15.098,-1.38,112.35,1066.701,0.523551849979605,0.034744971058791346
New Zealand,NZL,2009,4304250,136500723712,142.38,84.925,62.638,37.362,53324.734,-0.582,-0.253,42.95,227.305,0.9966504566759157,0.5964672004495013
North Macedonia,MKD,2009,2060548,21758910464,27.571,3.355,89.151,10.849,15112.153,-0.657,-2.066,6.82,30.926000000000002,-0.4944977467514782,0.12168582931340902
Norway,NOR,2009,4828579,370113314816,159.502,333.207,32.372,67.628,106437.719,-45.964,-8.209,130.97,492.709,1.2697043795153522,2.089045905380497
Oman,OMN,2009,2684617,127016648704,199.422,0,100,0,74283.219,-1.583,-0.788,18.45,199.422,2.21314462006123,0
Pakistan,PAK,2009,194376491,774880624640,658.239,75.473,88.904,10.194,3834.63,26.684,3.713,96.11,733.712,2.573848488292333,0.11465896125875251
Peru,PER,2009,28896766,212830486528,139.531,55.534,71.531,28.469,6867.207,3.796,1.95,32.92,195.065,0.6190259907486991,0.3980047444653876
Philippines,PHL,2009,94384204,521163669504,274.436,59.905,82.083,17.917,3511.204,3.854,1.177,61.92,334.341,1.8178817268290088,0.21828404436735707
Poland,POL,2009,38002108,760579620864,1052.565,31.695,97.077,2.923,28556.074,-39.237,-3.489,150.86,1084.26,0.016459690575713865,0.030112154593778057
Portugal,PRT,2009,10576213,261270601728,233.716,51.767,81.867,18.133,27253.021,2.729,0.956,49.38,285.483,0.115258967760147,0.22149531910523884
Qatar,QAT,2009,1585999,186164264960,288.362,0,100,0,181817.453,-0.195,-0.068,24.16,288.362,11.151455517313638,0
Romania,ROU,2009,20576869,326954221568,316.715,41.301,81.447,10.621,19056.469,-57.675,-12.822,57.59,358.01599999999996,-0.6845219435415159,0.13040430671108097
Russia,RUS,2009,143869089,2903690444800,6595.961,458.78,88.133,6.13,52284.961,-392.436,-4.958,993.1,7054.741,0.03984513452989775,0.06955468657258586
Saudi Arabia,SAU,2009,24217606,1040467034112,2205.137,0.002,100,0,91055.172,76.674,3.602,217.31,2205.139,3.9925045854406918,9.069731268397383e-7
Singapore,SGP,2009,4968522,256114458624,740.316,1.651,99.777,0.223,149340.75,51.403,7.443,41.8,741.967,3.3669580457042834,0.002230128755828592
Slovakia,SVK,2009,5385027,112760233984,139.675,14.137,73.216,7.41,35713.434,-19.891,-9.373,25.93,153.812,0.11065099482717754,0.1012135314122069
Slovenia,SVN,2009,2035555,53266132992,56.886,13.34,66.698,15.641,42451.059,-7.245,-7.735,16.39,70.226,0.5191993643585487,0.23450409591112048
South Africa,ZAF,2009,51728471,574768021504,1412.956,5.657,97.296,0.39,28093.119,-6.483,-0.444,249.56,1418.6129999999998,1.201068971555066,0.004003663242167485
South Korea,KOR,2009,48546637,1477640585216,2420.809,15.389,85.721,0.545,58354.688,16.788,0.596,452.45,2436.1980000000003,0.3933209228528626,0.006356965791187987
Spain,ESP,2009,46635128,1468765831168,1287.26,211.402,78.628,12.913,35426.062,-122.495,-6.903,290.72,1498.662,0.8654004833134025,0.16422634122088778
Sri Lanka,LKA,2009,20756380,167647723520,53.491,10.312,83.838,16.162,3105.543,0.884,1.391,9.88,63.803,0.615914600388447,0.19278009384756314
Sweden,SWE,2009,9298692,373026357248,209.489,218.305,37.095,38.656,62354.254,-58.752,-9.201,136.6,427.794,0.8551004012753783,1.0420833552119682
Switzerland,CHE,2009,7737594,431737405440,177.319,97.908,51.043,28.184,45880.68,-7.535,-2.079,66.67,275.227,1.2551560985484995,0.5521574112193279
Taiwan,TWN,2009,23164307,779014504448,1078.315,17.694,89.478,1.468,52161.961,-36.654,-2.944,230.05,1096.009,0.33836677518608416,0.016408934309547766
Thailand,THA,2009,68121030,812859719680,1074.584,33.001,97.02,2.98,16278.575,30.369,2.816,145.9,1107.585,0.7412756926852514,0.03071048889616819
Trinidad and Tobago,TTO,2009,1379001,40299155456,216.42,0.07,99.968,0.032,156991.969,-1.595,-0.731,7.84,216.48999999999998,0.5070537096477956,3.2344515294335097e-4
Turkey,TUR,2009,72464795,1122756722688,1086.093,100.529,91.528,8.472,16459.559,16.057,1.365,194.81,1186.622,1.2611361538604609,0.09256021353604156
Turkmenistan,TKM,2009,5451545,64409214976,226.63,0.008,99.996,0.004,41573.352,71.727,46.301,15.98,226.638,1.99373992044872,3.529982791333892e-5
Ukraine,UKR,2009,46623687,431074410496,1074.434,31.875,81.153,2.408,28538.232,-231.495,-14.82,173.61,1106.309,-0.41741070927974616,0.029666782696750105
United Arab Emirates,ARE,2009,6707016,480551534592,925.558,0.017,99.998,0.002,138001.062,-12.825,-1.367,85.7,925.575,6.416315754400551,1.836729842970403e-5
United Kingdom,GBR,2009,62506169,2151479246848,2162.27,72.207,89.504,2.989,38761.16,-136.005,-5.315,376.76,2234.477,0.77211226956075385,0.03339407197066046
United States,USA,2009,308023398,14864003104768,21400.898,1400.781,85.574,5.601,81521.492,-1296.723,-4.91,3939.82,22801.679,1.00111984682573,0.06545430944065991
Upper-middle-income countries,NA,2009,2594529393,NA,42104.418,3955.154,90.396,8.492,18042.445,934.516,2.037,6525.62,46059.572,0.8911143958834347,0.09393679304627843
Uzbekistan,UZB,2009,27939281,182715809792,506.085,17.017,96.747,3.253,18761.783,0.875,0.167,50.1,523.102,1.6168700274783596,0.03362478635011905
Venezuela,VEN,2009,28438244,474358611968,771.058,225.3,77.388,22.612,35543.055,10.461,1.046,119.57,996.358,1.3709448940037878,0.292195917816818
Vietnam,VNM,2009,86459976,389670895616,383.778,78.904,82.946,17.054,5409.733,10.517,2.3,80.64,462.682,1.5077485678433789,0.20559802802661953
Algeria,DZA,2010,36188192,450705784832,438.489,0.474,99.892,0.108,12130.888,-9.864,-2.198,45.73,438.96299999999997,1.9661458300313839,0.0010809849277861017
Argentina,ARG,2010,41288642,785785159680,760.08,97.169,86.765,11.092,21368.291,30.114,3.534,126,857.249,1.0619539944686527,0.12784049047468687
Australia,AUS,2010,22141527,993854029824,1443.765,61.531,95.912,4.088,68145.156,-0.707,-0.047,250.97,1505.296,1.6460987529792785,0.04261843166997399
Austria,AUT,2010,8365050,338832261120,289.55,124.762,69.887,30.113,50395.195,11.786,2.876,67.82,414.312,0.240035403154864,0.43088240372992576
Azerbaijan,AZE,2010,9146807,144296574976,118.872,8.976,92.979,7.021,14041.989,-1.729,-1.328,18.67,127.848,1.111062349600063,0.07550979204522512
Bangladesh,BGD,2010,152201922,400087810048,248.846,2.093,99.166,0.834,1649.614,5.731,2.336,40.86,250.939,0.880379644264084,0.008410824365270086
Belarus,BLR,2010,9490705,166239895552,305.415,0.773,99.748,0.252,32263.27,23.686,8.384,34.9,306.18800000000005,-0.1744345838230015,0.002530982433737701
Belgium,BEL,2010,10936569,411261698048,612.624,23.793,80.474,3.125,69929.398,48.939,6.836,93.03,636.417,1.143876244661114,0.03883785160228786
Brazil,BRA,2010,193701879,2820492492800,1753.845,1324.56,56.281,42.505,16462.074,263.215,8.997,515.8,3078.4049999999997,0.8444230232675243,0.7552320758105762
Bulgaria,BGR,2010,7437542,109045211136,154.662,15.211,73.795,7.258,28432.93,9.365,4.634,45.93,169.87300000000002,-0.6734004935385658,0.09834995021401507
Canada,CAN,2010,34196847,1406355374080,2477.27,981.038,67.085,26.567,109967.867,40.05,1.076,607.03,3458.308,1.0953747794395148,0.3960157754302115
Chile,CHL,2010,17181416,321457389568,291.756,68.176,81.059,18.941,21182.635,9.575,2.702,60.25,359.93199999999996,1.0096131121542293,0.23367471448744845
China,CHN,2010,1351561462,12858808074240,26643.773,2080.64,92.132,7.195,21497.809,1896.711,6.984,4207.16,28724.413,0.6732695267582172,0.07809104213581161
Colombia,COL,2010,44777278,489870196736,303.138,114.429,72.596,27.404,9482.512,20.819,5.156,60.23,417.567,1.1424551815461579,0.37748154305959664
Croatia,HRV,2010,4301108,81303797760,82.442,24.232,77.284,22.716,25171.242,1.775,1.667,14.79,106.67399999999999,-0.21767821809626792,0.2939278523082895
Cyprus,CYP,2010,1127771,27285555200,33.674,0.373,98.905,1.095,30197.65,-0.948,-2.707,5.33,34.047,1.662354754671739,0.011076795153530914
Czechia,CZE,2010,10463981,271231975424,419.103,19.214,81.984,3.759,49087.34,20.838,4.228,85.22,438.317,0.4131108823194396,0.04584553200525884
Denmark,DNK,2010,5547824,238190231552,199.24,35.085,85.027,14.973,42534.992,15.17,6.87,38.75,234.32500000000002,0.4473016062119972,0.17609415779963863
Ecuador,ECU,2010,15076646,137913286656,130.432,23.266,84.863,15.137,10293.683,15.389,11.008,19.42,153.69799999999998,1.6911876989422303,0.17837647203140333
Egypt,EGY,2010,89196017,898751397888,855.174,37.471,95.802,4.198,10035.333,33.44,3.881,144.43,892.645,1.936457471753712,0.043816813888167785
Estonia,EST,2010,1331406,27586969600,69.845,3.199,95.62,4.38,54939.371,14.419,24.553,12.97,73.044,-0.23087523520274084,0.04580141742429666
Finland,FIN,2010,5363304,201746022400,237.393,70.167,64.696,19.122,69227.961,30.003,8.791,80.64,307.56,0.4589795459653855,0.2955731634883927
France,FRA,2010,63417312,2342490472448,1613.471,233.531,54.455,7.882,47325.102,92.32,3.174,562.36,1847.002,0.4926742536728009,0.1447382692344641
Germany,DEU,2010,80830868,3301123031040,3134.529,323.744,81.963,8.465,47595.078,154.973,4.197,624.21,3458.273,-0.12893521191552423,0.10328314078446875
Greece,GRC,2010,11124619,290984361984,347.664,28.987,92.304,7.696,34018.004,-17.96,-4.531,56.61,376.651,0.14946863598323948,0.08337647843895254
High-income countries,NA,2010,1331182042,NA,64709.016,5888.114,83.821,7.627,58333.336,3141.367,4.216,12239.17,70597.13,0.5944514033203693,0.09099371871146981
Hong Kong,HKG,2010,7101558,302377336832,321.003,0.17,99.947,0.053,45226.09,12.317,3.988,38.23,321.173,0.5257333300492695,5.295900661364537e-4
Hungary,HUN,2010,9979076,200496578560,224.51,11.062,81.163,3.999,27840.961,5.139,1.884,37.36,235.572,-0.2225004296928938,0.049271747360919334
Iceland,ISL,2010,318102,11531450368,9.543,46.746,16.953,83.047,177257.703,0.031,0.055,16.74,56.289,-0.14502580329227407,4.898459603898146
India,IND,2010,1243481513,5361371185152,5786.579,376.951,92.977,6.057,5024.514,259.5,4.333,937.47,6163.53,1.465233776098049,0.06514228873398256
Indonesia,IDN,2010,246305285,2039334567936,1663.915,76.897,95.583,4.417,7062.332,132.219,8.226,177.56,1740.812,1.2685265673594448,0.0462145001397307
Iran,IRN,2010,77420793,1310507008000,2429.434,27.172,98.894,1.106,31753.65,79.103,3.325,235.68,2456.606,1.2595369792261426,0.01118449811766856
Iraq,IRQ,2010,31045312,297507192832,382.232,9.414,97.596,2.404,12635.276,52.786,15.549,48.91,391.646,3.284150122710451,0.02462902111806442
Ireland,IRL,2010,4559044,221852450816,166.767,10.927,93.851,6.149,39109.176,1.689,0.956,28.11,177.694,0.5590579698956569,0.06552255542163618
Israel,ISR,2010,7336682,210327633920,264.449,0.587,99.778,0.222,36127.887,10.103,3.963,58.55,265.036,1.8128524557222567,0.0022197096604638323
Italy,ITA,2010,60164160,2080545964032,1829.21,224.253,89.079,10.921,34277.383,67.46,3.382,296.63,2053.463,0.434353552390063,0.12259554671142187
Japan,JPN,2010,128185219,4480295763968,4866.423,321.517,81.799,5.404,46675.965,360.837,6.418,1156.04,5187.94,-0.005623577080543322,0.06606844493378401
Kazakhstan,KAZ,2010,16836755,333341720576,588.93,20.891,96.574,3.426,36301.25,42.189,7.415,82.65,609.8209999999999,1.305406882477941,0.03547280661538723
Kuwait,KWT,2010,2943329,176036954112,405.019,0,100,0,137605.688,54.858,15.666,57.03,405.019,5.2902150785349304,0
Latvia,LVA,2010,2097787,35881177088,39.531,9.813,80.113,19.887,23815.682,5.883,13.346,6.63,49.344,-2.063550309338801,0.24823556196402827
Lithuania,LTU,2010,3097660,56073777152,63.088,2.969,95.506,4.494,21370.361,-23.829,-26.469,5,66.057,-2.0720762872075276,0.0470612477808775
Lower-middle-income countries,NA,2010,2550517706,NA,9041.703,669.729,92.468,6.849,3848.253,410.702,4.367,1681.91,9711.431999999999,1.734476499840911,0.07407111248843277
Luxembourg,LUX,2010,507375,27526699008,48.863,1.216,97.572,2.428,98774.555,2.523,5.301,3.24,50.079,1.853078627866641,0.024885905490862205
Malaysia,MYS,2010,28655721,525056606208,913.448,20.563,97.798,2.202,32635.248,29.949,3.308,125.04,934.011,1.8880006155437743,0.02251140732696333
Mexico,MEX,2010,113623858,1638271418368,1979.88,126.283,93.326,5.953,18706.051,8.21,0.388,275.57,2106.163,1.4501793764341897,0.06378315857526719
Morocco,MAR,2010,32466965,225643839488,183.502,10.747,94.468,5.532,6004.762,19.167,10.903,22.85,194.24900000000002,1.36191067735411,0.058566119170363265
Netherlands,NLD,2010,16771188,728193171456,1123.363,35.529,96.077,3.039,69801.305,91.36,8.465,118.1,1158.892,0.5219518817461289,0.03162735464849741
New Zealand,NZL,2010,4347718,139478810624,143.897,89.366,61.689,38.311,54082.043,5.61,2.444,44.31,233.26299999999998,1.0098855782075855,0.6210414393628777
North Macedonia,MKD,2010,2051460,22583128064,27.146,6.336,81.077,18.923,16524.141,2.759,8.861,7.26,33.482,-0.4410477212857939,0.23340455315700287
Norway,NOR,2010,4889110,383760924672,168.981,308.765,35.371,64.629,101845.164,-16.011,-3.115,123.14,477.746,1.2535986260139889,1.827217261112196
Oman,OMN,2010,2757400,135198277632,237.083,0,100,0,85980.578,37.661,18.885,19.81,237.083,2.7111129818517874,0
Pakistan,PAK,2010,199238997,805491507200,659.922,77.665,88.675,10.436,3761.662,4.108,0.551,94.54,737.587,2.501591614800784,0.1176881510239089
Peru,PER,2010,29085967,230353256448,165.214,56.59,74.487,25.513,7745.535,26.846,13.529,35.89,221.804,0.6547480088256243,0.342525451838222
Philippines,PHL,2010,96337064,565514797056,290.329,53.935,84.333,15.667,3539.977,9.629,2.905,67.73,344.264,2.0690538429502463,0.18577200348570072
Poland,POL,2010,38095304,795619885056,1116.974,39.067,96.621,3.379,30377.77,72.059,6.64,156.77,1156.041,0.2452390272665927,0.03497574697351953
Portugal,PRT,2010,10578605,267277418496,220.531,79.11,73.598,26.402,28747.137,15.871,5.506,53.48,299.641,0.02261679109526255,0.35872507720003083
Qatar,QAT,2010,1709205,238648098816,335.396,0,100,0,196229.125,47.034,16.311,28.14,335.396,7.768352943476005,0
Romania,ROU,2010,20432524,335489564672,307.746,54.252,78.453,13.83,19401.607,4.301,1.097,60.42,361.998,-0.7014915631722203,0.17628823770252092
Russia,RUS,2010,143934422,3105249296384,6896.798,435.24,88.695,5.597,54290.25,292.046,3.882,1038.02,7332.038,0.045411422602390984,0.063107546429517
Saudi Arabia,SAU,2010,25157085,1156842127360,2451.095,0.011,100,0,97432.062,245.969,11.154,248.77,2451.1059999999998,3.8793223409448485,4.487790150932542e-6
Singapore,SGP,2010,5076973,297586786304,790.15,1.843,99.767,0.233,156004.969,50.03,6.743,45.36,791.9929999999999,2.182761795157594,0.002332468518635702
Slovakia,SVK,2010,5391807,118344318976,148.8,16.934,73.053,8.314,38113.363,13.182,6.854,27.46,165.734,0.1259046612022558,0.11380376344086021
Slovenia,SVN,2010,2044566,53649776640,57.698,13.01,67.53,15.228,42339.875,0.155,0.18,16.26,70.708,0.44268025182321286,0.22548441887067142
South Africa,ZAF,2010,52344000,607601623040,1423.193,4.534,97.282,0.31,27968.605,10.775,0.741,259.6,1427.727,1.189923050306281,0.0031857941965706686
South Korea,KOR,2010,48769268,1562822836224,2640.333,19.187,86.668,0.63,62667.078,223.304,7.882,495.02,2659.52,0.45859201328405097,0.007266886411676103
Spain,ESP,2010,46840419,1480376320000,1236.278,275.806,73.916,16.49,36130.066,40.249,2.436,297.8,1512.084,0.44020679004033186,0.2230938348817984
Sri Lanka,LKA,2010,20879032,180642807808,53.678,14.958,78.206,21.793,3334.249,5.156,7.999,10.71,68.636,0.590912288173564,0.2786616490927382
Sweden,SWE,2010,9378187,399838969856,228.815,226.233,37.797,37.37,66295.906,41.922,7.23,148.45,455.048,0.854905184514123,0.9887157747525294
Switzerland,CHE,2010,7825700,451139698688,184.178,98.345,52.38,27.969,45935.48,4.471,1.259,66.05,282.523,1.1386743734551075,0.5339671404836626
Taiwan,TWN,2010,23223993,859487535104,1162.855,19.784,90.071,1.532,55741.32,86.24,7.137,247.05,1182.6390000000001,0.25766365469081376,0.017013299164556198
Thailand,THA,2010,68579392,870109282304,1145.885,32.407,97.25,2.75,17198.242,70.532,6.36,157.57,1178.292,0.6728641654420081,0.028281197502367163
Trinidad and Tobago,TTO,2010,1386606,41285435392,233.509,0.011,99.995,0.005,168412.141,17.029,7.866,8.48,233.51999999999998,0.5514861845640431,4.710739200630382e-5
Turkey,TUR,2010,73346724,1240496865280,1098.388,145.686,88.29,11.71,17085.516,60.428,5.066,211.18,1244.0739999999998,1.2170447732585181,0.13263619049006364
Turkmenistan,TKM,2010,5564305,71115153408,246.756,0.009,99.997,0.003,44347.934,20.126,8.88,16.66,246.765,2.0684044614875234,3.64732772455381e-5
Ukraine,UKR,2010,46455954,439429791744,1152.221,34.968,81.179,2.464,30715.432,96.357,7.242,188.82,1187.189,-0.3597591927897079,0.03034834463180241
United Arab Emirates,ARE,2010,6938332,490048913408,972.441,0.048,99.995,0.005,140162.172,46.916,5.069,93.95,972.489,3.4488660829197366,4.936032108888868e-5
United Kingdom,GBR,2010,63006430,2190919860224,2231.316,75.116,90.401,3.043,39284.031,52.335,2.16,382.06,2306.432,0.800338603378492,0.03366443838523992
United States,USA,2010,311062741,15239587299328,22175.387,1458.154,85.799,5.642,83435.086,843.02,3.357,4113.94,23633.540999999997,0.9867247162827546,0.06575551533779321
Upper-middle-income countries,NA,2010,2617654521,NA,44414.914,4411.677,89.981,8.938,18959.148,2816.844,6.017,7210.12,48826.591,0.8913033732587974,0.09932872998470739
Uzbekistan,UZB,2010,28385466,195160162304,502.924,21.334,95.931,4.069,18518.699,1.471,0.281,51.97,524.2579999999999,1.596980967405711,0.04241992825953822
Venezuela,VEN,2010,28813062,477591732224,744.227,199.641,78.849,21.151,33214.418,-53.773,-5.32,113.76,943.8679999999999,1.3180068361464232,0.26825283146136863
Vietnam,VNM,2010,87455095,413666246656,460.749,74.575,86.069,13.931,6177.173,72.5,15.501,91.72,535.3240000000001,1.1509591443791287,0.1618560213912564
Algeria,DZA,2011,36903328,482028650496,463.396,1.026,99.779,0.221,12586.623,25.493,5.807,51.22,464.422,1.9761584110087622,0.002214089029685194
Argentina,ARG,2011,41730610,837742690304,791.213,93.884,87.749,10.412,21743.648,25.108,2.846,129.49,885.097,1.0704348183696621,0.11865831324813926
Australia,AUS,2011,22479723,1024000327680,1469.942,83.776,94.608,5.392,69333.703,49.765,3.298,256.28,1553.718,1.5274285283034004,0.056992724883022594
Austria,AUT,2011,8393226,349713465344,275.898,113.558,70.842,29.158,47165.281,-25.689,-6.094,62.2,389.456,0.3368300249251349,0.4115941398632828
Azerbaijan,AZE,2011,9256100,145980473344,138.358,6.932,95.229,4.771,15745.209,17.3,13.469,20.27,145.29,1.1948759824056636,0.05010190953902196
Bangladesh,BGD,2011,153591029,431418703872,268.757,2.702,99.005,0.995,1768.522,20.555,8.187,44.22,271.459,0.9126737571684541,0.010053691624776285
Belarus,BLR,2011,9472681,173120307200,299.936,0.735,99.756,0.244,31742.256,-5.517,-1.802,32.19,300.671,-0.1899121298154352,0.0024505227781926814
Belgium,BEL,2011,11038580,420934221824,556.806,28.283,78.418,3.983,64656.105,-51.076,-6.678,89.27,585.089,0.9327513957988105,0.05079507045541894
Brazil,BRA,2011,195284687,2968454955008,1826.877,1373.394,56.37,42.378,16981.994,127.589,4.001,531.76,3200.2709999999997,0.817136110486569,0.7517714657308621
Bulgaria,BGR,2011,7379973,109435363328,170.472,10.301,76.432,4.618,30434.623,13.136,6.212,49.96,180.773,-0.7740326037822711,0.060426345675536154
Canada,CAN,2011,34555403,1454221426688,2538.526,1049.958,66.293,27.419,112865.625,139.563,3.711,638.27,3588.484,1.0485060216224027,0.41360931501194004
Chile,CHL,2011,17351762,338708856832,314.428,67.492,82.328,17.672,22228.969,21.764,5.98,65.65,381.92,0.9914549534217668,0.21465009477527447
China,CHN,2011,1360250601,13691527364608,28885.965,2089.481,92.579,6.697,23037.326,2280.928,7.85,4713.02,30975.446,0.6428963272703909,0.07233550964975552
Colombia,COL,2011,45259560,521323249664,298.923,136.639,68.629,31.371,9805.588,19.196,4.521,61.7,435.562,1.0770685971576923,0.4571043379064174
Croatia,HRV,2011,4280782,82302803968,79.799,13.767,85.287,14.713,22063.324,-13.816,-12.761,11.23,93.566,-0.47257590369737285,0.1725209589092595
Cyprus,CYP,2011,1146448,27627898880,33.027,0.674,98,2,29417.072,-0.331,-0.972,4.92,33.701,1.6560986228587187,0.020407545341690134
Czechia,CZE,2011,10495455,279082762240,402.461,23.7,80.584,4.745,47827.914,-11.673,-2.273,86.64,426.161,0.3007841852923854,0.058887693465950734
Denmark,DNK,2011,5570801,242757632000,178.458,40.576,81.475,18.525,39666.582,-15.002,-6.357,35.11,219.034,0.4141623815030902,0.2273700254401596
Ecuador,ECU,2011,15326174,149795274752,133.012,29.743,81.725,18.275,10742.687,9.45,6.089,20.43,162.755,1.6550630690672183,0.22361140348239256
Egypt,EGY,2011,91093017,923052867584,900.94,38.159,95.937,4.063,10336.398,46.462,5.191,149.56,939.099,2.1267765801694933,0.04235465180811152
Estonia,EST,2011,1327315,29217294336,69.313,3.531,95.153,4.847,54970.164,-0.184,-0.251,12.89,72.84400000000001,-0.3072691575672635,0.050942824578361925
Finland,FIN,2011,5388186,207084306432,214.826,70.789,62.145,20.478,64942.621,-21.368,-5.755,73.5,285.615,0.46393044287625684,0.32951784234682957
France,FRA,2011,63733716,2393401982976,1517.902,198.359,53.03,6.93,45465.883,-103.521,-3.449,567.65,1716.261,0.4989237008342454,0.13067971450067264
Germany,DEU,2011,80857831,3467712921600,3032.669,374.923,82.246,10.168,45890.234,-136.567,-3.55,605,3407.5919999999996,0.033357306023238546,0.12362806491575573
Greece,GRC,2011,11108791,266793943040,347.527,22.41,93.942,6.058,33422.59,-7.153,-1.89,58.45,369.937,-0.14227902996048675,0.06448419835005625
High-income countries,NA,2011,1339282329,NA,64465.082,6213.002,83.86,8.082,57733.988,-330.18,-0.425,12220.69,70678.084,0.6085033259485633,0.09637778790074292
Hong Kong,HKG,2011,7142923,314044547072,328.878,0.45,99.863,0.137,46105.922,8.155,2.539,38.97,329.328,0.5824778168396287,0.001368288544688304
Hungary,HUN,2011,9946626,208407609344,217.824,9.852,81.184,3.672,27090.992,-8.363,-3.01,36.02,227.67600000000002,-0.32518040748462085,0.04522917584839136
Iceland,ISL,2011,319098,11716753408,9.428,47.095,16.68,83.32,176677.562,-0.009,-0.015,16.85,56.522999999999996,0.31310711658524626,4.995226983453542
India,IND,2011,1261224903,5720693014528,6017.487,456.895,91.76,6.967,5222.708,339.12,5.428,1034,6474.382,1.4269122471465323,0.07592787487534247
Indonesia,IDN,2011,249469983,2178184511488,1774.586,65.385,96.446,3.554,7365.992,98.104,5.64,191.88,1839.971,1.2848680855548835,0.03684521347514294
Iran,IRN,2011,78383547,1345049329664,2523.704,28.299,98.88,1.109,32584.869,95.725,3.894,235.59,2552.003,1.2435341497987498,0.011213280162808316
Iraq,IRQ,2011,32161373,344220729344,395.722,8.807,97.823,2.177,12595.867,12.834,3.272,53.9,404.529,3.5949421284604903,0.022255522816522714
Ireland,IRL,2011,4579557,224397459456,154.086,15.298,90.968,9.032,37178.629,-8.039,-4.509,27.13,169.38400000000001,0.44994082092649246,0.09928221902054696
Israel,ISR,2011,7470971,220210380800,269.066,0.952,99.647,0.353,36148.16,5.003,1.888,59.6,270.018,1.8303778192921543,0.0035381653571986056
Italy,ITA,2011,60367832,2110883364864,1771.616,239.582,88.088,11.912,33468.004,-41.879,-2.031,298.37,2011.1979999999999,0.3385271231244648,0.13523359463901885
Japan,JPN,2011,128096387,4468738359296,4915.311,307.474,87.076,5.447,44260.375,-313.575,-5.241,1104.2,5222.785,-0.06929972167851894,0.06255433277772252
Kazakhstan,KAZ,2011,17065944,360244936704,672.268,20.423,97.052,2.948,40666.699,82.82,13.551,86.58,692.691,1.3612421158352663,0.03037925351199224
Kuwait,KWT,2011,3132776,201228681216,409.911,0,100,0,130845.953,4.892,1.208,57.46,409.911,6.436487392337044,0
Latvia,LVA,2011,2059892,37869723648,35.809,8.323,81.14,18.86,21669.824,-5.323,-10.654,6.09,44.132,-1.8064274399641145,0.23242760199949736
Lithuania,LTU,2011,3028588,59460370432,65.038,3.487,94.911,5.089,22682.814,2.499,3.775,4.25,68.52499999999999,-2.2298121808074485,0.053614809803499495
Lower-middle-income countries,NA,2011,2594093744,NA,9414.886,777.057,91.534,7.555,3981.664,513.771,5.235,1817.84,10191.943000000001,1.7085173687478805,0.08253493457063633
Luxembourg,LUX,2011,518535,28143126528,47.574,1.215,97.509,2.491,94152.016,-1.295,-2.583,2.64,48.789,2.199556541019956,0.025539160045402954
Malaysia,MYS,2011,29161977,557469663232,924.039,25.675,97.297,2.703,32616.816,15.984,1.709,127.07,949.7139999999999,1.7666838674204008,0.02778562376696222
Mexico,MEX,2011,115243459,1716088340480,2067.558,124.256,93.219,5.602,19279.938,96.433,4.537,292.15,2191.814,1.4254057453321116,0.06009795130293805
Morocco,MAR,2011,32912540,238103281664,197.305,6.989,96.579,3.421,6220.956,9.791,5.022,24.36,204.294,1.372394986719578,0.03542231570411292
Netherlands,NLD,2011,16851014,744614395904,1063.291,39.48,95.491,3.546,66173.578,-55.559,-4.746,112.64,1102.771,0.4759710522593868,0.03713000486226254
New Zealand,NZL,2011,4382648,142521892864,142.577,91.873,60.813,39.187,53868.859,0.955,0.406,43.86,234.45,0.8034099727719232,0.6443746186271279
North Macedonia,MKD,2011,2040398,23201482752,29.831,3.719,88.916,11.084,16560.863,-0.108,-0.318,6.76,33.55,-0.5392257221686019,0.12466896852267775
Norway,NOR,2011,4952915,399420063744,166.241,317.353,34.376,65.624,101765.938,6.106,1.226,125.93,483.59400000000005,1.3050432491803212,1.9089935695766989
Oman,OMN,2011,3076708,132756537344,259.864,0,100,0,84461.75,22.781,9.609,21.87,259.864,11.580039167331545,0
Pakistan,PAK,2011,203746014,845096878080,658.422,79.33,88.029,10.606,3697.389,3.858,0.515,94.83,737.7520000000001,2.2621158848736824,0.12048503847076798
Peru,PER,2011,29304035,244711915520,184.509,60.38,75.344,24.656,8481.975,23.27,10.329,39.23,244.88899999999998,0.7497361184518981,0.32724690936485484
Philippines,PHL,2011,98248571,590943092736,291.718,59.217,83.126,16.874,3540.377,6.806,1.996,69.15,350.935,1.9841864809166283,0.20299398734394172
Poland,POL,2011,38208597,843236900864,1115.249,45.976,96.041,3.959,30429.422,5.415,0.468,162.87,1161.225,0.29739361050905383,0.04122487444507908
Portugal,PRT,2011,10556994,263424999424,218.494,67.716,76.34,23.66,27453.902,-14.274,-4.694,51.78,286.21,-0.20428969604215302,0.30992155390994713
Qatar,QAT,2011,1810913,296148828160,393.121,0.033,99.992,0.008,217102.875,57.759,17.221,30.73,393.154,5.950602765613253,8.3943620412036e-5
Romania,ROU,2011,20281955,350086823936,329.989,44.535,81.487,10.997,20133.217,11.917,3.006,61.8,374.524,-0.7369084700451104,0.13495904408934845
Russia,RUS,2011,144043700,3306765942784,7171.414,424.181,89.156,5.274,56097.898,266.313,3.408,1054.86,7595.594999999999,0.07592207512390607,0.05914886520287352
Saudi Arabia,SAU,2011,26105592,1347950215168,2557.276,0.014,99.999,0.001,97959.508,106.184,4.332,259.15,2557.29,3.7703374615938214,5.474575290269803e-6
Singapore,SGP,2011,5182186,319718129664,822.214,1.904,99.769,0.231,159037.094,32.127,4.056,46,824.118,2.072356894551143,0.002315698832664002
Slovakia,SVK,2011,5398048,120554971136,141.414,14.724,72.127,7.51,36622.75,-7.809,-3.8,28.28,156.13799999999998,0.11574969207911187,0.10411981840553271
Slovenia,SVN,2011,2048754,53761445888,56.359,10.601,67.852,12.763,41019.555,-2.528,-2.92,15.92,66.96000000000001,0.20483564727184156,0.1880977306197768
South Africa,ZAF,2011,52995162,645388107776,1401.501,9.997,96.995,0.692,27289.547,-17.775,-1.214,262.54,1411.498,1.2440050435580008,0.007133066619288891
South Korea,KOR,2011,49127592,1609219833856,2773.87,23.758,86.725,0.743,65306.504,152.124,4.978,518.16,2797.6279999999997,0.734733193042799,0.008564929142317412
Spain,ESP,2011,46997994,1477187469312,1242.487,252.015,75.574,15.329,35349.504,-30.992,-1.831,291.54,1494.502,0.33640817773214193,0.20283109601951568
Sri Lanka,LKA,2011,21009008,195461595136,62.556,12.234,83.642,16.358,3597.456,5.963,8.566,11.54,74.78999999999999,0.6225192815452364,0.19556877038173798
Sweden,SWE,2011,9449207,397617922048,208.531,230.326,35.016,38.676,64769.008,-9.72,-1.563,150.28,438.85699999999997,0.7572892287176616,1.1045168344274952
Switzerland,CHE,2011,7914333,467103580160,169.141,88.984,51.594,27.144,42318.59,-24.554,-6.83,62.88,258.125,1.13258877800069,0.5260936142035343
Taiwan,TWN,2011,23273026,888546852864,1156.966,20.643,89.916,1.604,55435.652,-4.381,-0.338,252.15,1177.609,0.21113079047173325,0.017842356646608458
Thailand,THA,2011,69007158,873642786816,1169.192,41.674,96.558,3.442,17570.381,33.037,2.801,153.3,1210.866,0.623752978154137,0.03564341870283067
Trinidad and Tobago,TTO,2011,1394948,40819359744,230.527,0.011,99.995,0.005,165267.547,-2.982,-1.277,8.76,230.53799999999998,0.6016128590241208,4.771675335210192e-5
Turkey,TUR,2011,74215158,1364782743552,1176.488,151.262,88.608,11.392,18015.545,83.86,6.692,229.39,1327.75,1.184011981230409,0.12857079715220215
Turkmenistan,TKM,2011,5683365,82520293376,266.967,0.009,99.996,0.004,46975.195,20.212,8.191,17.22,266.976,2.1397101704525543,3.371203182415804e-5
Ukraine,UKR,2011,46307812,471221174272,1204.893,29.08,82.09,1.981,31846.557,47.83,3.352,194.95,1233.973,-0.31888700423631383,0.024134923184050364
United Arab Emirates,ARE,2011,7199389,551070269440,1020.874,0.054,99.995,0.005,141808.047,48.44,4.981,99.13,1020.928,3.7625325510511747,5.289585198565151e-5
United Kingdom,GBR,2011,63509238,2223011266560,2045.831,99.18,88.041,4.268,36722.035,-142.958,-5.776,367.97,2145.011,0.7980264871379001,0.048479077695078435
United States,USA,2011,314105041,15477885632512,21752.76,1703.818,84.934,6.653,81912.367,-224.459,-0.865,4088.87,23456.577999999998,0.9780342030741638,0.07832652040476704
Upper-middle-income countries,NA,2011,2640397366,NA,47409.453,4516.234,90.3,8.602,19986.834,3144.684,6.336,7808.28,51925.687000000005,0.8688253097399479,0.09526020053426898
Uzbekistan,UZB,2011,28823141,208063381504,534.178,14.822,97.3,2.7,19080.547,24.299,4.623,52.8,549,1.5418982376403474,0.027747305205380976
Venezuela,VEN,2011,29185167,502688645120,780.515,215.434,78.369,21.631,34603.832,52.91,5.529,117.96,995.949,1.2914455256438904,0.2760151950955459
Vietnam,VNM,2011,88468266,438354706432,483.521,106.709,81.921,18.079,6749.787,56.917,10.536,101.51,590.23,1.1585042586712644,0.22069155217663763
Algeria,DZA,2012,37646120,498417631232,506.532,1.071,99.789,0.211,13485.37,43.184,9.297,57.4,507.603,2.0128049155891845,0.0021143777688280305
Argentina,ARG,2012,42161676,829147447296,831.248,91.078,88.541,9.701,22393.131,36.756,4.051,136.02,922.326,1.0329731580726953,0.10956778241872461
Australia,AUS,2012,22852597,1062662897664,1448.736,82.696,94.6,5.4,67218.312,-22.489,-1.443,250.66,1531.432,1.6587126095815325,0.05708148344487884
Austria,AUT,2012,8431540,352093110272,266.205,140.204,65.502,34.498,49149.066,18.533,4.682,68.65,406.409,0.4564871719169721,0.5266768092259725
Azerbaijan,AZE,2012,9376131,149196423168,145.098,4.693,96.867,3.133,16007.758,4.352,2.986,22.97,149.79100000000003,1.2967772604012489,0.032343657390177666
Bangladesh,BGD,2012,155070060,458456629248,292.377,2.495,99.154,0.846,1902.543,23.398,8.614,48.62,294.872,0.9629670493320284,0.008533502977320378
Belarus,BLR,2012,9463025,175940435968,324.38,0.837,99.743,0.257,34369.172,24.552,8.165,30.81,325.217,-0.1019352388199286,0.002580307047290215
Belgium,BEL,2012,11107477,424045838336,543.644,34.053,79.766,4.996,61664.703,-28.772,-4.031,81.51,577.697,0.6241473088024003,0.06263841778811133
Brazil,BRA,2012,196876061,3025484382208,1951.53,1342.998,58.501,40.259,17312.084,92.011,2.775,552.5,3294.5280000000002,0.8148995317794682,0.6881769688398334
Bulgaria,BGR,2012,7316974,110261510144,156.513,14.525,73.924,6.861,29168.914,-11.178,-4.977,46.46,171.038,-0.8536481095527043,0.09280379265620108
Canada,CAN,2012,34922466,1479829618688,2520.988,1067.505,65.8,27.863,111724.438,1.576,0.04,636.54,3588.493,1.0622448825151887,0.42344707709834406
Chile,CHL,2012,17519067,359556382720,327.243,71.715,82.024,17.976,22989.041,17.035,4.416,69.57,398.95799999999997,0.9641960280460278,0.2191490727074376
China,CHN,2012,1369520822,14773157625856,29585.432,2618.516,91.152,8.068,23821.602,1287.643,4.109,4987.54,32203.948,0.6815083186278261,0.08850693814442188
Colombia,COL,2012,45715766,541722640384,329.327,134.665,70.977,29.023,10323.202,28.136,6.34,63.06,463.99199999999996,1.0079770992029087,0.40890968551014645
Croatia,HRV,2012,4259181,80383803392,72.795,13.942,83.926,16.074,20566.092,-6.854,-7.256,10.57,86.737,-0.5046040653319884,0.1915241431416993
Cyprus,CYP,2012,1165359,26675451904,30.693,0.875,97.229,2.771,27120.369,-2.12,-6.287,4.72,31.568,1.6495296777525017,0.028508128889323296
Czechia,CZE,2012,10507287,276891959296,392.822,25.83,79.069,5.199,47532.566,-2.537,-0.505,86.58,418.652,0.11273451222457721,0.06575497299031113
Denmark,DNK,2012,5591867,243307495424,160.084,43.151,78.768,21.232,36703.93,-15.731,-7.119,30.57,203.235,0.3781502875439277,0.2695522350765848
Ecuador,ECU,2012,15572144,158246715392,139.394,32.505,81.091,18.909,11169.524,9.289,5.642,22.73,171.899,1.6049015233678021,0.2331879420921991
Egypt,EGY,2012,93160949,950287269888,939.138,38.319,96.08,3.92,10518.406,38.331,4.071,162.84,977.457,2.2701322978467164,0.04080231020361225
Estonia,EST,2012,1322570,30160490496,68.942,4.4,94,6,55564.445,0.525,0.72,11.96,73.342,-0.3574886142324919,0.06382176322125846
Finland,FIN,2012,5413924,204190203904,194.504,81.862,57.955,24.392,62885.762,-9.464,-2.705,70.41,276.366,0.47767467567006777,0.42087566322543496
France,FRA,2012,64058423,2400896417792,1513.171,249.119,52.932,8.714,45190.91,-2.851,-0.098,567.58,1762.29,0.5094744514818499,0.1646337393460488
Germany,DEU,2012,80916339,3482225475584,3052.564,428.276,81.681,11.46,46491.43,51.332,1.383,619.81,3480.8399999999997,0.0723591014950673,0.1403004163057679
Greece,GRC,2012,11048239,247887020032,319.955,27.698,92.033,7.967,31616.08,-21.983,-5.921,59.91,347.65299999999996,-0.5450818185345282,0.08656842368458065
High-income countries,NA,2012,1347502054,NA,64274.031,6501.207,84.083,8.505,57055.164,-440.156,-0.569,12260.26,70775.238,0.6137410180075631,0.1011482693531389
Hong Kong,HKG,2012,7201012,319384190976,316.294,0.192,99.939,0.061,43950.695,-12.842,-3.899,38.53,316.486,0.8132385019410122,6.070301681347102e-4
Hungary,HUN,2012,9916568,205802045440,199.771,9.517,79.911,3.807,25322.871,-18.348,-6.809,34.62,209.28799999999998,-0.302192924515308,0.047639547281637475
Iceland,ISL,2012,320802,11841376256,9.363,48.077,16.301,83.699,177362.109,0.521,0.924,17.29,57.44,0.5340052272342666,5.134785859233152
India,IND,2012,1278674446,6052427857920,6396.479,429.064,92.556,6.208,5425.75,350.758,5.325,1091.84,6825.543000000001,1.3835393638750566,0.06707815346536743
Indonesia,IDN,2012,252698471,2309530058752,1870.294,69.376,96.423,3.577,7665.838,99.552,5.417,208.96,1939.67,1.2941388623897088,0.03709363340736804
Iran,IRN,2012,79370525,1324570771456,2534.887,33.023,98.57,1.284,32428.113,19.719,0.772,248.74,2567.9100000000003,1.2591647581347651,0.013027405166384143
Iraq,IRQ,2012,33654796,392191311872,429.248,11.332,97.428,2.572,13112.654,36.203,8.937,46.02,440.58,4.643529988598435,0.026399657074698078
Ireland,IRL,2012,4600088,217871564800,151.88,14.767,91.139,8.861,36405.516,-2.793,-1.64,27.09,166.647,0.448318472725637,0.09722807479589149
Israel,ISR,2012,7607737,225909440512,281.237,1.418,99.498,0.502,37163.152,12.666,4.69,63.01,282.65500000000003,1.8306321895774993,0.005042010830722842
Italy,ITA,2012,60531480,2047959891968,1686.502,263.19,86.501,13.499,32379.432,-60.416,-2.99,295.25,1949.692,0.27108477243310647,0.15605673755501032
Japan,JPN,2012,127928244,4530172329984,5252.055,301.214,93.793,5.379,43894.02,-54.31,-0.958,1106.88,5553.269,-0.13126287472885553,0.057351646165167726
Kazakhstan,KAZ,2012,17306063,378260783104,708.905,19.691,97.297,2.703,42173.277,35.838,5.164,90.62,728.596,1.4070068435710326,0.027776641439967272
Kuwait,KWT,2012,3336980,214560079872,422.8,0,100,0,126701.422,12.889,3.144,61.12,422.8,6.518308362934342,0
Latvia,LVA,2012,2034577,40536567808,34.676,10.964,75.977,24.023,22749.947,1.649,3.694,6.17,45.64,-1.2289479254252165,0.316184104279617
Lithuania,LTU,2012,2988281,61745950720,64.587,3.871,94.346,5.654,22966.906,-0.065,-0.095,4.5,68.458,-1.3308842272372472,0.05993466177404121
Lower-middle-income countries,NA,2012,2637378858,NA,9864.738,729.313,92.311,6.825,4066.632,396.441,3.838,1930.98,10594.051,1.6686025360539167,0.07393130968100724
Luxembourg,LUX,2012,530907,28607410176,46.521,1.39,97.098,2.902,90322.68,-0.868,-1.778,2.76,47.911,2.385952732216726,0.029878979385653787
Malaysia,MYS,2012,29662784,587985584128,1009.164,29.89,97.123,2.877,35083.645,89.508,9.41,134.08,1039.054,1.7173286982566376,0.029618575375261108
Mexico,MEX,2012,116818153,1774999961600,2099.469,116.248,93.797,5.194,19191.287,20.004,0.9,296.39,2215.717,1.366406400557623,0.05537019122454297
Morocco,MAR,2012,33355201,245270183936,201.953,6.08,97.077,2.923,6248.555,3.674,1.795,26.51,208.03300000000002,1.3449615253031215,0.03010601476581185
Netherlands,NLD,2012,16915143,736942161920,1043.879,40.157,95.408,3.67,64776.246,-19.392,-1.739,102.27,1084.0359999999998,0.38056463545754576,0.038469017960893935
New Zealand,NZL,2012,4411632,146280660992,149.934,86.914,63.304,36.696,53914.449,1.762,0.747,43.75,236.848,0.6613353388179931,0.5796817266263823
North Macedonia,MKD,2012,2027246,23095685120,28.49,2.693,91.364,8.636,15466.537,-2.436,-7.21,6.26,31.183,-0.6445801260342345,0.09452439452439453
Norway,NOR,2012,5018393,410276134912,165.486,371.847,30.798,69.202,111777.172,56.904,11.29,146.18,537.333,1.3220093621634936,2.246999746202096
Oman,OMN,2012,3547053,144522756096,283.451,0,100,0,79911.539,23.586,9.076,25.02,283.451,15.28728108094756,0
Pakistan,PAK,2012,207667068,878485045248,664.951,27.916,95.011,3.989,3379.421,-51.534,-6.841,98.1,692.8670000000001,1.924481329975859,0.041982040781952355
Peru,PER,2012,29550318,259737239552,190.22,62.824,75.173,24.827,8687.737,8.169,3.287,39.96,253.04399999999998,0.8404405741393635,0.33027021343707286
Philippines,PHL,2012,100175459,631700455424,300.843,62.392,82.823,17.177,3592.561,12.05,3.464,72.89,363.235,1.9612376855842513,0.2073905658433136
Poland,POL,2012,38247820,856266768384,1068.362,57.77,94.87,5.13,29489.965,-34.739,-2.988,161.48,1126.132,0.10265490774235965,0.05407343203895309
Portugal,PRT,2012,10513092,252737142784,206.804,54.858,79.035,20.965,25155.945,-25.364,-8.751,45.44,261.662,-0.41585701384314516,0.26526566217287867
Qatar,QAT,2012,1907074,310156656640,448.416,0.033,99.993,0.007,235150.344,55.295,14.064,34.8,448.449,5.310083918995556,7.35923785056733e-5
Romania,ROU,2012,20158399,356825923584,320.12,40.606,82.024,10.404,19512.076,-15.009,-3.676,58.54,360.726,-0.609191766770018,0.12684618268149445
Russia,RUS,2012,144290965,3439833120768,7211.689,422.87,89.12,5.226,56333.141,47.814,0.592,1069.27,7634.559,0.17165971160140986,0.058636749310737056
Saudi Arabia,SAU,2012,27062388,1421109100544,2714.14,0.066,99.998,0.002,100294.578,156.92,6.136,281.63,2714.2059999999997,3.665099799307367,2.4317094917727166e-5
Singapore,SGP,2012,5293298,333899235328,829.22,2.008,99.758,0.242,157042.281,7.112,0.863,46.94,831.2280000000001,2.144114472155187,0.002421552784544512
Slovakia,SVK,2012,5404834,122144694272,132.598,15.717,70.437,8.349,35133.98,-7.798,-3.945,28.3,148.31500000000003,0.12571210926616436,0.1185311995656043
Slovenia,SVN,2012,2053274,52342431744,54.53,11.897,67.592,14.747,39770.152,-2.38,-2.832,15.55,66.427,0.22062189994503978,0.21817348248670457
South Africa,ZAF,2012,53782518,660853030912,1384.678,5.09,97.294,0.358,26478.934,-22.11,-1.529,257.93,1389.768,1.4857129788564472,0.003675944876715019
South Korea,KOR,2012,49599543,1647889350656,2819.799,26.377,87.203,0.816,65380.516,34.492,1.075,531.2,2846.176,0.9606638159672064,0.009354212835737582
Spain,ESP,2012,47018277,1433478627328,1212.435,259.509,74.366,15.917,35039.801,-13.845,-0.833,293.95,1471.944,0.043157161133302833,0.21403951552041967
Sri Lanka,LKA,2012,21169405,212333854720,68.397,8.984,88.39,11.61,3682.317,2.373,3.14,11.79,77.381,0.7634677467874732,0.13135079023933796
Sweden,SWE,2012,9519430,395278745600,196.331,265.426,31.323,42.346,67781.844,33.229,5.429,166.44,461.75699999999995,0.7431628918701855,1.3519311774503262
Switzerland,CHE,2012,7998872,472611913728,174.715,105.401,50.472,30.448,44264.305,19.141,5.715,68.13,280.116,1.068175928407359,0.6032739032138053
Taiwan,TWN,2012,23345913,908290359296,1146.566,25.148,89.864,1.971,54801.258,-10.77,-0.835,250.37,1171.714,0.31318230813646664,0.02193332089038049
Thailand,THA,2012,69436048,936920875008,1242.263,48.82,96.219,3.781,18619.59,80.389,6.63,168.96,1291.0829999999999,0.6215152346949283,0.03929924661685972
Trinidad and Tobago,TTO,2012,1403767,42669297664,225.903,0.016,99.993,0.007,160938.547,-4.619,-2.004,9.12,225.91899999999998,0.6322099461772052,7.082685931572401e-5
Turkey,TUR,2012,75197146,1430131965952,1241.201,169.754,87.969,12.031,18897.541,84.015,6.284,239.49,1410.955,1.3231636588309896,0.13676592268294982
Turkmenistan,TKM,2012,5808503,87581261824,315.561,0.011,99.997,0.003,54329.309,48.595,18.202,17.75,315.572,2.20182937397123,3.485855349678826e-5
Ukraine,UKR,2012,46210001,472276729856,1174.961,29.027,81.805,2.021,31226.777,-31.755,-2.153,198.88,1203.988,-0.21121922149981953,0.024704649771354115
United Arab Emirates,ARE,2012,7497073,577394900992,1074.033,0.062,99.994,0.006,143269.234,53.169,5.208,106.21,1074.0949999999998,4.134850888040638,5.7726345466107655e-5
United Kingdom,GBR,2012,63960443,2255210414080,2069.352,115.193,87.462,4.869,37134.609,42.958,1.842,363.87,2184.545,0.7104556977994287,0.05566621821710371
United States,USA,2012,317115301,15830887694336,21191.723,1658.88,84.978,6.652,78985.047,-681.721,-2.65,4040.67,22850.603000000003,0.9583609325136555,0.07827961888705322
Upper-middle-income countries,NA,2012,2664514690,NA,48873.082,5034.814,89.657,9.236,20570.277,2036.621,3.859,8207.271,53907.896,0.9133975177583177,0.10301813992414066
Uzbekistan,UZB,2012,29261864,222840045568,526.032,16.379,96.98,3.02,18572.197,-6.504,-1.183,53,542.4110000000001,1.5221207154348655,0.031136889010554492
Venezuela,VEN,2012,29553788,530969919488,830.801,210.672,79.772,20.228,35695.203,45.01,4.457,128.31,1041.473,1.2630422844590883,0.2535769696955107
Vietnam,VNM,2012,89510294,462486175744,474.568,137.683,77.512,22.488,6938.169,23.896,4.002,115.16,612.251,1.1778551192582434,0.29012280642605487
Algeria,DZA,2013,38414134,512373325824,536.629,0.326,99.939,0.061,13978.626,29.305,5.772,59.89,536.955,2.040088062196051,6.074960540708758e-4
Argentina,ARG,2013,42582408,849088348160,885.847,101.686,88.284,10.134,23705.771,65.317,6.918,139.45,987.533,0.9979015065719873,0.11478957427185509
Australia,AUS,2013,23236224,1086068031488,1454.284,95.674,93.827,6.173,66946.602,19.473,1.268,249.56,1549.958,1.6787019873496216,0.06578770033913596
Austria,AUT,2013,8481365,352182894592,265.785,137.063,65.976,34.024,48441.77,-3.55,-0.857,64.55,402.848,0.5909359381560189,0.5156912542092291
Azerbaijan,AZE,2013,9504374,157913972736,149.935,4.022,97.388,2.612,16225.345,4.121,2.746,23.25,153.957,1.367760326727517,0.02682495748157535
Bangladesh,BGD,2013,156532092,486135234560,303.928,2.491,99.187,0.813,1958.555,11.549,3.915,53.34,306.419,0.9428202968387321,0.00819602011002606
Belarus,BLR,2013,9464405,177632985088,293.277,0.898,99.695,0.305,31085.463,-31.031,-9.541,31.51,294.175,0.014583074651076163,0.0030619516702639488
Belgium,BEL,2013,11160227,425993273344,552.079,36.852,79.095,5.28,62894.707,16.98,2.479,81.95,588.9309999999999,0.47490532728539525,0.0667513163876909
Brazil,BRA,2013,198478236,3116394610688,2073.493,1317.562,60.442,38.407,17638.986,92.62,2.717,570.83,3391.055,0.8137987888735746,0.6354311299821123
Bulgaria,BGR,2013,7264556,109643522048,140.885,19.013,71.828,9.694,27270.529,-15.32,-7.178,43.02,159.898,-0.7163890427928267,0.1349540405295099
Canada,CAN,2013,35293366,1514296442880,2576.755,1090.315,65.57,27.745,113459.016,102.658,2.631,655.69,3667.07,1.0620670373048684,0.4231349119338082
Chile,CHL,2013,17686958,371454083072,335.986,73.875,81.976,18.024,23393.469,11.013,2.734,72.84,409.861,0.9583329979844245,0.2198752328966088
China,CHN,2013,1379007984,15925464006656,30528.387,2852.832,90.679,8.474,24548.492,1228.387,3.765,5431.63,33381.219,0.6927358713791063,0.09344850089852438
Colombia,COL,2013,46151536,569534644224,352.07,125.422,73.733,26.267,10509.718,13.107,2.777,73.51,477.49199999999996,0.9532160086741192,0.35624165648876643
Croatia,HRV,2013,4242353,80064094208,70.368,24.161,74.441,25.559,22646.156,8.478,9.679,13.94,94.529,-0.395099433435677,0.34335209185993637
Cyprus,CYP,2013,1183847,24918237184,27.19,1.039,96.32,3.68,23886.916,-3.327,-10.525,4.29,28.229000000000003,1.5864639136952647,0.03821257815373299
Czechia,CZE,2013,10511117,276764852224,379.33,29.329,77.845,6.019,46638.34,-9.217,-1.846,85.91,408.659,0.03645089355606257,0.07731790261777345
Denmark,DNK,2013,5615285,245578366976,163.676,45.78,78.144,21.856,37701.086,6.459,3.147,34.61,209.456,0.41878678444963013,0.2796989173733474
Ecuador,ECU,2013,15807087,166075187200,148.284,29.342,83.481,16.519,11356.245,5.576,3.206,23.16,177.62599999999998,1.5087389379394385,0.19787704674813197
Egypt,EGY,2013,95333501,984556568576,932.828,37.95,96.091,3.909,10209.095,-6.636,-0.677,165.08,970.778,2.332041508078669,0.040682741084101255
Estonia,EST,2013,1317872,30600421376,73.686,3.637,95.297,4.703,58779.137,3.976,5.41,13.28,77.32300000000001,-0.3552174932139698,0.0493580870178867
Finland,FIN,2013,5439027,202349019136,202.25,74.721,59.954,22.15,62842.215,1.342,0.394,71.26,276.971,0.4636747763729228,0.3694487021013597
France,FRA,2013,64387684,2414733688832,1516.781,284.361,52.58,9.857,45428.77,30.195,1.043,576.75,1801.1419999999998,0.514001101775484,0.18747663637664239
Germany,DEU,2013,81041525,3497463119872,3147.404,445.798,81.92,11.603,47735,106.601,2.834,629.69,3593.202,0.15471041021764467,0.141639903869983
Greece,GRC,2013,10967481,241650188288,287.475,38.441,88.205,11.795,29934.25,-20.999,-6.012,56.37,325.91600000000005,-0.7309581192079571,0.13371945386555353
High-income countries,NA,2013,1355464907,NA,64605.238,6891.847,83.758,8.935,57259.465,731.242,0.951,12257.19,71497.08499999999,0.5909343868057659,0.1066762883839233
Hong Kong,HKG,2013,7264275,329290153984,324.504,0.521,99.84,0.16,44743.301,8.538,2.698,39.01,325.02500000000003,0.8785292956045623,0.0016055272045953208
Hungary,HUN,2013,9889294,209511661568,187.814,9.747,79.29,4.115,24070.617,-13.075,-5.207,30.27,197.56099999999998,-0.2750346692525075,0.05189708967382623
Iceland,ISL,2013,323845,12380449792,9.903,49.327,16.719,83.281,181311.109,1.819,3.196,17.99,59.23,0.9485601710712527,4.981015853781682
India,IND,2013,1295829456,6424470487040,6565.578,481.422,92.056,6.75,5527.781,225.293,3.247,1146.14,7047,1.3416245279371135,0.07332515126619468
Indonesia,IDN,2013,255852410,2437876809728,1743.649,82.807,95.466,4.534,7131.106,-112.635,-5.814,225.18,1826.456,1.2481037132986847,0.04749063601676714
Iran,IRN,2013,80414625,1287095582720,2622.598,38.024,98.169,1.423,33255.691,100.407,3.901,258.86,2660.622,1.3154757386321938,0.014498600242965183
Iraq,IRQ,2013,35281935,422107709440,472.761,11.905,97.544,2.456,13759.097,44.144,10.003,58.9,484.666,4.834790857148563,0.025181857217494674
Ireland,IRL,2013,4624629,222738956288,148.27,15.832,90.352,9.648,35677.965,-2.471,-1.476,25.54,164.102,0.5334897941082866,0.10677817495110271
Israel,ISR,2013,7749319,235885592576,265.535,1.558,99.417,0.583,34478.285,-15.544,-5.498,61.32,267.093,1.8610264787018795,0.0058673997778070685
Italy,ITA,2013,60653828,2010255327232,1536.089,313.725,83.04,16.96,30716.326,-96.912,-4.945,286.02,1849.8139999999999,0.20212292843327143,0.20423621287568627
Japan,JPN,2013,127723595,4621006798848,5197.576,324.029,93.499,5.829,43658.5,-39.064,-0.696,1087.76,5521.605,-0.159971710391022,0.06234233034783907
Kazakhstan,KAZ,2013,17556454,400574382080,710.521,19.785,97.291,2.709,41671.598,1.752,0.24,92.61,730.3059999999999,1.4468397578351586,0.027845763883122387
Kuwait,KWT,2013,3507709,217029672960,448.585,0,100,0,127885.523,25.785,6.099,60.99,448.585,5.11627279755947,0
Latvia,LVA,2013,2012960,41350512640,34.47,9.57,78.269,21.731,22147.869,-1.704,-3.681,6.2,44.04,-1.0624812921801436,0.27763272410791995
Lithuania,LTU,2013,2958306,63937847296,58.42,4.775,92.444,7.556,21436.428,-5.216,-7.6,4.19,63.195,-1.0030850512384881,0.08173570694967477
Lower-middle-income countries,NA,2013,2680846358,NA,10097.905,856.357,91.381,7.75,4140.082,373.673,3.484,2026.03,10954.262,1.648132571782374,0.08480541260786272
Luxembourg,LUX,2013,543317,29514811392,44.019,1.621,96.449,3.551,84098.906,-2.261,-4.714,1.84,45.64,2.3375092059437907,0.03682500738317545
Malaysia,MYS,2013,30174221,615585611776,1050.795,36.17,96.672,3.328,36091.863,48.365,4.647,140.97,1086.9650000000001,1.724170597068704,0.03442155701159598
Mexico,MEX,2013,118343517,1803059331072,2101.287,108.269,93.819,4.834,18952.094,0.967,0.043,297.12,2209.5559999999996,1.3057593882690475,0.051525089147746124
Morocco,MAR,2013,33787523,256393199616,203.077,10.23,95.204,4.796,6333.083,5.557,2.666,26.94,213.307,1.2961157092112863,0.05037498091856784
Netherlands,NLD,2013,16967013,735982977024,1015.559,38.315,95.693,3.61,62644.203,-32.814,-2.995,100.56,1053.874,0.30664830915115526,0.03772799020047087
New Zealand,NZL,2013,4453817,149512486912,150.979,87.794,63.231,36.769,53790.43,1.722,0.724,42.7,238.77300000000002,0.9562220964939959,0.5814980891382244
North Macedonia,MKD,2013,2013223,23771197440,25.768,4.085,86.317,13.683,14961.199,-1.234,-3.936,6.09,29.853,-0.6917266084135818,0.15852995963986338
Norway,NOR,2013,5080085,414445305856,166.09,335.291,33.127,66.873,102997.492,-37.706,-6.722,133.14,501.381,1.2293178314253188,2.018730808597748
Oman,OMN,2013,3833871,152076959744,317.617,0.003,99.999,0.001,82845.734,34.169,12.055,26.24,317.62,8.086092877664923,9.44533825330508e-6
Pakistan,PAK,2013,211073920,918328573952,677.611,81.284,88.025,10.559,3673.496,73.585,10.485,104.88,758.895,1.6405355133149953,0.11995673033643198
Peru,PER,2013,29817865,274939641856,194.076,64.66,75.009,24.991,8806.18,5.856,2.281,43.51,258.736,0.9053946559898272,0.3331684494734022
Philippines,PHL,2013,102076299,674346565632,328.666,60.254,84.507,15.493,3778.863,25.846,7.182,75.23,388.92,1.8975106467942413,0.1833289722697206
Poland,POL,2013,38259214,863601164288,1072.273,57.048,94.948,5.052,29569.82,3.391,0.301,163.78,1129.321,0.02978993312560036,0.053202869045476296
Portugal,PRT,2013,10458238,250405240832,204.735,80.419,71.798,28.202,27696.961,25.195,9.527,50.35,285.154,-0.5217684768667487,0.39279556499865675
Qatar,QAT,2013,2032602,327388954624,483.473,0.249,99.949,0.051,237984.25,35.278,7.867,34.75,483.72200000000004,6.582230159920381,5.150235897351042e-4
Romania,ROU,2013,20062861,357789270016,282.826,53.035,77.365,14.507,18420.928,-23.756,-6.04,58.19,335.861,-0.47393644703629495,0.18751812068197404
Russia,RUS,2013,144604052,3500216680448,7086.33,464.846,88.664,5.816,55548.41,-95.838,-1.179,1059.08,7551.1759999999995,0.21698309384790654,0.06559756601795287
Saudi Arabia,SAU,2013,28026782,1461615722496,2731.104,0.109,99.996,0.004,97450.375,17.01,0.627,294.72,2731.2129999999997,3.5635953486440295,3.9910600255427844e-5
Singapore,SGP,2013,5385542,349985243136,840.842,2.237,99.735,0.265,156554.172,11.857,1.426,47.97,843.079,1.7426564686137074,0.0026604284752664593
Slovakia,SVK,2013,5410370,122917617664,134.549,17.951,69.822,9.315,35965.57,4.694,2.472,28.5,152.5,0.10242682753993923,0.13341607890062357
Slovenia,SVN,2013,2056403,51803648000,52.188,13.898,65.529,17.451,39281.5,-0.88,-1.078,15.8,66.086,0.1523907671358036,0.2663064305970721
South Africa,ZAF,2013,54678742,677278318592,1387.736,5.677,97.079,0.397,26163.158,6.465,0.454,256.14,1393.413,1.6663853484881463,0.0040908357209152165
South Korea,KOR,2013,50071119,1700045127680,2845.724,32.286,88.022,0.999,64755.367,-0.47,-0.014,537.17,2878.01,0.9507668246056219,0.011345443198286271
Spain,ESP,2013,46860345,1413362089984,1111.686,300.382,71.392,19.29,33685.852,-68.98,-4.187,281.46,1412.068,-0.33589491167445373,0.27020399645223564
Sri Lanka,LKA,2013,21358787,220937617408,59.566,18.441,76.36,23.64,3708.738,1.262,1.619,11.97,78.007,0.8946023754564665,0.30958936305946344
Sweden,SWE,2013,9600578,399973744640,192.667,224.344,32.824,38.22,62865.32,-41.701,-6.463,153.03,417.01099999999997,0.8524459972918546,1.1644132103577676
Switzerland,CHE,2013,8091148,481081819136,178.981,105.032,50.996,29.926,44387.516,5.081,1.435,68.69,284.013,1.1536126593849731,0.586833239282382
Taiwan,TWN,2013,23416820,930852306944,1168.894,25.551,89.85,1.964,55716.723,25.323,1.979,252.33,1194.445,0.30372339689606487,0.021859124950594323
Thailand,THA,2013,69845062,962095808512,1261.473,49.835,96.2,3.8,18796.799,19.993,1.546,168.64,1311.308,0.5890513814956749,0.03950540360356504
Trinidad and Tobago,TTO,2013,1412610,44309504000,228.562,0.016,99.993,0.007,161813.219,2.659,1.177,9.5,228.578,0.6299478474704135,7.000288761911429e-5
Turkey,TUR,2013,76402978,1551491661824,1218.907,182.671,86.967,13.033,18483.41,-8.854,-0.623,240.15,1401.578,1.6035608585464136,0.14986459180232783
Turkmenistan,TKM,2013,5939302,87286120448,267.637,0.013,99.995,0.005,45064.398,-47.921,-15.185,18.87,267.65,2.251853876980007,4.857325407174643e-5
Ukraine,UKR,2013,46126715,472286167040,1110.22,39.204,81.5,2.878,29691.438,-73.421,-5.088,194.37,1149.424,-0.1802337117456457,0.03531192015996829
United Arab Emirates,ARE,2013,7831805,606587977728,1131.623,0.222,99.98,0.02,144520.891,57.76,5.377,109.99,1131.845,4.464835809922086,1.9617840924053328e-4
United Kingdom,GBR,2013,64389337,2296252465152,2038.486,158.219,85.748,6.655,37094.234,13.327,0.561,358.28,2196.705,0.6705613342921969,0.0776159365332899
United States,USA,2013,320110710,16122472562688,21720.932,1763.835,84.818,6.888,80374.156,681.262,2.72,4055.61,23484.767,0.9445804067335117,0.08120438846730886
Upper-middle-income countries,NA,2013,2689582674,NA,49949.992,5283.865,89.413,9.458,20889.178,1373.367,2.506,8758.37,55233.856999999996,0.9408086243277571,0.10578310002532132
Uzbekistan,UZB,2013,29724011,239100690432,528.499,16.036,97.055,2.945,18355.098,2.13,0.392,54.61,544.5350000000001,1.5793491487760314,0.030342536125896172
Venezuela,VEN,2013,29912142,538100826112,814.644,208.669,79.608,20.392,34668.512,-17.919,-1.699,135.13,1023.313,1.2125484557174195,0.25614747055155385
Vietnam,VNM,2013,90573054,488172617728,498.152,148.249,77.065,22.935,7244.142,35.087,5.65,124.46,646.401,1.1873047808333643,0.29759792191941414
Algeria,DZA,2014,39204992,531843514368,584.925,0.646,99.89,0.11,14937.212,48.636,9.057,64.27,585.5709999999999,2.0587682648266914,0.0011044150959524726
Argentina,ARG,2014,43024021,827750809600,870.507,102.627,88.183,10.396,23080.312,-16.441,-1.629,138.54,973.1339999999999,1.0370785043438595,0.11789336559039733
Australia,AUS,2014,23595552,1113888129024,1472.994,88.418,94.337,5.663,66387.859,10.872,0.699,247.65,1561.4119999999998,1.5464130488671481,0.06002604219704901
Austria,AUT,2014,8547760,354511814656,251.532,135.54,64.983,35.017,46197.98,-15.963,-3.885,61.55,387.072,0.7828338952515309,0.5388578789179905
Azerbaijan,AZE,2014,9631088,162332393472,153.428,3.592,97.712,2.288,16326.431,3.03,1.965,24.63,157.02,1.3332177374333123,0.023411632817999323
Bangladesh,BGD,2014,157964878,516793794560,316.239,2.185,99.314,0.686,2016.641,11.982,3.908,56.05,318.424,0.9153305125443542,0.006909331233655559
Belarus,BLR,2014,9472660,180627881984,293.965,0.871,99.705,0.295,31127.768,0.657,0.223,34.74,294.83599999999996,0.08722154218886449,0.0029629377646998795
Belgium,BEL,2014,11210070,432717692928,523.214,38.442,80.816,5.938,58059.496,-51.068,-7.276,71.2,561.6560000000001,0.44661277947124195,0.0734728046267875
Brazil,BRA,2014,200085074,3132099919872,2151.135,1317.889,61.318,37.566,17870.574,74.68,2.133,590.55,3469.0240000000003,0.8095789404335496,0.6126482066443992
Bulgaria,BGR,2014,7223406,110703534080,148.925,20.18,71.093,9.634,29286.785,13.442,6.785,46.92,169.10500000000002,-0.566448933699458,0.1355044485479268
Canada,CAN,2014,35634224,1557757558784,2602.08,1064.06,66.089,27.026,112508.57,4.805,0.12,652.97,3666.14,0.9657849013324487,0.40892670479001414
Chile,CHL,2014,17864143,378114277376,326.022,79.071,80.481,19.519,22924.914,-4.225,-1.021,70.17,405.09299999999996,1.0017833479335452,0.24253271251633327
China,CHN,2014,1387951920,17103948087296,30830.852,3344.307,89.328,9.69,25021.809,876.5,2.589,5794.45,34175.159,0.6485775357193291,0.10847274022787304
Colombia,COL,2014,46565374,595158040576,375.773,127.322,74.692,25.308,10964.926,25.546,5.267,70.46,503.095,0.8966938825177996,0.3388268981539387
Croatia,HRV,2014,4219439,79720243200,68.669,25.72,72.751,27.249,22753.914,-0.064,-0.067,13.43,94.389,-0.5401247845240601,0.3745503793560413
Cyprus,CYP,2014,1201763,24475580416,27.295,0.952,96.631,3.369,23544.074,0.016,0.056,4.34,28.247,1.5133712380062625,0.034878182817365815
Czechia,CZE,2014,10517176,283025539072,370.31,29.737,77.599,6.231,45633.629,-10.284,-2.098,84.98,400.047,0.05764373091841714,0.08030298938727012
Denmark,DNK,2014,5643742,249555238912,150.153,50.869,74.695,25.305,36068.891,-8.139,-3.844,32.04,201.022,0.5067774832443945,0.3387811099345335
Ecuador,ECU,2014,16035075,172367773696,155.932,30.702,83.549,16.451,11759.419,9.054,5.044,24.19,186.634,1.4423150831016494,0.196893517687197
Egypt,EGY,2014,97528601,1035721834496,922,37.544,96.087,3.913,9863.481,-11.297,-1.161,171.24,959.544,2.30254839796558,0.04072017353579176
Estonia,EST,2014,1314402,31521830912,69.843,4.161,94.378,5.622,56422.219,-3.302,-4.263,12.45,74.004,-0.26330326465696213,0.059576478673596486
Finland,FIN,2014,5461629,201610625024,186.628,78.717,57.363,24.195,60389.109,-11.978,-3.504,68.1,265.34499999999997,0.4155522669771634,0.4217855841567182
France,FRA,2014,64692449,2437822808064,1375.717,272.726,49.861,9.885,43247.43,-127.271,-4.351,566.31,1648.4430000000002,0.47332809796357944,0.19824280720526094
Germany,DEU,2014,81376036,3574741336064,2963.163,472.924,80.45,12.84,45596.527,-158.052,-4.086,618.75,3436.087,0.4127649374811247,0.15960107493242862
Greece,GRC,2014,10893122,242799804416,273.054,32.873,89.255,10.745,28266.48,-20.393,-6.212,49.62,305.92699999999996,-0.677995247951649,0.12039010598636167
High-income countries,NA,2014,1363588315,NA,64158.969,7067.715,83.433,9.191,56744.473,-237.094,-0.305,12266.55,71226.684,0.5993078801264753,0.11015942291716066
Hong Kong,HKG,2014,7319453,338386386944,316.726,0.478,99.849,0.151,43337.633,-7.82,-2.406,39.74,317.204,0.7595802747005035,0.0015091909094927477
Hungary,HUN,2014,9862785,218378633216,185.849,11.428,78.386,4.82,24158.365,0.227,0.096,29.39,197.277,-0.26805755800161263,0.0614907801494762
Iceland,ISL,2014,327471,12589333504,10.068,49.194,16.988,83.012,179037.938,-0.087,-0.148,17.8,59.262,1.1196714477605028,4.886174016686532
India,IND,2014,1312277131,6875186200576,7011.583,520.369,92.013,6.829,5831.643,489.67,6.836,1262.22,7531.951999999999,1.2692777528588608,0.07421562291995974
Indonesia,IDN,2014,258877350,2559933415424,1771.863,87.533,95.292,4.708,7171.867,32.123,1.761,237.54,1859.396,1.1822988104743668,0.04940167496019726
Iran,IRN,2014,81501999,1352736964608,2736.5,37.562,98.279,1.349,34196.27,112.82,4.219,275.63,2774.062,1.3522092529810343,0.013726292709665631
Iraq,IRQ,2014,36550007,425222864896,469.359,7.36,98.456,1.544,13055.958,-8.252,-1.7,69.03,476.719,3.5941112640222252,0.015680960629283768
Ireland,IRL,2014,4658186,236178358272,145.665,17.889,89.062,10.938,35325.559,-0.444,-0.269,25.78,163.554,0.7256149628435059,0.12280918545978788
Israel,ISR,2014,7897132,245129953280,257.899,2.572,99.013,0.987,33002.121,-6.561,-2.456,60.86,260.471,1.9074321240356733,0.009972896366407004
Italy,ITA,2014,60664127,2010164101120,1468.623,333.739,81.483,18.517,29940.529,-46.747,-2.509,276.53,1802.362,0.016979967035221588,0.22724620273548757
Japan,JPN,2014,127486555,4634693337088,5056.037,357.539,93.396,6.604,42606.805,-144.426,-2.59,1062.72,5413.576,-0.1855882619025874,0.07071526573084809
Kazakhstan,KAZ,2014,17816240,417799110656,746.687,21.062,97.257,2.743,43169.094,37.505,5.126,94.63,767.749,1.4797179430424845,0.02820726756994564
Kuwait,KWT,2014,3665719,218112638976,437.226,0.008,99.998,0.002,119276.656,-11.35,-2.53,65.15,437.234,4.504649616031433,1.829717354411677e-5
Latvia,LVA,2014,1994096,42137026560,32.924,7.702,81.042,18.958,20568.439,-3.567,-8.002,5.14,40.626,-0.9371274143549798,0.23393269347588386
Lithuania,LTU,2014,2933118,66199371776,56.185,4.81,92.115,7.885,20866.729,-2.211,-3.486,3.69,60.995000000000005,-0.8514332188759377,0.08561003826644122
Lower-middle-income countries,NA,2014,2724064009,NA,10668.055,900.371,91.426,7.716,4301.702,619.188,5.579,2189.46,11568.426,1.6120898115266031,0.08439879621917959
Luxembourg,LUX,2014,556243,30289014784,42.344,1.876,95.758,4.242,79595.094,-1.418,-3.104,1.91,44.22,2.3790899235621192,0.044303797468354424
Malaysia,MYS,2014,30696080,652563841024,1055.032,40.296,96.321,3.679,35757.516,8.572,0.787,147.47,1095.328,1.7294862392636419,0.03819410216941287
Mexico,MEX,2014,119784217,1854551097344,2057.915,143.018,92.467,6.426,18621.6,-12.284,-0.548,303.33,2200.933,1.2173881903475963,0.06949655355055967
Morocco,MAR,2014,34204741,263251722240,207.377,9.062,95.813,4.187,6344.883,3.046,1.423,28.08,216.43900000000002,1.2348286081817836,0.04369819218138944
Netherlands,NLD,2014,17030041,746458841088,967.208,37.048,95.323,3.651,59678.699,-46.554,-4.38,102.1,1004.256,0.37147375321749326,0.03830406696387954
New Zealand,NZL,2014,4522923,154423001088,156.514,93.718,62.548,37.452,55423.203,11.102,4.634,42.92,250.23200000000003,1.5516129198842252,0.5987834954061617
North Macedonia,MKD,2014,1997784,24633991168,24.46,3.29,88.143,11.857,13996.884,-2.157,-7.163,5.38,27.75,-0.7668797743717413,0.13450531479967293
Norway,NOR,2014,5137351,422933725184,166.609,352.653,32.086,67.914,105490.031,18.703,3.575,140.88,519.2620000000001,1.1272646028560545,2.1166503610249148
Oman,OMN,2014,4002390,154041794560,315.965,0.003,99.999,0.001,78944.953,-1.651,-0.52,29.13,315.96799999999996,4.39553130504391,9.49472251673445e-6
Pakistan,PAK,2014,214264607,961516797952,684.963,83.786,87.745,10.733,3669.798,10.928,1.409,107.91,768.749,1.5116443566310798,0.1223219356373994
Peru,PER,2014,30115771,281488719872,199.364,65.648,75.228,24.772,8926.521,6.248,2.379,45.73,265.012,0.9990856152846623,0.32928713308320456
Philippines,PHL,2014,103767082,717154025472,348.919,60.627,85.196,14.804,3909.478,19.943,5.17,77.23,409.546,1.65639136270017,0.17375665985515265
Poland,POL,2014,38265064,896737148928,1022.682,64.378,94.078,5.922,28468.645,-41.964,-3.709,158.35,1087.06,0.015290434351317305,0.06295016437172063
Portugal,PRT,2014,10406148,252388900864,201.599,85.419,70.239,29.761,28038.58,2.112,0.729,51.8,287.018,-0.4980762533803495,0.4237074588663634
Qatar,QAT,2014,2218318,344851873792,516.829,0.335,99.935,0.065,233136.781,33.444,6.914,38.8,517.164,9.136860044415975,6.481834417186343e-4
Romania,ROU,2014,19968125,372532510720,279.122,65.569,74.552,17.513,18986.078,9.54,2.581,64.92,344.69100000000003,-0.4721958647871807,0.23491161570925975
Russia,RUS,2014,144925588,3525987794944,7115.961,443.592,88.733,5.531,55599.305,25.236,0.314,1064.2,7559.553,0.22235614808359588,0.062337609776107535
Saudi Arabia,SAU,2014,28998069,1520484220928,2931.593,0.117,99.996,0.004,101100.43,200.497,7.341,328.2,2931.71,3.4655673277081895,3.991004208292216e-5
Singapore,SGP,2014,5457856,363759075328,858.023,2.386,99.723,0.277,157656.016,17.335,2.056,49.3,860.409,1.3427432187883783,0.0027808112369948124
Slovakia,SVK,2014,5415184,126232944640,121.688,18.253,67.839,10.176,33446.676,-13.467,-6.921,27.13,139.941,0.08897727881826936,0.1499983564525672
Slovenia,SVN,2014,2058351,53237653504,47.775,17.463,58.658,21.441,40256.027,2.082,2.578,17.15,65.238,0.0947285138175737,0.36552590266875984
South Africa,ZAF,2014,55594796,686853914624,1399.793,11.72,96.764,0.81,26046.414,17.476,1.222,254.76,1411.513,1.6753384706619623,0.008372666529979792
South Korea,KOR,2014,50539008,1754480640000,2820.216,41.046,86.53,1.259,64690.035,26.996,0.833,540.38,2861.2619999999997,0.9344488586324584,0.014554204358815069
Spain,ESP,2014,46720137,1433089474560,1089.442,298.185,71.046,19.445,33266.574,-24.312,-1.54,274.44,1387.627,-0.29920394312077725,0.2737043367154929
Sri Lanka,LKA,2014,21547410,235029020672,72.584,12.504,85.305,14.695,3986.144,6.677,8.429,12.44,85.08800000000001,0.8831166301719288,0.1722693706602006
Sweden,SWE,2014,9696389,410604240896,187.133,231.919,32.036,39.703,61958.797,-2.767,-0.458,153.56,419.052,0.9979711638195117,1.239327109595849
Switzerland,CHE,2014,8190179,492386648064,161.086,104.666,47.888,31.115,42055.191,-14.706,-4.095,70.08,265.752,1.223942511000911,0.6497523062215214
Taiwan,TWN,2014,23472755,974779252736,1200.067,22.451,90.205,1.688,56827.051,29.179,2.236,259.96,1222.518,0.2388667632923685,0.01870812212984775
Thailand,THA,2014,70216319,971562811392,1298.02,57.466,95.76,4.24,19328.406,44.306,3.375,173.76,1355.4859999999999,0.5315436615977233,0.04427204511486726
Trinidad and Tobago,TTO,2014,1421085,45781909504,228.818,0.016,99.993,0.007,161027.938,0.255,0.112,9.41,228.834,0.5999532779748126,6.992456887133005e-5
Turkey,TUR,2014,78036104,1628131950592,1309.913,137.518,90.499,9.501,18636.951,42.167,2.986,251.95,1447.431,2.137516158074362,0.10498254464227777
Turkmenistan,TKM,2014,6075239,90639646720,283.686,0.016,99.994,0.006,46698.191,16.052,5.997,20.4,283.702,2.2887706333168443,5.6400386342646455e-5
Ukraine,UKR,2014,45972329,441233309696,950.507,26.423,79.088,2.199,26284.742,-161.198,-11.77,182.82,976.93,-0.3346997504591428,0.027798848404062253
United Arab Emirates,ARE,2014,8236833,631858462720,1134.349,0.792,99.93,0.07,137819.094,3.333,0.295,116.54,1135.1409999999998,5.171579220882032,6.981978209528108e-4
United Kingdom,GBR,2014,64865865,2369725399040,1890.725,190.845,84.265,8.506,34774.953,-132.766,-5.559,338.08,2081.5699999999997,0.7400728477760222,0.10093747107591004
United States,USA,2014,323115328,16491318607872,21926.422,1815.237,84.734,7.015,80453.977,267.285,1.039,4096.01,23741.659,0.9386183923680654,0.0827876522672053
Upper-middle-income countries,NA,2014,2713980569,NA,50514.594,5771.882,88.663,10.131,21118.221,1131.27,2.014,9176.34,56286.475999999995,0.9071256755128845,0.1142616725772358
Uzbekistan,UZB,2014,30222939,255536480256,549.413,15.738,97.215,2.785,18733.072,20.581,3.772,55.75,565.1510000000001,1.67853524209771,0.028645117607337282
Venezuela,VEN,2014,30254025,517147164672,794.978,205.011,79.499,20.501,33491.02,-23.771,-2.292,115.23,999.9889999999999,1.1429572646452402,0.25788260807217306
Vietnam,VNM,2014,91679537,519523041280,554.977,158.557,77.779,22.221,7894.684,67.657,10.312,141.25,713.534,1.2216470033129279,0.28570012811341733
Algeria,DZA,2015,40019473,551521746944,616.92,0.562,99.909,0.091,15430.442,31.905,5.448,68.84,617.482,2.0774930906757993,9.109771121052975e-4
Argentina,ARG,2015,43476961,850356666368,883.202,103.185,87.95,10.275,23230.514,16.984,1.71,145.42,986.387,1.0527607356829805,0.11683057782930746
Australia,AUS,2015,23947955,1139303383040,1501.139,95.058,94.045,5.955,66879.445,35.168,2.245,253.99,1596.197,1.4935145403676082,0.06332391603975382
Austria,AUT,2015,8643981,358108266496,260.525,128.618,66.948,33.052,45856.562,1.494,0.378,61.78,389.143,1.1256867296227315,0.4936877458977066
Azerbaijan,AZE,2015,9752813,164036902912,167.101,4.453,97.404,2.596,17618.113,14.585,9.275,24.57,171.554,1.2638758985485337,0.026648553868618384
Bangladesh,BGD,2015,159383130,552104755200,381.858,3.053,99.207,0.793,2416.201,66.543,20.889,59.29,384.911,0.8978274271828957,0.007995118604297932
Belarus,BLR,2015,9487235,173709819904,266.007,0.922,99.654,0.346,28139.031,-27.901,-9.462,34.09,266.92900000000003,0.15386385661472068,0.0034660742010548594
Belgium,BEL,2015,11275281,441551454208,545.301,42.857,83.349,6.551,58306.895,6.576,1.01,68.43,588.158,0.581718044579561,0.07859329067799252
Brazil,BRA,2015,201675482,3021043138560,2089.39,1343.086,60.217,38.708,17530.332,-40.197,-1.124,581.22,3432.4759999999997,0.7948658878972651,0.6428124955130445
Bulgaria,BGR,2015,7177463,114498609152,159.541,23.999,71.709,10.787,31303.598,13.13,6.207,48.71,183.54,-0.6360295960105247,0.1504252825292558
Canada,CAN,2015,35962183,1568025739264,2597.854,1095.191,65.785,27.733,111824.5,12.298,0.307,661.08,3693.045,0.9203483707123803,0.4215752694339251
Chile,CHL,2015,18047575,386251292672,323.492,85.992,79,21,22952.104,4.696,1.147,74.91,409.48400000000004,1.0268166796470448,0.2658241934885561
China,CHN,2015,1396134112,18301224747008,30885.834,3587.629,88.48,10.278,25166.629,406.922,1.172,5814.58,34473.462999999996,0.5895155215463083,0.11615775050788656
Colombia,COL,2015,46969894,612750917632,370.088,126.972,74.455,25.545,10738.832,-6.184,-1.211,77.97,497.06,0.8687141651648711,0.3430859687425693
Croatia,HRV,2015,4183681,81731108864,70.384,19.449,78.349,21.651,21755.934,-4.989,-5.196,11.24,89.833,-0.8474586313488593,0.2763270061377586
Cyprus,CYP,2015,1219450,25312503808,27.969,1.155,96.033,3.967,23932.49,0.89,3.146,4.54,29.124000000000002,1.4717544141398928,0.04129572026171833
Czechia,CZE,2015,10524367,298276061184,370.132,30.153,79.048,6.44,44726.312,-9.221,-1.921,82.49,400.285,0.0683738676618134,0.08146553121589055
Denmark,DNK,2015,5683641,255401312256,143.259,53.053,72.975,27.025,35008.297,-4.589,-2.254,28.78,196.31199999999998,0.7069600275845352,0.37032926378098413
Ecuador,ECU,2015,16266173,172538413056,151.02,34.864,81.244,18.756,11560.564,-0.517,-0.274,25.83,185.88400000000001,1.441203112551703,0.230856840153622
Egypt,EGY,2015,99597285,1079611555840,934.044,39.544,95.938,4.062,9800.549,14.137,1.47,181.83,973.588,2.1211049669419535,0.04233633533323912
Estonia,EST,2015,1314538,32106016768,63.892,4.558,93.342,6.658,52205.723,-5.535,-7.464,10.15,68.45,0.01034691061030035,0.07133913478995804
Finland,FIN,2015,5479664,202706714624,175.874,89.101,54.312,27.515,60020.715,-0.93,-0.282,68.61,264.975,0.3302128357674972,0.506618374518121
France,FRA,2015,64916292,2464953663488,1412.453,266.623,50.689,9.568,43493.348,25.645,0.917,574.14,1679.076,0.34601101590697236,0.18876592707863554
Germany,DEU,2015,82077498,3628073746432,2981.134,537.013,79.486,14.318,46064.512,70.395,1.897,639.17,3518.147,0.8620007000586757,0.18013715586082343
Greece,GRC,2015,10820843,242323734528,269.766,39.583,87.204,12.796,28807.652,3.813,1.238,51.05,309.34900000000005,-0.6635287844935547,0.1467308704581007
High-income countries,NA,2015,1372277456,NA,64275.359,7297.882,83.26,9.453,56602.32,297.984,0.385,12345.93,71573.241,0.6372261264207152,0.11354089830910162
Hong Kong,HKG,2015,7366349,346466189312,325.779,0.668,99.795,0.205,44316.551,9.243,2.914,37.86,326.447,0.640703615420442,0.0020504697970096294
Hungary,HUN,2015,9839162,226474622976,198.327,11.477,79.365,4.593,25514.334,12.771,5.36,30.33,209.804,-0.23951652601166912,0.05786907481079228
Iceland,ISL,2015,330918,13147881472,11,50.688,17.832,82.168,184962.188,2.578,4.396,18.55,61.688,1.052612292386196,4.6080000000000005
India,IND,2015,1328024445,7391521275904,7264.577,499.727,92.41,6.357,5943.03,239.758,3.133,1322.1,7764.304,1.199999118174071,0.06878955237173479
Indonesia,IDN,2015,261799196,2684764028928,1823.601,76.045,95.997,4.003,7243.953,39.827,2.145,243.28,1899.6460000000002,1.1286603482305424,0.041700459694856494
Iran,IRN,2015,82619310,1331012173824,2717.747,33.961,98.449,1.23,33441.367,-24.162,-0.867,280.24,2751.7079999999996,1.3709001174314754,0.012496012321971103
Iraq,IRQ,2015,37560485,436010745856,464.308,6.591,98.6,1.4,12548.279,-5.876,-1.231,70.64,470.899,2.764645161353868,0.014195318624706015
Ireland,IRL,2015,4702444,249955909632,151.093,21.597,87.494,12.506,36983.535,9.36,5.688,28.04,172.69,0.9501123398679229,0.14293845512366557
Israel,ISR,2015,8052858,251223883776,271.334,3.489,98.731,1.269,34152.93,14.407,5.528,64.23,274.823,1.971931075737369,0.012858690764887555
Italy,ITA,2015,60575274,2025809510400,1522.677,304.388,83.34,16.66,30350.098,22.149,1.219,279.7,1827.0649999999998,-0.1464671205109405,0.1999031968040497
Japan,JPN,2015,127275819,4707025158144,4920.431,410.581,92.1,7.685,42138.883,-68.534,-1.262,1030.12,5331.012,-0.1653005683618951,0.08344411292425401
Kazakhstan,KAZ,2015,18084126,421977096192,610.468,23.918,96.23,3.77,35163.98,-133.201,-17.319,91.64,634.386,1.503605699070062,0.03917977682695899
Kuwait,KWT,2015,3834416,219406041088,468.655,0.013,99.997,0.003,122226.82,31.434,7.189,68.3,468.66799999999995,4.602016684857732,2.7738955094899234e-5
Latvia,LVA,2015,1977815,43774189568,33.948,7.79,81.337,18.663,21293.232,1.099,2.679,5.54,41.738,-0.8164601904823038,0.22946859903381642
Lithuania,LTU,2015,2905726,67539656704,58.576,5.307,91.692,8.308,22064.121,2.908,4.751,4.23,63.883,-0.9338867375946007,0.09060024583447146
Lower-middle-income countries,NA,2015,2765982462,NA,11157.491,877.906,91.882,7.23,4407.207,472.147,4.029,2309.15,12035.397,1.5388204117636797,0.07868310178336688
Luxembourg,LUX,2015,569497,30976491520,40.87,2.107,95.097,4.903,75565.75,-1.24,-2.8,1.34,42.977,2.3827715584735447,0.05155370687545878
Malaysia,MYS,2015,31232744,685237665792,1069.424,42.81,96.151,3.849,35686.098,16.959,1.545,150.11,1112.234,1.7483144427562085,0.040030895136073254
Mexico,MEX,2015,121072270,1916008792064,2043.285,129.053,92.807,5.862,18215.742,-25.153,-1.128,310.36,2172.338,1.0753111154869428,0.06315956902732608
Morocco,MAR,2015,34607538,274689998848,208.983,11.165,94.928,5.072,6381.812,3.834,1.766,29.91,220.148,1.177605759388735,0.0534253982381342
Netherlands,NLD,2015,17107382,761083265024,972.886,41.3,94.961,4.031,60001.469,10.137,0.997,108.99,1014.1859999999999,0.45414453200670507,0.042451016871452564
New Zealand,NZL,2015,4613988,160782204928,156.022,96.208,61.857,38.143,54663.621,1.542,0.615,43.57,252.23,2.013410354321752,0.6166309879375985
North Macedonia,MKD,2015,1980318,25583814656,23.999,5.152,82.327,17.673,14884.739,1.514,5.414,5.65,29.151,-0.8742686897081967,0.21467561148381184
Norway,NOR,2015,5189728,430789001216,170.251,356.444,32.324,67.676,105837.883,7.331,1.353,143,526.695,1.0195332185789914,2.093638216515615
Oman,OMN,2015,4184853,161770061824,337.414,0.009,99.997,0.003,80629.938,21.456,6.791,32.75,337.423,4.558851086475831,2.6673463460318778e-5
Pakistan,PAK,2015,217290832,1010825297920,727.018,85.717,88.27,10.407,3816.6,43.005,5.469,112.79,812.735,1.4123774534540836,0.11790217023512485
Peru,PER,2015,30457550,290642722816,208.546,69.108,75.11,24.89,9247.936,12.84,4.776,48.27,277.654,1.1348837790007105,0.3313801271661888
Philippines,PHL,2015,105312935,762679001088,384.337,64.522,85.625,14.375,4220.298,38.777,9.559,82.4,448.859,1.489733516839184,0.16787871061074008
Poland,POL,2015,38266267,936043806720,1030.028,70.274,93.613,6.387,28824.684,13.659,1.254,164.3,1100.3020000000001,0.0031438598926686757,0.06822532979685988
Portugal,PRT,2015,10370222,256911900672,218.28,67.745,76.315,23.685,27918.615,-2.251,-0.772,51.14,286.025,-0.3452382187914298,0.3103582554517134
Qatar,QAT,2015,2427284,361242689536,595.016,0.389,99.935,0.065,245300.703,78.243,15.129,41.63,595.405,9.420020033196323,6.537639323984565e-4
Romania,ROU,2015,19870968,384306446336,278.398,68.48,73.974,18.196,19180.529,2.019,0.533,65.66,346.87800000000004,-0.48656045572631385,0.24597877858317946
Russia,RUS,2015,145307563,3456429719552,6970.462,428.028,88.308,5.423,54577.719,-127.207,-1.579,1067.55,7398.490000000001,0.26356629306896445,0.061405972803524354
Saudi Arabia,SAU,2015,29974899,1591796957184,3056.502,0.116,99.996,0.004,101972.836,124.908,4.261,350.64,3056.618,3.368603612881947,3.795188094102343e-5
Singapore,SGP,2015,5525299,374587424768,908.895,2.662,99.708,0.292,164989.938,51.155,5.945,50.28,911.557,1.235705009439604,0.0029288311631156514
Slovakia,SVK,2015,5420221,132755570688,125.02,18.012,68.929,9.931,33760.602,1.87,1.032,26.62,143.03199999999998,0.09301622991942655,0.14407294832826747
Slovenia,SVN,2015,2059899,54414237696,47.925,11.518,64.99,15.619,36271.441,-8.146,-9.83,14.8,59.443,0.07520583224143987,0.24033385498174234
South Africa,ZAF,2015,56723493,695933206528,1364.474,18.241,96.518,1.29,24952.904,-32.629,-2.253,250.4,1382.715,2.030220598345212,0.013368521496195603
South Korea,KOR,2015,50983856,1803763843072,2844.946,48.042,85.947,1.451,65128.629,51.138,1.564,547.8,2892.988,0.8802072252783434,0.016886788009333045
Spain,ESP,2015,46683633,1488098820096,1145.939,264,73.693,16.977,33697.984,18.926,1.218,277.17,1409.939,-0.07813333252854117,0.2303787548900945
Sri Lanka,LKA,2015,21729921,244914323456,73.958,16.31,81.931,18.069,4201.589,5.409,6.298,13.2,90.268,0.8470205931942633,0.22053057140539223
Sweden,SWE,2015,9799437,429037420544,186.086,274.841,30.83,45.535,63479.344,21.285,3.543,162,460.927,1.0627461418884907,1.4769568908999064
Switzerland,CHE,2015,8283893,500484669440,164.18,105.561,49.96,32.122,40599.461,-8.118,-2.357,66.07,269.741,1.1442240761770897,0.6429589474966501
Taiwan,TWN,2015,23529210,989069508608,1214.069,23.399,91.297,1.76,56650.883,-0.937,-0.07,258.14,1237.4679999999998,0.24051288397974588,0.019273204406009874
Thailand,THA,2015,70540737,1002011623424,1318.1,57.81,95.798,4.202,19526.961,20.277,1.494,177.83,1375.9099999999999,0.462026498426954,0.04385858432592368
Trinidad and Tobago,TTO,2015,1429148,45435797504,221.619,0.016,99.993,0.007,155082.656,-7.198,-3.146,9.57,221.635,0.5673833725639212,7.219597597678899e-5
Turkey,TUR,2015,80014170,1727192891392,1362.281,215.766,86.327,13.673,19859.248,134.666,9.26,261.77,1578.047,2.534808759801745,0.15838582495094625
Turkmenistan,TKM,2015,6215727,93346144256,322.225,0.021,99.993,0.007,51843.977,38.545,13.587,22.53,322.24600000000004,2.3124686946472397,6.51718519667934e-5
Ukraine,UKR,2015,45784854,398045413376,757.371,18.461,75.914,1.85,21915.717,-204.963,-16.962,163.68,775.832,-0.4077996570502226,0.024375108104218408
United Arab Emirates,ARE,2015,8674586,674742730752,1222.269,0.761,99.938,0.062,140995.641,87.886,7.742,127.38,1223.03,5.314579037841365,6.22612534556632e-4
United Kingdom,GBR,2015,65382063,2426435796992,1847.762,239.227,81.576,10.562,34863.801,23.76,1.053,338.87,2086.989,0.7957929798669917,0.12946851380210223
United States,USA,2015,326126448,16937634496512,21655.984,1850.341,84.492,7.219,78949.211,-248.488,-0.956,4083.99,23506.325,0.931902555857703,0.0854424809327528
Upper-middle-income countries,NA,2015,2737644121,NA,50283.027,6088.201,87.982,10.653,21005.193,190.305,0.332,9243.28,56371.228,0.8719130958523823,0.12107864946157676
Uzbekistan,UZB,2015,30749306,273983635456,523.942,15.242,97.173,2.827,17566.406,-26.014,-4.595,57.41,539.184,1.7416142089953595,0.029091006256417695
Venezuela,VEN,2015,30573919,484975443968,767.636,189.59,80.194,19.806,31703.514,-43.938,-4.336,127.52,957.226,1.0573601363785479,0.24697903693938275
Vietnam,VNM,2015,92823207,555822153728,658.775,142.626,82.203,17.797,8731.437,86.699,11.979,161.93,801.401,1.247464851398628,0.21650184053736102
Algeria,DZA,2016,40850673,569170395136,616.096,0.844,99.863,0.137,15103.688,-0.522,-0.085,71.04,616.94,2.076988869893414,0.001369916376668571
Argentina,ARG,2016,43900264,832669286400,883.491,95.882,88.332,9.586,22909.24,-4.27,-0.423,147.18,979.373,0.973626008496776,0.10852628945852306
Australia,AUS,2016,24329914,1169967284224,1491.79,108.587,93.215,6.785,66045.82,5.263,0.329,258.23,1600.377,1.5949545587504235,0.07278973582072544
Austria,AUT,2016,8737874,365232717824,265.025,136.689,65.974,34.026,46882.238,13.268,3.347,64.87,401.71399999999994,1.0862240442222166,0.5157588906706915
Azerbaijan,AZE,2016,9868395,159010799616,164.513,5.342,96.855,3.145,17246.203,-1.634,-0.951,24.85,169.85500000000002,1.1851144895324046,0.03247159798921666
Bangladesh,BGD,2016,160811890,589932658688,383.656,2.861,99.26,0.74,2404.68,1.599,0.415,69.09,386.517,0.8964311342110046,0.007457201242779991
Belarus,BLR,2016,9499018,169304539136,271.647,1.105,99.595,0.405,28718.506,5.836,2.186,33.57,272.752,0.12419846246034803,0.004067779139839571
Belgium,BEL,2016,11332652,447144493056,551.702,44.179,78.229,6.264,62607.523,52.083,7.922,84.31,595.881,0.5088210218441562,0.08007765061573097
Brazil,BRA,2016,203218058,2922076176384,1935.609,1403.47,57.285,41.536,16983.994,-83.984,-2.375,578.89,3339.0789999999997,0.7648802842578555,0.7250792902905494
Bulgaria,BGR,2016,7127389,117979078656,151.685,19.781,71.853,9.37,29901.186,-11.563,-5.146,44.53,171.466,-0.6976559823436219,0.13040841216995747
Canada,CAN,2016,36353292,1583728033792,2535.3,1109.252,65.047,28.46,109289.602,-48.416,-1.204,668.15,3644.552,1.0875563366106,0.43752297558474335
Chile,CHL,2016,18267176,393022275584,346.341,83.049,80.659,19.341,23753.172,19.674,4.749,78.83,429.39,1.2167895132725588,0.239789687042539
China,CHN,2016,1404052581,19545710395392,30593.77,3891.976,87.357,11.113,25125.633,141.723,0.403,6133.16,34485.746,0.567171085638512,0.12721465840921206
Colombia,COL,2016,47437468,625545117696,409.192,131.799,75.637,24.363,11569.522,44.427,8.808,76.17,540.991,0.9954759531711951,0.3220957398971632
Croatia,HRV,2016,4136388,84640153600,72.108,21.289,77.206,22.794,22901.76,3.711,4.077,12.6,93.397,-1.1304160140316626,0.295237699007045
Cyprus,CYP,2016,1237065,26976335872,30.471,1.202,96.206,3.794,25655.029,2.552,8.746,4.89,31.673000000000002,1.444503669687154,0.039447343375668666
Czechia,CZE,2016,10531895,305844158464,371.338,30.033,80.388,6.502,44092.188,-6.342,-1.347,82,401.37100000000004,0.07152924256632251,0.08087779866321249
Denmark,DNK,2016,5728150,263691534336,147.286,51.763,73.995,26.005,35194.867,2.627,1.32,30.4,199.049,0.7831071666912107,0.3514454870116644
Ecuador,ECU,2016,16505094,170423091200,142.992,41.754,77.399,22.601,11354.303,-0.642,-0.342,27.16,184.74599999999998,1.4688212156602538,0.292002349781806
Egypt,EGY,2016,101644536,1121578516480,987.889,39.768,96.13,3.87,10135.919,54.153,5.548,188.19,1027.657,2.0555289233034815,0.040255534781741674
Estonia,EST,2016,1315802,33119084544,66,4.594,93.492,6.508,53779.387,2.137,3.113,12.17,70.594,0.09615545537671791,0.06960606060606062
Finland,FIN,2016,5495422,208405725184,185.297,85.3,56.339,25.935,60793.027,5.19,1.578,68.75,270.597,0.2875723767004692,0.46034204547294344
France,FRA,2016,65086802,2491956330496,1432.812,282.738,52.511,10.362,42506.27,-56.83,-2.013,558.84,1715.55,0.2626613362328212,0.19733084312526697
Germany,DEU,2016,82760053,3708980035584,3060.661,537.348,80.318,14.101,46416.73,60.591,1.603,641.52,3598.009,0.8315982049062948,0.17556599701829112
Greece,GRC,2016,10775454,241143087104,265.051,39.518,87.025,12.975,28489.996,-4.73,-1.518,53.84,304.56899999999996,-0.41945900148445,0.14909583438658977
High-income countries,NA,2016,1380890485,NA,64489.703,7591.578,83.048,9.776,56604.078,489.945,0.631,12480.05,72081.281,0.627644866010245,0.1177176765723359
Hong Kong,HKG,2016,7407953,354003386368,334.359,0.689,99.794,0.206,45228.816,8.602,2.635,38.12,335.048,0.5647845357313372,0.0020606593511764302
Hungary,HUN,2016,9810479,231459340288,202.307,11.612,79.568,4.567,26043.051,4.455,1.775,31.88,213.91899999999998,-0.29151872893240294,0.05739791504989941
Iceland,ISL,2016,335522,13976682496,12.187,49.856,19.643,80.357,183122.641,0.234,0.383,18.17,62.043,1.3912812237472727,4.090916550422582
India,IND,2016,1343944244,8057466126336,7609.864,524.185,92.473,6.37,6148.214,370.367,4.693,1401.74,8134.048999999999,1.1987579791876497,0.0688823085405994
Indonesia,IDN,2016,264627382,2819890085888,1777.406,109.633,94.19,5.81,7120.308,-12.233,-0.645,257.55,1887.039,1.0802882679593866,0.061681461635664556
Iran,IRN,2016,83812175,1413723717632,2862.04,39.221,98.098,1.344,34845.262,157.555,5.703,286.14,2901.261,1.4438089594309127,0.013703861581249737
Iraq,IRQ,2016,38469579,502279995392,495.505,8.614,98.291,1.709,13119.031,33.364,7.079,81.93,504.11899999999997,2.420346808620815,0.01738428471962947
Ireland,IRL,2016,4753463,255118278656,159.873,20.85,88.463,11.537,38268.816,7.996,4.598,30.2,180.72299999999998,1.084946466135482,0.13041601771406056
Israel,ISR,2016,8209957,262584205312,275.391,4.893,98.254,1.746,34174.402,5.542,2.015,67.01,280.284,1.950847761130272,0.017767465167707004
Italy,ITA,2016,60478047,2052012376064,1523.979,299.222,83.588,16.412,30333.949,-3.927,-0.214,285.95,1823.201,-0.16050608371990194,0.19634260052139824
Japan,JPN,2016,127159900,4742508969984,4828.764,400.425,91.565,7.593,41646.93,-67.441,-1.257,1063.7,5229.189,-0.09107700183017482,0.0829249472535829
Kazakhstan,KAZ,2016,18363551,425774874624,679.239,30.117,95.754,4.246,38735.785,75.417,11.86,94.64,709.356,1.5451396434641078,0.044339326805439616
Kuwait,KWT,2016,4003921,225825865728,465.824,0.123,99.974,0.026,116374.617,-2.714,-0.579,70.1,465.947,4.420621028078331,2.640482242220238e-4
Latvia,LVA,2016,1959817,44811001856,35.085,9.402,78.866,21.134,22950.73,2.865,6.803,6.42,44.487,-0.9099941096614192,0.26797776827704145
Lithuania,LTU,2016,2869051,69240913920,59.23,6.195,90.532,9.468,22908.758,1.614,2.518,3.63,65.425,-1.262163053226629,0.10459226743204458
Lower-middle-income countries,NA,2016,2807488394,NA,11698.538,928.816,91.855,7.293,4554.704,597.021,4.898,2463.62,12627.354000000001,1.5005855087739166,0.07939590400099568
Luxembourg,LUX,2016,583469,32518553600,40.152,2.246,94.703,5.297,72770.328,-0.575,-1.337,0.79,42.398,2.4533930819653134,0.05593743773660091
Malaysia,MYS,2016,31789641,715730780160,1110.921,57.986,95.039,4.961,36876.895,57.729,5.179,156.65,1168.9070000000002,1.7830549887003204,0.05219633079219854
Mexico,MEX,2016,122251299,1961906667520,2115.396,130.223,93.1,5.731,18618.855,70.758,3.208,320.35,2245.619,0.9738224946141673,0.061559632333615076
Morocco,MAR,2016,35023413,276121124864,210.856,11.702,94.742,5.258,6376.427,2.465,1.116,30.87,222.558,1.2016890655440442,0.05549759077284972
Netherlands,NLD,2016,17204642,777764077568,988.796,43.12,94.906,4.139,60683.789,17.575,1.712,113.96,1031.916,0.5685264992621314,0.04360859064963855
New Zealand,NZL,2016,4714729,167418118144,156.323,99.178,61.183,38.817,54230.992,3.467,1.375,43.15,255.501,2.1833823581682483,0.6344427883292925
North Macedonia,MKD,2016,1961210,26312536064,25.039,5.216,82.759,17.241,15598.601,1.116,3.785,5.63,30.255000000000003,-0.9648955369794144,0.20831502855545347
Norway,NOR,2016,5235933,435806535680,165.224,368.554,30.954,69.046,106501.336,8.364,1.523,148.03,533.778,0.8903164096461318,2.230632353653222
Oman,OMN,2016,4390837,169932980224,338.633,0.011,99.997,0.003,77125.234,1.22,0.362,34.23,338.644,4.922132270834842,3.2483544131847755e-5
Pakistan,PAK,2016,220138810,1061146787840,788.926,91.974,88.228,10.286,4090.316,71.125,8.576,122.9,880.9000000000001,1.3106756386297973,0.11658127631742395
Peru,PER,2016,30866446,302131838976,225.294,69.438,76.44,23.56,9684.881,17.268,6.131,51.63,294.732,1.3425111343492828,0.3082106048097153
Philippines,PHL,2016,106735664,817202921472,422.264,67.591,86.202,13.798,4547.89,40.97,9.218,90.79,489.855,1.35095370763335,0.16006810905026236
Poland,POL,2016,38263203,963689906176,1079.833,67.435,94.122,5.878,30061.391,47.232,4.282,166,1147.268,-0.008007052268777615,0.06244947135344076
Portugal,PRT,2016,10346328,262100090880,218.771,86.212,71.732,28.268,29949.438,20.344,7.027,59.05,304.983,-0.2304097250762809,0.3940741688797876
Qatar,QAT,2016,2599332,372311195648,586.101,0.405,99.931,0.069,225640.734,-8.899,-1.495,42.44,586.506,7.0880869317311035,6.910071813561145e-4
Romania,ROU,2016,19777001,395288248320,276.755,70.954,73.592,18.867,19269.105,-0.051,-0.013,64.22,347.709,-0.47288587048200165,0.25637838521435924
Russia,RUS,2016,145778617,3463124090880,7083.562,467.186,88.052,5.807,55468.105,155.508,1.961,1090.97,7550.748,0.3241772074864403,0.0659535414527324
Saudi Arabia,SAU,2016,30717760,1629412655104,3179.721,0.115,99.996,0.004,103518.094,123.219,4.031,357.66,3179.836,2.4782769076219404,3.616669512828327e-5
Singapore,SGP,2016,5577892,388078796800,958.097,2.727,99.716,0.284,172267.969,49.273,5.405,51.59,960.824,0.9518579899476933,0.00284626713161611
Slovakia,SVK,2016,5427217,135336427520,126.515,19.355,69.137,10.577,34040.23,1.754,0.958,26.8,145.87,0.1290722278667235,0.15298581195905625
Slovenia,SVN,2016,2061329,56151179264,51.279,13.094,65.131,16.631,38741.094,5.143,6.883,16.23,64.373,0.06942087937321198,0.2553481932174964
South Africa,ZAF,2016,57259496,700558016512,1418.199,21.906,95.963,1.482,25848.301,64.645,4.567,253.07,1440.105,0.9449400445067795,0.015446351323051277
South Korea,KOR,2016,51297794,1856920748032,2964.03,56.572,86.475,1.65,67038.789,118.433,3.567,560.99,3020.6020000000003,0.6157596239876403,0.01908617659065529
Spain,ESP,2016,46732712,1533303980032,1132.507,283.168,72.459,18.117,33871.637,9.769,0.621,270.7,1415.6750000000002,0.10513106381416373,0.25003642361592465
Sri Lanka,LKA,2016,21910711,257292304384,88.169,11.932,88.08,11.92,4603.764,9.572,10.484,14.29,100.101,0.831986457751043,0.135331012033708
Sweden,SWE,2016,9923227,437921054720,191.463,242.278,32.326,40.906,61411.531,-12.661,-2.035,155.89,433.741,1.263235836915937,1.2654037594731098
Switzerland,CHE,2016,8374857,510838112256,158.53,96.95,51.305,31.376,37761.262,-20.076,-5.969,61.1,255.48000000000002,1.0980827492581087,0.6115561723333123
Taiwan,TWN,2016,23586094,1010482872320,1227.9,28.894,91.885,2.162,56802.895,6.808,0.511,264.11,1256.794,0.24175907308405167,0.02353123218503135
Thailand,THA,2016,70859797,1036430737408,1338.951,64.814,95.383,4.617,19835.953,28.125,2.042,179.82,1403.765,0.4523060199952263,0.04840655109858388
Trinidad and Tobago,TTO,2016,1436989,42362515456,195.756,0.016,99.992,0.008,136238.047,-25.863,-11.669,9.42,195.772,0.5486485654389888,8.173440405402644e-5
Turkey,TUR,2016,81652039,1784590368768,1426.137,231.891,86.014,13.986,20443.322,80.218,5.048,274.4,1658.028,2.046973679786968,0.16260078800283564
Turkmenistan,TKM,2016,6359994,92434153472,348.638,0.025,99.993,0.007,54821.574,26.417,8.198,22.53,348.66299999999995,2.3209996191917694,7.170761649619377e-5
Ukraine,UKR,2016,45616779,407666196480,816.763,23.772,78.239,2.277,23017.744,46.587,4.643,164.58,840.5350000000001,-0.3670973811557857,0.029105138210227442
United Arab Emirates,ARE,2016,9030811,712265105408,1268.676,0.794,99.937,0.063,140576.766,46.443,3.797,129.61,1269.47,4.106536035264392,6.258493106198904e-4
United Kingdom,GBR,2016,65893305,2478973124608,1814.012,237.927,81.267,10.659,34099.395,-32.545,-1.428,339.18,2051.939,0.7819300532012886,0.13116065384352474
United States,USA,2016,329179362,17220065296384,21417.207,2045.8,83.681,7.993,78155.117,-20.375,-0.079,4087.56,23463.006999999998,0.9361135899042448,0.09552132544640392
Upper-middle-income countries,NA,2016,2759888198,NA,50378.066,6523.511,87.187,11.29,21078.184,668.684,1.163,9633.09,56901.577,0.8125262458100193,0.12949109638309658
Uzbekistan,UZB,2016,31284509,290236366848,502.356,17.247,96.681,3.319,16645.043,-19.423,-3.596,58.71,519.603,1.7405368433355863,0.03433222654850345
Venezuela,VEN,2016,30765670,402335662080,721.23,158.482,81.985,18.015,28931.092,-79.216,-8.173,116.94,879.712,0.6271718061397363,0.2197385022808258
Vietnam,VNM,2016,94000065,593006624768,704.559,161.555,81.347,18.653,9326.307,66.194,8.167,179.17,866.114,1.2678488904181042,0.22929946250065647
Algeria,DZA,2017,41689261,577138786304,622.254,1.447,99.768,0.232,14962.958,6.799,1.102,76.07,623.701,2.052813181315275,0.0023254169519199555
Argentina,ARG,2017,44288844,856142118912,872.594,103.551,88.019,10.445,22511.043,-8.734,-0.868,145.61,976.1450000000001,0.8851427408272534,0.11867030944517151
Australia,AUS,2017,24730998,1197832929280,1494.319,101.723,93.627,6.373,64778.141,-4.861,-0.303,258.97,1596.042,1.6485220621823817,0.06807314903979672
Austria,AUT,2017,8798734,373481668608,273.692,136.104,66.787,33.213,47457.812,7.918,1.933,67.09,409.79600000000005,0.6965080979652488,0.49728892331525953
Azerbaijan,AZE,2017,9968463,159255674880,161.877,4.78,97.132,2.868,16748.215,-3.238,-1.903,24.22,166.657,1.0140250770262034,0.02952859269692421
Bangladesh,BGD,2017,162186094,630957801472,399.297,3.451,99.143,0.857,2484.586,16.264,4.206,73.45,402.74800000000005,0.8545412904481129,0.008642689526843427
Belarus,BLR,2017,9495737,173606584320,275.721,2.017,99.274,0.726,29259.439,5.042,1.848,34.51,277.738,-0.034540412493165085,0.007315365895234675
Belgium,BEL,2017,11376542,454386384896,557.659,48.534,78.349,6.819,62940.258,6.533,0.921,85.34,606.193,0.3872879887249692,0.08703168065072024
Brazil,BRA,2017,204703394,2960731668480,1960.447,1406.64,57.551,41.294,16988.623,26.175,0.758,589.32,3367.087,0.7309074865777923,0.7175098332166083
Bulgaria,BGR,2017,7075586,121237946368,160.054,17.469,73.967,8.073,30834.828,5.057,2.373,44.84,177.523,-0.7268159490102195,0.10914441376035589
Canada,CAN,2017,36808448,1631871434752,2567.721,1132.01,64.986,28.65,109394.312,53.598,1.349,669.61,3699.7309999999998,1.2520351664437983,0.44086176029249285
Chile,CHL,2017,18558817,398359527424,349.837,95.397,78.574,21.426,24265.926,16.444,3.79,78.93,445.234,1.5965303011259102,0.2726898527028302
China,CHN,2017,1412354694,20894363680768,31511.137,4243.345,86.629,11.666,25949.135,1371.672,3.888,6604.44,35754.481999999996,0.5912964451863358,0.1346617546678814
Colombia,COL,2017,48131023,634046316544,388.71,157.133,71.213,28.787,11535.705,6.396,1.165,78.47,545.843,1.4620405119430069,0.4042422371433717
Croatia,HRV,2017,4079152,87528488960,75.561,18.124,80.654,19.346,23236.057,0.053,0.056,11.77,93.685,-1.3837193222686073,0.23985918661743488
Cyprus,CYP,2017,1254213,28523085824,31.31,1.22,96.249,3.751,25988.953,0.859,2.706,5,32.53,1.3861842344581732,0.03896518684126477
Czechia,CZE,2017,10541301,321652391936,386.322,30.803,79.169,6.312,46539.027,26.208,5.644,85.76,417.125,0.08930966364552627,0.07973400427622554
Denmark,DNK,2017,5765108,271132213248,139.036,61.02,69.499,30.501,35209.105,1.383,0.686,30.9,200.056,0.6451995845080872,0.43887913921574273
Ecuador,ECU,2017,16759466,174458716160,139.654,52.167,72.804,27.196,11641.762,7.706,4.112,27.83,191.821,1.5411726828093193,0.373544617411603
Egypt,EGY,2017,103696006,1158060441600,1029.495,38.75,96.373,3.627,10325.811,40.485,3.93,193.21,1068.245,2.0182786805185473,0.03763981369506409
Estonia,EST,2017,1317381,35037376512,72.885,5.402,93.1,6.9,59576.145,7.721,10.912,13.16,78.287,0.12000285757279591,0.07411675927831515
Finland,FIN,2017,5508354,215058874368,175.713,90.141,54.561,27.99,59403.574,-6.867,-2.056,67.52,265.854,0.2353231471577615,0.5130013146437657
France,FRA,2017,65284727,2549057585152,1458.23,266.731,53.594,9.803,42218.59,-10.368,-0.375,556.46,1724.961,0.3040939083164664,0.18291421792172702
Germany,DEU,2017,83103956,3808389496832,3122.243,602.521,79.739,15.388,47525.484,108.105,2.814,644.46,3724.764,0.41554226650869835,0.1929769720037806
Greece,GRC,2017,10753489,243776815104,283.363,36.637,88.551,11.449,29962.119,15.205,4.953,54.8,320,-0.20384291928674186,0.1292935210313273
High-income countries,NA,2017,1388089994,NA,64873.863,7912.961,82.863,10.107,56773.203,642.281,0.822,12558.1,72786.824,0.5213671234761242,0.12197456161967726
Hong Kong,HKG,2017,7444832,367441674240,358.584,0.751,99.791,0.209,48267.137,24.288,7.249,36.94,359.335,0.4978298323436987,0.002094348883385762
Hungary,HUN,2017,9785561,241347215360,215.885,11.941,80.533,4.454,27519.471,13.799,5.401,32.92,227.826,-0.25399371427225925,0.05531185584917896
Iceland,ISL,2017,343480,14562998272,13.438,51.491,20.697,79.303,187043.203,2.804,4.564,19.07,64.929,2.371826586632173,3.831745795505283
India,IND,2017,1359657354,8550029459456,7861.352,579.737,92.111,6.793,6304.288,308.814,3.737,1471.33,8441.089,1.1691787118513823,0.07374520311518934
Indonesia,IDN,2017,267346608,2962852151296,1916.056,111.897,94.482,5.518,7569.617,139.483,7.403,265.83,2027.953,1.0275678878915107,0.05839965011461043
Iran,IRN,2017,85026715,1486668300288,2958.927,44.166,97.962,1.462,35561.852,103.25,3.535,305.17,3003.0930000000003,1.4491212046459838,0.014926356750267916
Iraq,IRQ,2017,39337310,485207572480,592.518,5.583,99.066,0.934,15213.581,93.778,18.581,93.58,598.101,2.255629051724221,0.009422498557005863
Ireland,IRL,2017,4810214,266528538624,156.516,24.831,86.308,13.692,37987.914,0.821,0.451,30.66,181.34699999999998,1.1938874879219634,0.15864831710496052
Israel,ISR,2017,8361744,273812324352,280.408,4.995,98.25,1.75,34165.781,5.115,1.823,67.44,285.403,1.8488160169413799,0.01781332914895438
Italy,ITA,2017,60390266,2086237110272,1549.253,287.981,84.325,15.675,30594.762,13.088,0.713,292.09,1837.234,-0.14514522930940543,0.185883777536658
Japan,JPN,2017,127064637,4821960097792,4829.473,427.926,90.608,8.029,42137.578,58.377,1.102,1076.86,5257.399,-0.07491591295683624,0.08860718343388606
Kazakhstan,KAZ,2017,18651876,442384351232,733.935,29.113,96.185,3.815,41010.668,53.599,7.535,103.12,763.048,1.5700939322683287,0.039667000483694065
Kuwait,KWT,2017,4154633,215180427264,466.849,0.133,99.972,0.028,112402.477,1.036,0.222,68.89,466.98199999999997,3.764110230946115,2.8488868991901023e-4
Latvia,LVA,2017,1942550,46295494656,34.146,14.362,70.393,29.607,25379.521,4.322,9.608,7.53,48.508,-0.8810516492101048,0.42060563462777484
Lithuania,LTU,2017,2829273,72206131200,61.296,7.492,89.108,10.892,24440.992,3.424,5.209,3.56,68.788,-1.386451478206557,0.12222657269642391
Lower-middle-income countries,NA,2017,2848764763,NA,12148.951,1037.047,91.347,7.797,4689.118,570.914,4.465,2591.46,13185.998,1.4702240297132998,0.08536103240518463
Luxembourg,LUX,2017,596451,32946911232,41.385,2.889,93.474,6.526,74364.695,1.896,4.465,0.9,44.274,2.2249682502412296,0.06980790141355564
Malaysia,MYS,2017,32355608,757336178688,1109.321,74.735,93.688,6.312,36732.152,16.188,1.381,160.64,1184.0559999999998,1.780350397791532,0.06737003987123655
Mexico,MEX,2017,123400004,2007719477248,2164.178,134.188,93.06,5.77,18879.305,53.527,2.352,329.09,2298.366,0.9396260075731383,0.062004141988320736
Morocco,MAR,2017,35446348,290087305216,221.466,11.587,95.028,4.972,6595.904,10.476,4.691,31.94,233.053,1.207577913665924,0.05231954340621133
Netherlands,NLD,2017,17315333,800404013056,990.712,50.322,94.395,4.795,60761.293,8.059,0.772,116.04,1041.034,0.643378688147071,0.05079377255953295
New Zealand,NZL,2017,4812704,174187921408,163.609,96.44,62.915,37.085,53989.328,4.15,1.623,43.66,260.049,2.07806217494155,0.5894541253843003
North Macedonia,MKD,2017,1940825,26597105664,25.955,3.274,88.799,11.201,15165.261,-1.159,-3.789,5.6,29.229,-1.0394093442313674,0.1261413985744558
Norway,NOR,2017,5276759,446543691776,166.948,369.764,31.106,68.894,106155.695,2.524,0.453,148.27,536.712,0.7797273188942638,2.2148453410642834
Oman,OMN,2017,4537351,170449567744,351.874,0.039,99.989,0.011,77559.75,13.271,3.919,36.15,351.913,3.3368125484958786,1.1083512848349124e-4
Pakistan,PAK,2017,223273927,1117267165184,841.005,84.925,88.88,8.975,4263.788,51.555,5.726,130.36,925.93,1.424154604996729,0.10098037467078079
Peru,PER,2017,31324599,309742534656,216.149,82.497,72.376,27.624,9691.754,4.652,1.556,52.71,298.646,1.4843075875985203,0.38166727581436877
Philippines,PHL,2017,108119646,873843261440,465.8,70.595,86.839,13.161,4925.255,47.095,9.702,94.36,536.395,1.296644390575956,0.15155646200085873
Poland,POL,2017,38254908,1013223718912,1133.63,71.379,94.076,5.924,31585.201,58.044,5.046,169.91,1205.009,-0.021678791501066965,0.06296498857651968
Portugal,PRT,2017,10330784,271290335232,237.15,61.549,79.394,20.606,29221.199,-7.989,-2.578,57.59,298.699,-0.15023687631012664,0.2595361585494413
Qatar,QAT,2017,2706660,366733983744,563.637,0.424,99.925,0.075,208401.062,-22.444,-3.827,45.7,564.0609999999999,4.129060851018647,7.522572151934668e-4
Romania,ROU,2017,19689357,456012365824,290.456,64.221,75.748,16.748,19702.822,6.851,1.798,63.54,354.677,-0.44316122550633436,0.22110405706888478
Russia,RUS,2017,146186752,3526353747968,7120.232,467.004,87.957,5.769,55653.078,49.679,0.614,1091.17,7587.236,0.27996904374528403,0.06558831229094783
Saudi Arabia,SAU,2017,30782349,1628276523008,3181.633,0.175,99.995,0.005,103365.062,1.975,0.062,394.99,3181.808,0.21026598293625576,5.500320118630904e-5
Singapore,SGP,2017,5604041,405715943424,983.295,2.728,99.723,0.277,175961.438,25.203,2.623,52.28,986.0229999999999,0.46879717283877137,0.0027743454405849723
Slovakia,SVK,2017,5435643,139312660480,136.099,19.088,70.558,9.896,35799.758,9.851,5.332,27.42,155.18699999999998,0.15525452547779092,0.1402508468100427
Slovenia,SVN,2017,2062366,58855038976,52.384,11.595,65.733,14.55,39139.961,0.863,1.08,16.05,63.979,0.05030735025801315,0.22134621258399512
South Africa,ZAF,2017,57635106,708670128128,1405.124,31.805,95.43,2.16,25594.5,-4.919,-0.332,255.44,1436.929,0.6559785297446558,0.022635012995294364
South Korea,KOR,2017,51486222,1915599585280,3029.387,68.386,87.331,1.971,67581.516,40.575,1.18,576.41,3097.773,0.36732183844007016,0.02257420395611389
Spain,ESP,2017,46868543,1578931453952,1197.184,242.857,75.517,15.319,34181.617,19.129,1.208,272.38,1440.041,0.29065507689774134,0.20285687079012082
Sri Lanka,LKA,2017,22087475,273915969536,94.215,11.766,88.898,11.102,4832.217,5.86,5.809,14.88,105.98100000000001,0.8067469832448614,0.12488457252029932
Sweden,SWE,2017,10057811,449166540800,193.963,255.426,31.609,41.625,62771.395,21.942,3.601,164.23,449.389,1.3562523562143647,1.3168800235096385
Switzerland,CHE,2017,8453574,517799804928,161.663,97,52.153,31.293,37498.328,0.75,0.237,60.15,258.663,0.9399205264042121,0.6000136085560703
Taiwan,TWN,2017,23632907,1043939917824,1253.944,27.952,93.717,2.089,56733.09,1.009,0.075,270.26,1281.896,0.19847711961124212,0.022291266595637446
Thailand,THA,2017,71160146,1079732797440,1354.329,76.063,94.682,5.318,20133.217,27.111,1.929,176.73,1430.392,0.4238637601516132,0.05616286736826872
Trinidad and Tobago,TTO,2017,1445217,40368513024,207.05,0.016,99.992,0.008,143277.422,11.294,5.769,9.32,207.066,0.5725861506246742,7.727602028495533e-5
Turkey,TUR,2017,83083616,1918472159232,1553.371,224.584,87.368,12.632,21512.562,118.103,7.075,297.29,1777.9550000000002,1.7532654634625844,0.14457846837619603
Turkmenistan,TKM,2017,6507023,96785031168,323.548,0.025,99.992,0.008,49727,-25.09,-7.196,23.89,323.573,2.311778910483249,7.726828785837033e-5
Ukraine,UKR,2017,45435996,417287110656,727.248,27.809,75.052,2.87,21466.039,-74.664,-7.111,156.04,755.057,-0.3963081216234053,0.03823867511495391
United Arab Emirates,ARE,2017,9234286,717500186624,1209.905,1.863,99.846,0.154,131237.906,-57.634,-4.54,134.57,1211.768,2.2531199025203827,0.001539790314115571
United Kingdom,GBR,2017,66354423,2539548573696,1780.515,277.959,79.69,12.44,33924.535,4.121,0.183,338.22,2058.474,0.6997949184670582,0.1561115744601983
United States,USA,2017,332204602,17606123716608,21313.416,2248.143,82.997,8.755,77729.68,95.105,0.37,4052.31,23561.559,0.9190248081226916,0.10548018205997574
Upper-middle-income countries,NA,2017,2781776127,NA,51699.324,6992.212,86.656,11.72,21594.834,1898.566,3.264,10175.38,58691.536,0.7930730315764769,0.13524764849923376
Uzbekistan,UZB,2017,31819131,302992228352,516.624,19.84,96.302,3.698,16900.018,17.012,3.267,60.84,536.464,1.7089032786162635,0.03840317135866703
Venezuela,VEN,2017,30565285,339285606400,686.27,175.391,79.645,20.355,28560.977,-17.11,-1.922,103.8,861.661,-0.6513266247736519,0.25557142232648955
Vietnam,VNM,2017,95176934,634161332224,719.698,216.395,76.883,23.117,9981.679,73.352,8.367,194.72,936.093,1.25198743213635,0.300674727455127
Algeria,DZA,2018,42504975,584064434176,667.688,1.816,99.729,0.271,15753.915,45.825,7.346,76.75,669.504,1.9566525777465809,0.002719833215513833
Argentina,ARG,2018,44654822,833736998912,857.065,106.101,87.432,10.824,22081.709,-10.933,-1.097,146.78,963.166,0.8263435369864248,0.12379574478015086
Australia,AUS,2018,25119651,1231576891392,1491.4,127.007,92.152,7.848,64726.543,23.88,1.491,262.63,1618.4070000000002,1.5715216992051837,0.0851595816011801
Austria,AUT,2018,8841608,382540021760,268.067,132.866,66.861,33.139,46190.934,-9.167,-2.195,64.67,400.933,0.48727464655710695,0.49564474553003546
Azerbaijan,AZE,2018,10039730,161644511232,170.907,4.955,97.183,2.817,17546.955,9.213,5.518,25.13,175.86200000000002,0.714924657893599,0.028992375970557087
Bangladesh,BGD,2018,163523054,678912393216,427.053,3.046,99.292,0.708,2631.36,27.323,6.78,79.15,430.099,0.8243370112853202,0.007132604149836202
Belarus,BLR,2018,9479978,179054346240,305.255,1.83,99.404,0.596,32402.883,29.339,10.56,38.99,307.085,-0.16595868230133162,0.005994987797087681
Belgium,BEL,2018,11428564,462533263360,587.782,51.595,82.726,7.262,62493,-1.837,-0.257,73.87,639.3770000000001,0.4572742754344861,0.08777914260729318
Brazil,BRA,2018,206107217,3013541101568,1867.518,1505.676,54.731,44.126,16915.361,8.749,0.252,601.39,3373.194,0.6857839396644299,0.8062444378046155
Bulgaria,BGR,2018,7024687,124492857344,150.328,26.206,69.389,12.096,31149.314,0.64,0.293,46.51,176.534,-0.7193609122975821,0.1743254749614177
Canada,CAN,2018,37294942,1677189185536,2651.679,1109.259,66.13,27.664,109464.961,55.854,1.387,661.51,3760.938,1.3216911509010105,0.4183232585844667
Chile,CHL,2018,18893141,414254039040,354.328,108.401,76.574,23.426,24785.592,17.931,3.982,81.76,462.729,1.80142947688961,0.30593404980695854
China,CHN,2018,1419008910,22294286041088,32720.148,4659.087,85.85,12.224,27068.061,1760.438,4.803,7166.14,37379.235,0.47114340528399873,0.1423919904029774
Colombia,COL,2018,49024413,650303242240,405.278,156.891,72.092,27.908,11652.979,16.055,2.892,78.21,562.169,1.8561625004313747,0.38711945874190057
Croatia,HRV,2018,4024820,89979863040,71.602,25.074,74.064,25.936,24388.777,3.377,3.563,13.52,96.676,-1.331943501982765,0.3501857490014245
Cyprus,CYP,2018,1270700,30134013952,31.103,1.29,96.016,3.984,25546.662,-0.134,-0.41,5.06,32.393,1.314529509740371,0.04147509886506125
Czechia,CZE,2018,10548878,332009897984,381.955,30.056,78.52,6.179,46357.941,-1.558,-0.318,86.84,412.01099999999997,0.07187917316847323,0.07868989802463641
Denmark,DNK,2018,5793761,276526465024,139.383,57.987,70.62,29.38,34540.141,-2.867,-1.412,30.21,197.37,0.4970071679489786,0.41602634467618
Ecuador,ECU,2018,17049489,176707502080,149.787,53.275,73.764,26.236,12104.775,11.271,5.777,29.23,203.062,1.7305026305730744,0.35567172050979057
Egypt,EGY,2018,105682048,1220661739520,1027.787,40.955,96.168,3.832,10137.441,0.6,0.056,199.39,1068.742,1.9152540937786937,0.03984775055531934
Estonia,EST,2018,1321918,36363239424,71.624,6.058,92.202,7.798,58913.637,-0.605,-0.771,12.37,77.68199999999999,0.34439543305998793,0.08458058751256563
Finland,FIN,2018,5515685,217509953536,180.042,92.022,54.764,27.99,60525.75,6.625,2.025,70.23,272.064,0.13308875936441267,0.5111140733828774
France,FRA,2018,65519483,2596599234560,1408.24,316.88,51.165,11.513,42589.297,34.2,1.241,575.9,1725.12,0.3595879324118182,0.2250184627620292
Germany,DEU,2018,83368456,3845758648320,3002.167,619.775,78.776,16.263,46125.523,-104.142,-2.637,632.28,3621.942,0.31827606377727674,0.2064425463340314
Greece,GRC,2018,10730788,247844012032,279.214,42.326,86.836,13.164,30199.631,1.868,0.58,52.61,321.54,-0.21110357763884818,0.15158981999469942
High-income countries,NA,2018,1394155475,NA,65751.977,8247.45,82.695,10.373,57407.223,1228.281,1.559,12730.21,73999.427,0.4369659767175009,0.12543273033448105
Hong Kong,HKG,2018,7471131,377902301184,362.695,0.873,99.76,0.24,48663.762,4.233,1.178,36.57,363.568,0.3532517590726023,0.0024069810722507894
Hungary,HUN,2018,9774342,254289117184,217.812,13.069,80.666,4.84,27746.377,1.909,0.709,32.05,230.881,-0.11464851120952596,0.060001285512276646
Iceland,ISL,2018,352819,15275006976,14.441,53.355,21.3,78.7,188364.469,2.213,3.445,19.69,67.79599999999999,2.7189356003260743,3.694688733467211
India,IND,2018,1374659017,9173200797696,8266.076,659.31,91.616,7.307,6593.17,491.689,5.736,1579.18,8925.385999999999,1.1033414378899467,0.07976094098336381
Indonesia,IDN,2018,269951801,3116158943232,1964.019,171.458,91.971,8.029,7896.083,107.85,5.329,283.79,2135.477,0.9744627094726408,0.08729956278427041
Iran,IRN,2018,86117959,1483607244800,3075.781,26.966,98.587,0.864,36251.902,98.232,3.249,312.35,3102.747,1.2834131013999541,0.008767204167006689
Iraq,IRQ,2018,40265573,508026814464,616.884,5.458,99.123,0.877,15464.563,24.228,4.048,98.41,622.342,2.3597521030289057,0.00884769259698744
Ireland,IRL,2018,4872503,282500464640,157.237,28.057,84.858,15.142,38348.426,4.123,2.256,30.9,185.29399999999998,1.2949319926306813,0.17843764508353632
Israel,ISR,2018,8510026,284956491776,286.386,5.518,98.11,1.89,34337.328,6.526,2.284,69.02,291.904,1.7733381935634478,0.019267701633459734
Italy,ITA,2018,60277446,2105551749120,1532.717,315.249,82.941,17.059,30853.689,12.156,0.658,286.06,1847.9660000000001,-0.18681818689124502,0.2056798482694457
Japan,JPN,2018,126913388,4852985364480,4711.592,457.705,89.042,8.65,41899.996,-36.526,-0.682,1082.93,5169.297,-0.11903311855366967,0.09714444714228228
Kazakhstan,KAZ,2018,18932674,460522127360,760.344,27.129,96.555,3.445,41684.418,24.272,3.173,107.27,787.4730000000001,1.505467868218725,0.03567990278084656
Kuwait,KWT,2018,4323333,220424404992,482.236,0.137,99.972,0.028,111576.445,15.391,3.296,74.13,482.373,4.060527127185482,2.8409326553803537e-4
Latvia,LVA,2018,1927526,48143396864,33.786,9.745,77.613,22.387,22826.5,-5.302,-10.755,6.72,43.531,-0.7734163856786184,0.2884330787900313
Lithuania,LTU,2018,2802430,75089600512,63.933,6.737,90.467,9.533,25324.252,1.819,2.631,2.92,70.67,-0.9487596283568254,0.10537594043764566
Lower-middle-income countries,NA,2018,2889321782,NA,12755.343,1117.976,91.152,7.989,4864.471,696.827,5.216,2764.67,13873.319000000001,1.423670340449237,0.08764766263047571
Luxembourg,LUX,2018,608055,33348603904,43.115,3.227,93.036,6.964,76359.789,2.076,4.681,0.96,46.342,1.9455076779148663,0.0748463411805636
Malaysia,MYS,2018,32910918,794013990912,1129.429,76.346,93.668,6.332,36769.855,21.639,1.821,170.58,1205.775,1.716271256593293,0.06759698927511158
Mexico,MEX,2018,124573671,2051539206144,2100.814,144.553,92.178,6.343,18337.248,-45.368,-1.947,349.29,2245.3669999999997,0.9511077487485333,0.06880809057822349
Morocco,MAR,2018,35839708,298981392384,224.658,16.13,93.301,6.699,6747.097,8.013,3.427,34.56,240.78799999999998,1.1097335048451253,0.07179802188214976
Netherlands,NLD,2018,17421239,819300859904,958.304,56.339,93.641,5.505,58901.609,-25.963,-2.468,113.1,1014.643,0.6116313212110908,0.05879032123418038
New Zealand,NZL,2018,4900795,181445771264,160.122,98.546,61.902,38.098,52735.422,-1.389,-0.535,43.73,258.668,1.8303847483659912,0.6154432245412873
North Macedonia,MKD,2018,1919675,27363280896,25.195,4.925,83.649,16.351,15849.746,0.993,3.375,5.61,30.12,-1.0897427640307602,0.19547529271680888
Norway,NOR,2018,5311703,450245230592,168.588,360.424,31.868,68.132,103851.664,-8.529,-1.523,145.94,529.012,0.6622246723793904,2.137898308301896
Oman,OMN,2018,4597832,172643270656,375.966,0.039,99.99,0.01,81779.25,24.091,6.846,37.76,376.005,1.3329583715255884,1.0373278434752079e-4
Pakistan,PAK,2018,226928843,1165406502912,853.311,85.395,88.728,8.879,4263.364,15.487,1.627,129.02,938.706,1.6369649824809145,0.10007488477237489
Peru,PER,2018,31897541,322061008896,224.706,88.46,71.753,28.247,9982.729,14.834,4.886,54.62,313.166,1.8290481547744635,0.39366995095814084
Philippines,PHL,2018,109465234,929253621760,483.458,71.161,87.169,12.831,5028.47,17.926,3.366,99.74,554.619,1.2445360762649926,0.14719168986757897
Poland,POL,2018,38241017,1073462050816,1150.725,68.534,94.379,5.621,31957.375,13.794,1.142,169.43,1219.259,-0.03631168058226673,0.059557235655782234
Portugal,PRT,2018,10325307,279020273664,221.323,78.575,73.8,26.2,29450.922,2.212,0.733,58.35,299.898,-0.0530163054420652,0.3550241050410486
Qatar,QAT,2018,2761095,371263143936,572.901,0.441,99.923,0.077,207654.156,9.282,1.646,48.06,573.342,2.0111502737691476,7.697665041604048e-4
Romania,ROU,2018,19597823,473122635776,290.216,68.848,74.921,17.773,20004.828,4.115,1.061,64.07,359.064,-0.4648907529077765,0.23723020095377234
Russia,RUS,2018,146430090,3625347448832,7403.698,479.074,88.227,5.709,57585.219,296.466,3.644,1109.19,7882.772,0.1664569440601567,0.06470739352145374
Saudi Arabia,SAU,2018,30365068,1673254010880,3101.243,0.409,99.987,0.013,102146.25,-80.142,-2.519,374.77,3101.652,-1.3555853063715184,1.3188260320136152e-4
Singapore,SGP,2018,5634310,420222009344,990.786,2.719,99.726,0.274,176344.125,7.482,0.759,52.97,993.505,0.5401280968501123,0.0027442858498202436
Slovakia,SVK,2018,5443188,144927522816,135.674,17.168,71.496,9.047,35144.047,-3.299,-1.695,26.66,152.842,0.13880602534051628,0.1265386146203399
Slovenia,SVN,2018,2069431,61476691968,52.877,14.045,65.046,17.278,39813.336,1.67,2.069,16.12,66.922,0.34256771106583406,0.26561643058418594
South Africa,ZAF,2018,58612952,719458336768,1346.292,32.227,95.663,2.29,24053.717,-65.282,-4.425,256.33,1378.519,1.696615253904452,0.02393760046111839
South Korea,KOR,2018,51640842,1971285917696,3135.622,84.679,88.268,2.384,68987.492,83.055,2.387,592.9,3220.301,0.30031335373568485,0.027005487268554694
Spain,ESP,2018,47092764,1615001419776,1182.64,288.54,73.46,17.923,34584.324,26.629,1.662,271.4,1471.18,0.4784040331699665,0.2439795711289995
Sri Lanka,LKA,2018,22253066,280243404800,93.415,17.832,83.971,16.029,5049.604,5.638,5.282,16.06,111.24700000000001,0.7497054326037721,0.1908901140073864
Sweden,SWE,2018,10175356,457925394432,175.378,246.462,29.607,41.607,59869.637,-22.148,-3.508,163.36,421.84,1.1686936650529622,1.4053187971125227
Switzerland,CHE,2018,8516296,532611137536,154.76,98.792,49.242,31.434,37746.211,4.463,1.408,66.29,253.552,0.7419583716898911,0.6383561643835617
Taiwan,TWN,2018,23659256,1073034559488,1254.442,28.299,92.812,2.094,57252.484,13.783,1.028,275.53,1282.741,0.11149284343225317,0.022559034216009986
Thailand,THA,2018,71376039,1125329928192,1381.293,94.116,93.621,6.379,20712.5,45.694,3.189,177.76,1475.4089999999999,0.3033903275015765,0.06813615938110162
Trinidad and Tobago,TTO,2018,1470471,40016904192,194.022,0.016,99.992,0.008,131956.75,-13.028,-6.292,9.23,194.03799999999998,1.7474192456911313,8.246487511725475e-5
Turkey,TUR,2018,84415922,1975637639168,1526.928,251.254,85.87,14.13,21179.334,0.531,0.03,300.15,1778.182,1.6035724781165037,0.16454868860876215
Turkmenistan,TKM,2018,6655474,97638670336,365.381,0.025,99.993,0.007,54903.34,41.833,12.928,25.36,365.40599999999995,2.2813965772058897,6.842172964658809e-5
Ukraine,UKR,2018,45208854,431842099200,762.677,33.007,75.841,3.282,22384.744,36.658,3.758,159.86,795.684,-0.49991640988787833,0.043277822721807524
United Arab Emirates,ARE,2018,9346819,726928195584,1129.555,2.98,99.737,0.263,121188.297,-79.163,-6.532,136.01,1132.535,1.21864321724495,0.002638207081549814
United Kingdom,GBR,2018,66752425,2582848208896,1755.417,311.597,78.758,13.98,33653.074,-4.619,-0.205,333.72,2067.014,0.599812313943262,0.1775059715156
United States,USA,2018,335056439,18124692783104,22212.854,2300.448,83.423,8.64,79893.969,946.832,3.667,4201.55,24513.302,0.8584580053469579,0.10356381939934418
Upper-middle-income countries,NA,2018,2801801756,NA,52978.41,7608.08,85.912,12.338,22165.367,2030.969,3.381,10841.92,60586.490000000005,0.7198864353472109,0.14360717884889335
Uzbekistan,UZB,2018,32373443,320808189952,523.388,14.687,97.27,2.73,16649.705,1.264,0.235,63.15,538.075,1.7420714600911005,0.028061399955673416
Venezuela,VEN,2018,29807542,272599023616,555.022,162.523,77.35,22.65,24419.066,-145.102,-16.622,99.71,717.5450000000001,-2.4790967923250187,0.2928226268508275
Vietnam,VNM,2018,96237273,681501392896,856.198,209.46,80.345,19.655,11210.958,128.886,13.567,217.18,1065.658,1.1140713988538442,0.2446396744678217
Algeria,DZA,2019,43294503,589905133568,692.301,1.923,99.723,0.277,16037.807,24.729,3.693,81.61,694.224,1.8574955049379516,0.002777693517704004
Argentina,ARG,2019,44973412,817053892608,793.845,105.008,86.311,11.417,20582.338,-60.397,-6.125,139.53,898.8530000000001,0.713450386164343,0.1322777116439607
Australia,AUS,2019,25482660,1255505526784,1531.19,140.546,91.593,8.407,65938.672,54.385,3.345,265.9,1671.736,1.445119599790618,0.09178873947713868
Austria,AUT,2019,8880830,388344676352,276.15,143.464,65.811,34.189,48189.234,19.558,4.789,70.69,419.614,0.4436070904749453,0.5195147564729314
Azerbaijan,AZE,2019,10110446,165653299200,181.059,4.55,97.549,2.451,18385.994,9.724,5.52,25.95,185.609,0.7043615714765238,0.025129930022810245
Bangladesh,BGD,2019,164913011,717214580736,479.281,3.085,99.36,0.64,2926.161,52.274,12.149,85.11,482.366,0.8500067519531527,0.006436725011006069
Belarus,BLR,2019,9435364,181643476992,306.44,2.231,99.277,0.723,32726.92,1.612,0.525,40.46,308.671,-0.47061290648564796,0.007280381151285733
Belgium,BEL,2019,11490570,472898011136,568.649,56.982,77.54,7.77,64258.715,24.164,3.383,92.69,625.631,0.5425528526593542,0.10020592667884758
Brazil,BRA,2019,207455405,3050327244800,1872.509,1576.005,53.678,45.178,17194.148,80.641,2.313,633.33,3448.514,0.6541197439000886,0.8416541656141573
Bulgaria,BGR,2019,6975420,129520074752,146.884,21.759,70.071,10.38,30328.125,-7.263,-3.319,43.72,168.64299999999997,-0.7013408568951186,0.14813730562893168
Canada,CAN,2019,37782884,1708858146816,2645.248,1092.604,66.353,27.407,107455.766,-22.5,-0.551,656.03,3737.852,1.3083329101302799,0.41304406996999904
Chile,CHL,2019,19197702,417332002816,362.767,105.567,77.459,22.541,24689.348,5.701,1.217,83.98,468.334,1.612018880291001,0.2910049701323439
China,CHN,2019,1423520298,23631939764224,33897.516,5096.059,85.048,12.786,28231.928,1778.902,4.631,7503.43,38993.575000000004,0.3179252764522811,0.15033724005027388
Colombia,COL,2019,49907932,671028412416,413.71,151.111,73.246,26.754,11495.889,2.456,0.43,78.78,564.8209999999999,1.8022020987788268,0.3652582727031012
Croatia,HRV,2019,3986292,93057982464,72.605,22.018,76.73,23.27,24035.668,-2.347,-2.391,12.65,94.623,-0.9572602004561694,0.3032573514220784
Cyprus,CYP,2019,1286615,31800246272,30.98,1.437,95.568,4.432,25255.029,0.031,0.097,5.15,32.417,1.2524592744156764,0.04638476436410588
Czechia,CZE,2019,10554819,342069379072,368.216,32.041,77.499,6.744,45278.363,-11.119,-2.274,85.72,400.257,0.056318785751432524,0.08701685966932451
Denmark,DNK,2019,5814566,280656347136,149.164,64.486,69.817,30.183,37286.02,16.685,8.337,29.37,213.64999999999998,0.35909316935924696,0.43231610844439683
Ecuador,ECU,2019,17339967,176728686592,144.334,62.988,69.618,30.382,12187.63,4.953,2.4,32.45,207.322,1.7037343465249897,0.43640445078775614
Egypt,EGY,2019,107553107,1289253421056,996.942,48.489,95.362,4.638,9749.411,-22.766,-2.125,200.57,1045.431,1.7704605800220676,0.04863773419115655
Estonia,EST,2019,1326772,37723176960,56.054,6.49,89.624,10.376,47303.273,-15.118,-19.413,7.61,62.544000000000004,0.3671937291117906,0.11578121097513112
Finland,FIN,2019,5521713,220173893632,170.721,92.01,53.049,28.591,59219.215,-6.849,-2.052,68.61,262.731,0.10928832955471532,0.5389495141195284
France,FRA,2019,65729405,2644453883904,1388.441,316.482,51.566,11.754,41554.422,-59.081,-2.117,565.67,1704.923,0.3203963010513987,0.22794054626736032
Germany,DEU,2019,83559127,3886392803328,2868.076,661.812,77.188,17.811,44922.723,-91.71,-2.385,600.09,3529.888,0.22870880564226834,0.23075120742964972
Greece,GRC,2019,10718520,252514238464,271.977,42.361,86.524,13.476,29564.465,-7.179,-2.215,47.95,314.33799999999997,-0.11432524806193171,0.15575214080602404
High-income countries,NA,2019,1400142343,NA,64640.992,8438.627,82.184,10.729,56568.824,-830.188,-1.037,12627.07,73079.619,0.42942613699523,0.13054606278319492
Hong Kong,HKG,2019,7485770,371582304256,343.666,0.871,99.747,0.253,46026.621,-19.029,-5.234,36.94,344.537,0.19594088231085763,0.0025344375061833293
Hungary,HUN,2019,9770300,266658316288,217.758,15.402,79.626,5.632,28135.521,3.69,1.361,34.28,233.16,-0.041353167302719714,0.07072989281679662
Iceland,ISL,2019,360652,15550746624,12.404,52.344,19.157,80.843,175593.438,-3.13,-4.71,19.36,64.748,2.220118531031492,4.219929055143502
India,IND,2019,1389030252,9595463401472,8373.468,748.695,90.681,8.108,6682.068,218.234,2.408,1622.1,9122.163,1.0454399834631862,0.0894127737754536
Indonesia,IDN,2019,272489333,3272567947264,2063.538,194.482,91.387,8.613,8271.659,122.377,5.741,295.44,2258.02,0.9399944696053353,0.09424687115042224
Iran,IRN,2019,87051599,1438754537472,3188.336,86.908,96.877,2.641,37875.254,175.162,5.611,318.88,3275.2439999999997,1.0841408816946068,0.027258105795625057
Iraq,IRQ,2019,41192120,537548292096,653.748,13.217,98.018,1.982,16212.402,45.134,7.248,115.21,666.965,2.301089816851731,0.020217270263159504
Ireland,IRL,2019,4933445,294503710720,153.616,32.338,82.61,17.39,38065.922,0.943,0.505,30.71,185.954,1.2507329395179438,0.2105119258410582
Israel,ISR,2019,8657420,296799272960,292.248,8.737,97.097,2.903,34826.309,9.294,3.181,71.96,300.985,1.7320041090356244,0.029895841887711806
Italy,ITA,2019,60130080,2115725819904,1509.498,318.252,82.588,17.412,30599.537,-19.829,-1.066,289.99,1827.75,-0.24447950233326077,0.21083300540974548
Japan,JPN,2019,126699371,4833468219392,4556.284,459.348,87.991,8.871,41086.234,-112.07,-2.108,1047.4,5015.632,-0.16863232742632323,0.10081636702189768
Kazakhstan,KAZ,2019,19209498,481245626368,769.458,27.471,96.553,3.447,41579.016,9.515,1.206,106.47,796.929,1.4621495093614352,0.03570175370195644
Kuwait,KWT,2019,4442153,219207647232,442.692,0.154,99.965,0.035,99693.961,-39.526,-8.194,75.04,442.846,2.7483425403502344,3.4787165794728615e-4
Latvia,LVA,2019,1914220,49380618240,35.917,8.92,80.106,19.894,23645.684,1.264,2.874,6.44,44.837,-0.6903149425740561,0.24835036333769522
Lithuania,LTU,2019,2795011,78562639872,62.919,7.331,89.564,10.436,25258.264,-0.372,-0.525,3.34,70.25,-0.26473453395802926,0.1165148842162145
Lower-middle-income countries,NA,2019,2929398805,NA,13081.284,1197.082,90.761,8.306,4943.306,425.895,3.03,2859.59,14278.366,1.3870737156959558,0.0915110473864798
Luxembourg,LUX,2019,620116,34122293248,43.544,3.642,92.282,7.718,76257.094,0.857,1.846,1.07,47.186,1.9835376734012546,0.08363953702002573
Malaysia,MYS,2019,33440538,829053861888,1157.242,79.534,93.569,6.431,37119.555,31.168,2.576,178.5,1236.776,1.6092531967658876,0.0687271979413122
Mexico,MEX,2019,125762928,2047701155840,2077.113,149.725,92.13,6.641,17971.646,-24.171,-1.058,344.57,2226.8379999999997,0.9546615994000852,0.072083223204515115
Morocco,MAR,2019,36210859,307624968192,243.957,18.672,92.89,7.11,7286.239,22.027,9.109,40.38,262.629,1.035586004216329,0.0765380784318548
Netherlands,NLD,2019,17537460,835323035648,940.219,68.307,92.341,6.709,58248.84,-4.602,-0.449,120.05,1008.5260000000001,0.6671224704511545,0.07265009535012587
New Zealand,NZL,2019,4989366,187274510336,166.522,97.379,63.1,36.9,52825.281,5.119,1.981,43.75,263.901,1.8072782069031659,0.584781590420485
North Macedonia,MKD,2019,1897595,28433274880,27.484,3.363,89.097,10.903,16366.771,0.631,2.074,5.87,30.847,-1.150194694414419,0.12236210158637752
Norway,NOR,2019,5347690,455304839168,164.592,330.294,33.259,66.741,96479.969,-35.684,-6.469,133.83,494.88599999999997,0.6775039944816191,2.0067439486730825
Oman,OMN,2019,4591205,170692378624,373.342,0.063,99.983,0.017,81331.375,-2.598,-0.691,38.89,373.405,-0.14413314797060875,1.687460826802235e-4
Pakistan,PAK,2019,230800861,1172330119168,843.037,100.903,87.21,10.438,4218.509,6.155,0.636,133.29,943.94,1.7062696609262666,0.11968988312493996
Peru,PER,2019,32449256,329252601856,231.027,90.071,71.949,28.051,10064.488,8.161,2.563,56.87,321.09799999999996,1.7296474358321225,0.3898721794422297
Philippines,PHL,2019,110804629,986114686976,502.417,68.341,88.026,11.974,5109.186,15.679,2.848,106.03,570.7579999999999,1.2235802647624177,0.13602445777113434
Poland,POL,2019,38225836,1121231568896,1104.451,79.444,93.29,6.71,31059.299,-34.815,-2.849,163.22,1183.895,-0.039698212001004055,0.07193076016953219
Portugal,PRT,2019,10343168,286505631744,215.787,73.342,74.634,25.366,28333.354,-11.033,-3.628,51.6,289.129,0.17298275005285557,0.3398814571776798
Qatar,QAT,2019,2797880,373817409536,584.812,0.388,99.934,0.066,209161.531,11.856,2.068,50,585.2,1.3322612948848191,6.634610780900528e-4
Romania,ROU,2019,19501499,456564506624,285.765,65.608,75.341,17.297,19681.439,-8.234,-2.1,58.76,351.373,-0.4915035715956818,0.22958724826343327
Russia,RUS,2019,146533005,3705035816960,7322.612,487.594,87.933,5.855,57120.445,-62.179,-0.737,1118.16,7810.206,0.07028268575126874,0.06658744174892783
Saudi Arabia,SAU,2019,30472767,1687180148736,2966.819,0.526,99.982,0.018,97378.078,-134.298,-4.33,378.55,2967.345,0.3546805823059576,1.7729426702471572e-4
Singapore,SGP,2019,5669500,425816260608,971.567,2.858,99.707,0.293,171885.953,-19.07,-1.919,54.14,974.425,0.6245662734212353,0.002941639639880729
Slovakia,SVK,2019,5450575,148579172352,125.968,19.316,68.793,10.549,33913.656,-6.447,-3.37,28.21,145.284,0.13571091059136667,0.15334053092848976
Slovenia,SVN,2019,2083395,63598211072,50.738,13.753,64.307,17.43,38399.961,-2.389,-2.899,15.89,64.491,0.6747748535708609,0.2710591666995152
South Africa,ZAF,2019,59587828,721641603072,1403.281,32.905,95.527,2.24,24698.135,61.849,4.387,252.57,1436.186,1.6632433049951143,0.0234486179175803
South Korea,KOR,2019,51767790,2015521669120,3044.451,98.352,86.886,2.807,67917.414,-46.637,-1.309,586.8,3142.803,0.2458286795556122,0.03230533189727803
Spain,ESP,2019,47435072,1647042625536,1154.336,267.171,73.724,17.063,33390.297,-44.8,-2.751,270.52,1421.507,0.7268802485239558,0.2314499417847143
Sri Lanka,LKA,2019,22410495,279626874880,97.739,14.378,87.176,12.824,5043.859,0.666,0.593,16.66,112.117,0.7074485825908214,0.1471060682020483
Sweden,SWE,2019,10279068,467020677120,178.089,265.789,29.312,43.747,60882.855,16.624,2.729,168.42,443.878,1.0192468941627202,1.4924504040114774
Switzerland,CHE,2019,8577482,538693468160,158.658,106.805,48.366,32.559,39167.129,14.497,4.51,70.57,265.46299999999997,0.7184578835681615,0.6731775265035486
Taiwan,TWN,2019,23674088,1105912397824,1209.824,34.586,91.348,2.611,56101.242,-26.405,-1.949,274.19,1244.41,0.0626900524682602,0.02858762927500198
Thailand,THA,2019,71522216,1149130637312,1373.846,102.623,93.049,6.951,20689.307,1.369,0.093,186.51,1476.469,0.20479841981704813,0.07469760075001129
Trinidad and Tobago,TTO,2019,1484843,40060923904,195.187,0.015,99.992,0.008,131463.859,1.165,0.6,9.2,195.202,0.9773739162486034,7.684938033782987e-5
Turkey,TUR,2019,85357615,1991116587008,1497.633,337.335,81.616,18.384,21663.312,61.256,3.426,300.18,1834.968,1.1155395542561273,0.22524543730005947
Turkmenistan,TKM,2019,6803896,94329708544,350.65,0.025,99.993,0.007,51540.621,-14.731,-4.031,22.5,350.67499999999995,2.2300740713584033,7.129616426636248e-5
Ukraine,UKR,2019,44957402,445656694784,715.21,30.631,75.183,3.22,21301.568,-54.325,-5.368,154.14,745.841,-0.5562007831474781,0.04282798059311251
United Arab Emirates,ARE,2019,9377805,734982504448,1207.321,9.049,99.256,0.744,129769.984,84.233,7.436,138.45,1216.37,0.33151385514151926,0.0074951069351067365
United Kingdom,GBR,2019,67110910,2624285048832,1694.126,341.011,77.919,15.684,32677.021,-53.44,-2.379,327.11,2035.137,0.5370366694543307,0.20129022280515146
United States,USA,2019,337790020,18540551733248,21948.143,2369.579,83.053,8.967,78683.477,-190.494,-0.712,4158.38,24317.722,0.815856877175251,0.10796261897874458
Upper-middle-income countries,NA,2019,2818592169,NA,54301.57,8303.737,85.097,13.013,22812.123,2195.105,3.535,11225.38,62605.307,0.5992719850376167,0.15291891192096285
Uzbekistan,UZB,2019,32964655,339998932992,526.279,16.051,97.04,2.96,16483.449,4.363,0.809,63.56,542.33,1.8262252797763896,0.03049903188232857
Venezuela,VEN,2019,28938043,197170888704,491.294,155.572,75.95,24.05,22702.572,-70.904,-9.741,85.15,646.866,-2.9170436126534685,0.3166576428777881
Vietnam,VNM,2019,97173733,731653144576,1018.165,178.467,85.086,14.914,12433.129,129.262,11.981,236.89,1196.632,0.9730741227465995,0.17528298458501326
Algeria,DZA,2020,44042041,559819915264,646.949,1.833,99.717,0.283,14733.622,-45.45,-6.546,79.37,648.7819999999999,1.7266349032809085,0.002833299069942144
Argentina,ARG,2020,45191917,735814221824,731.666,101.519,85.285,11.833,19117.844,-61.686,-6.664,144.64,833.1850000000001,0.48585373064423043,0.13875046810976593
Australia,AUS,2020,25743732,1232259776512,1413.45,162.166,89.708,10.292,61584.387,-94.881,-5.647,265.15,1575.616,1.0245084304385805,0.11473062365134953
Austria,AUT,2020,8921362,363281088512,247.334,144.513,63.12,36.88,44852.355,-27.816,-6.5,69.04,391.847,0.45639878254622596,0.5842827916905885
Azerbaijan,AZE,2020,10181688,158697521152,181.424,3.308,98.21,1.79,18162.854,-0.962,-0.518,25.75,184.732,0.7046375600047714,0.01823353029367669
Bangladesh,BGD,2020,166297978,754358353920,454.276,2.985,99.347,0.653,2750.768,-25.115,-5.204,85.46,457.261,0.8398166958457874,0.006570895226690382
Belarus,BLR,2020,9350896,180421001216,282.854,2.702,98.765,0.943,30643.523,-22.246,-7.204,38.54,285.556,-0.8952277834750201,0.009552631392874062
Belgium,BEL,2020,11540055,447544098816,505.008,68.902,76.64,10.457,57530.559,-74.463,-10.085,88.29,573.91,0.4306574869653986,0.13643744257516713
Brazil,BRA,2020,208660785,2950377504768,1734.183,1575.936,51.847,47.116,16401.881,-144.59,-4.054,628.76,3310.1189999999997,0.5810308967365782,0.9087483846860452
Bulgaria,BGR,2020,6933606,124392792064,130.932,21.521,67.664,11.122,28177.818,-16.178,-7.647,40.14,152.45299999999997,-0.5994477751877306,0.16436776341917944
Canada,CAN,2020,38171851,1622144450560,2413.23,1108.259,64.143,29.457,100465.242,-225.044,-5.543,653.9,3521.489,1.029479380134137,0.4592430062613178
Chile,CHL,2020,19370563,391686946816,328.056,108.616,75.126,24.874,22842.787,-31.501,-6.646,83.58,436.67199999999997,0.9004254780077323,0.3310898139342064
China,CHN,2020,1426106040,24151844716544,34728.391,5511.566,84.407,13.396,29095.936,1305.168,3.248,7779.07,40239.957,0.18164419598602732,0.1587049051595854
Colombia,COL,2020,50629945,622365376512,371.599,138.213,72.889,27.111,10227.399,-55.923,-9.747,77.75,509.812,1.4466898768716765,0.37194125926065463
Croatia,HRV,2020,3953898,85073362944,67.616,22.578,74.967,25.033,23110.982,-4.435,-4.629,13.23,90.194,-0.8126348998016201,0.3339150496923805
Cyprus,CYP,2020,1302202,30409793536,26.392,1.801,93.612,6.388,21718.07,-4.212,-12.963,4.85,28.192999999999998,1.2114735177189757,0.0682403758714762
Czechia,CZE,2020,10550083,323245441024,332.543,33.161,75.598,7.539,41949.207,-35.337,-7.394,80.1,365.704,-0.04487049943727126,0.09971943477986306
Denmark,DNK,2020,5831483,275058360320,123.478,65.536,65.328,34.672,32953.23,-24.636,-11.363,28.58,189.014,0.2909417487048904,0.530750417078346
Ecuador,ECU,2020,17546006,162965061632,117.016,61.972,65.376,34.624,10421.882,-28.471,-13.472,31.29,178.988,1.1882317884457336,0.5296027893621384
Egypt,EGY,2020,109315075,1307778088960,924.493,58.677,94.032,5.968,9028.076,-61.675,-5.882,198.61,983.1700000000001,1.6382306835636091,0.06346938267785694
Estonia,EST,2020,1329618,37515272192,49.463,8.971,84.648,15.352,44173.07,-4.027,-6.417,6.08,58.434,0.2145055819688688,0.18136789115096133
Finland,FIN,2020,5529559,214988898304,150.225,100.422,48.75,32.588,56776.664,-13.042,-3.988,69.24,250.647,0.14209358581295334,0.6684772840738892
France,FRA,2020,65905226,2438594035712,1197.515,336.373,49.74,13.972,37087.582,-287.082,-10.511,527.42,1533.8880000000001,0.26749215210452615,0.2808925149163058
Germany,DEU,2020,83628661,3742720851968,2609.179,692.78,75.39,20.017,41838.707,-254.789,-6.788,566.75,3301.959,0.08321532607682701,0.2655164708898853
Greece,GRC,2020,10699317,229777833984,228.208,46.031,83.215,16.785,25885.402,-39.931,-12.601,47.51,274.239,-0.17915719707571567,0.2017063380775433
High-income countries,NA,2020,1403646556,NA,59291.332,8991.263,80.601,12.223,52809.879,-5078,-6.411,12313.35,68282.595,0.2502754821693154,0.15164548841641812
Hong Kong,HKG,2020,7490198,347263074304,256.739,1.192,99.538,0.462,34437.906,-86.598,-25.134,34.35,257.931,0.05915223150056708,0.004642847405341612
Hungary,HUN,2020,9749421,254563876864,210.904,18.299,78.448,6.807,27727.523,-4.565,-1.661,34.92,229.203,-0.21369865817835684,0.086764594317793875
Iceland,ISL,2020,366571,14424581120,8.271,51.347,13.874,86.126,158445.453,-5.247,-8.285,18.89,59.618,1.6411942814680078,6.208076411558457
India,IND,2020,1402617645,8945313775616,7856.125,777.565,89.847,8.893,6268.437,-489.375,-5.273,1581.94,8633.69,0.9781927341349222,0.0989756400260943
Indonesia,IDN,2020,274814825,3204972544000,1895.222,225.746,89.356,10.644,7700.859,-137.629,-6.106,291.82,2120.968,0.8534249669142094,0.11911322261983029
Iran,IRN,2020,87723397,1446203752448,3339.917,61.588,97.74,1.802,39001.859,124.274,3.769,337.21,3401.505,0.7717239059560526,0.01843997919708783
Iraq,IRQ,2020,42116556,453147787264,582.847,11.208,98.113,1.887,14121.961,-73.055,-10.939,117.12,594.055,2.2442059306488717,0.019229746399998627
Ireland,IRL,2020,4982560,274762350592,138.187,36.334,79.181,20.819,35440.219,-11.213,-5.971,31.97,174.52100000000002,0.9955517898750263,0.26293356104409243
Israel,ISR,2020,8800323,291287728128,273.013,11.447,95.976,4.024,32400.561,-16.371,-5.43,71.78,284.46,1.650641877141227,0.04192840633962485
Italy,ITA,2020,59912714,1925752029184,1331.033,320.361,80.601,19.399,27764.1,-176.53,-9.594,276.81,1651.3939999999998,-0.36149294995117254,0.24068599351030368
Japan,JPN,2020,126304487,4626661244928,4189.544,501.689,87.329,10.457,38203.234,-380.36,-7.307,1011.03,4691.233,-0.3116700555679949,0.11974787709593217
Kazakhstan,KAZ,2020,19482065,468733231104,704.596,29.467,95.986,4.014,37775.098,-62.775,-7.86,108.63,734.063,1.4189178707324885,0.04182112870354075
Kuwait,KWT,2020,4400103,199796817920,419.512,0.157,99.963,0.037,95379.328,-23.177,-5.234,74.64,419.669,-0.9466130500232657,3.742443601136559e-4
Latvia,LVA,2020,1901069,48292864000,30.587,10.138,75.106,24.894,21682.938,-4.042,-8.931,5.72,40.725,-0.6870161214489453,0.3314480007846471
Lithuania,LTU,2020,2795711,78545272832,62,7.943,88.644,11.356,25143.689,-0.303,-0.429,4.7,69.943,0.025044624153536428,0.12811290322580646
Lower-middle-income countries,NA,2020,2969243392,NA,12351.251,1270.027,89.795,9.233,4656.382,-654.984,-4.523,2845.06,13621.278,1.3601626016912367,0.10282577853854642
Luxembourg,LUX,2020,630545,33850189824,36.134,4.287,89.395,10.605,64294.848,-6.747,-14.269,1.22,40.421,1.6817821181843398,0.11864172247744506
Malaysia,MYS,2020,33889515,783174008832,1106.66,85.538,92.825,7.175,35317.566,-44.403,-3.577,174.01,1192.198,1.3426129687267592,0.07729383911951276
Mexico,MEX,2020,126798998,1880176590848,1856.528,178.82,89.994,8.668,16329.48,-189.605,-8.389,325.74,2035.348,0.8238278294538435,0.09631958149836684
Morocco,MAR,2020,36584160,285515939840,224.075,17.233,92.858,7.142,6625.939,-21.437,-8.125,38.8,241.308,1.030908987826,0.07690728550708469
Netherlands,NLD,2020,17636680,802861613056,878.826,95.868,89.24,9.735,56095.773,-32.193,-3.151,121.96,974.694,0.5657603780707127,0.10908644031924407
New Zealand,NZL,2020,5069848,184971345920,145.762,94.275,60.725,39.275,47201.203,-24.262,-9.205,43.35,240.037,1.6130706787195006,0.646773507498525
North Macedonia,MKD,2020,1871976,27100243968,23.8,3.681,86.604,13.396,14801.469,-3.35,-10.785,5.34,27.481,-1.3500773347315944,0.1546638655462185
Norway,NOR,2020,5379229,449485275136,154.663,377.977,29.037,70.963,103431.453,40.437,7.837,154.32,532.64,0.5897686664709435,2.4438747470306406
Oman,OMN,2020,4522447,165230247936,361.133,0.395,99.891,0.109,79946.398,-11.856,-3.175,38.64,361.52799999999996,-1.4976024812658115,0.0010937798539596216
Pakistan,PAK,2020,235001693,1202026446848,819.52,109.215,86.056,11.468,4083.672,-13.966,-1.434,144.49,928.735,1.8201110610241613,0.13326703436157752
Peru,PER,2020,32838533,292988747776,194.701,87.938,68.887,31.113,8766.584,-38.703,-11.851,52.99,282.639,1.1996484603529893,0.45165664274965206
Philippines,PHL,2020,112081229,892256256000,452.137,66.528,87.173,12.827,4583.802,-52.363,-9.249,101.75,518.665,1.1521179318239494,0.14714124258797667
Poland,POL,2020,38170958,1098581278720,1048.529,87.02,92.337,7.663,29845.576,-48.033,-4.046,157.15,1135.549,-0.14356258944866504,0.08299245895917041
Portugal,PRT,2020,10370463,262724222976,181.059,79.964,69.365,30.635,25577.227,-27.809,-9.489,51.39,261.023,0.26389400230180926,0.4416460932624172
Qatar,QAT,2020,2803329,360517009408,512.91,0.441,99.914,0.086,183125.625,-71.847,-12.277,49.4,513.351,0.19475459991136146,8.597999649061239e-4
Romania,ROU,2020,19392420,483499376640,270.632,66.143,74.128,18.117,19053.244,-14.329,-3.733,55.21,336.775,-0.5593364899795652,0.24440199237340743
Russia,RUS,2020,146371239,3606716612608,6961.566,536.377,86.683,6.679,55172.816,-294.317,-3.516,1085.42,7497.942999999999,-0.1103956067781453,0.07704832504640478
Saudi Arabia,SAU,2020,30991155,1613932920832,2885.845,2.263,99.922,0.078,93196.031,-79.127,-2.667,380.9,2888.1079999999997,1.7011517201572144,7.841724001115791e-4
Singapore,SGP,2020,5620104,409204981760,910.41,2.869,99.686,0.314,162518.469,-61.137,-6.274,53.07,913.279,-0.8712584884028574,0.00315132742390791
Slovakia,SVK,2020,5454981,143565094912,121.471,19.806,67.706,11.039,33203.672,-3.724,-2.014,28.51,141.27700000000002,0.0808355081803296,0.16305126326448288
Slovenia,SVN,2020,2102370,60849950720,45.377,15.055,59.614,19.778,36765.824,-2.707,-3.384,16.89,60.432,0.910773041117983,0.33177600987284306
South Africa,ZAF,2020,60562321,675871719424,1336.406,36.073,95.667,2.582,23110.025,-72.111,-4.9,239.46,1372.479,1.6353893617334063,0.026992545678483935
South Korea,KOR,2020,51858440,2001231675392,2863.894,117.038,84.82,3.466,65364.66,-126.225,-3.59,577.12,2980.932,0.17510888527402851,0.04086673598953034
Spain,ESP,2020,47679437,1460507901952,951.118,307.592,67.808,21.929,29844.311,-160.911,-10.159,259.47,1258.71,0.5151568021231211,0.32340046135179856
Sri Lanka,LKA,2020,22561751,269918240768,88.522,15.486,85.11,14.89,4653.042,-8.055,-7.126,16.49,104.00800000000001,0.6749337754476196,0.17493956304647432
Sweden,SWE,2020,10353627,456885338112,162.972,296.72,28.042,51.056,57977.688,-25.54,-4.081,163.78,459.692,0.725347862277008,1.8206808531526888
Switzerland,CHE,2020,8640538,525896482816,137.713,107.5,45.604,35.598,35831.355,-26.353,-7.844,68.49,245.213,0.7351341570871265,0.7806089475939091
Taiwan,TWN,2020,23663407,1143369498624,1173.605,34.401,91.286,2.676,54479.328,-38.979,-2.935,279.99,1208.006,-0.04511683829172216,0.02931224730637651
Thailand,THA,2020,71641437,1078332620800,1280.837,95.962,93.03,6.97,19257.488,-100.111,-6.765,176.48,1376.799,0.16669086427635296,0.07492132097995295
Trinidad and Tobago,TTO,2020,1480979,36985044992,169.327,0.015,99.991,0.009,114345.516,-25.86,-13.248,9.23,169.34199999999998,-0.2602295326846003,8.858599042090156e-5
Turkey,TUR,2020,86091644,2029749403648,1482.096,327.603,81.897,18.103,21161.512,-27.299,-1.476,302,1809.699,0.8599455362008415,0.22104033746801827
Turkmenistan,TKM,2020,6949869,91559231488,444.235,0.025,99.994,0.006,63923.691,93.584,26.687,25.76,444.26,2.1454325580520335,5.627652031019618e-5
Ukraine,UKR,2020,44679967,428931219456,680.882,42.929,74.661,4.707,20556.229,-39.212,-4.095,147.79,723.8109999999999,-0.6171063888433767,0.06304910395633899
United Arab Emirates,ARE,2020,9448476,698549469184,1166.78,12.804,98.579,1.082,125364.016,-32.459,-2.667,137.31,1179.584,0.7535985233218221,0.010973791117434307
United Kingdom,GBR,2020,67351806,2334803886080,1464.439,374.262,74.612,19.068,29440.082,-210.142,-9.582,314.9,1838.701,0.35895206904510757,0.25556680749420085
United States,USA,2020,339436106,18027359764480,19944.744,2477.656,81.489,10.123,72562.68,-1948.1,-7.33,4043.18,22422.399999999998,0.48731043030815413,0.12422601162491732
Upper-middle-income countries,NA,2020,2832098276,NA,54074.156,8749.581,84.433,13.662,22790.314,246.34,0.383,11444.069,62823.737,0.4791791855716321,0.16180707471421282
Uzbekistan,UZB,2020,33586325,346785284096,526.67,12.361,97.707,2.293,16072.546,-3.553,-0.654,66.53,539.031,1.8858683641615543,0.02347010461959102
Venezuela,VEN,2020,28444030,138029481984,351.342,165.955,67.919,32.081,18557.854,-129.108,-19.652,80.51,517.297,-1.70714032044254,0.472346033209807
Vietnam,VNM,2020,98079150,752629579776,1005.433,209.976,82.724,17.276,12527.926,20.555,1.701,244,1215.409,0.931750764375801,0.20884136486469013
Algeria,DZA,2021,44761051,578853797888,705.838,1.684,99.762,0.238,15808.997,58.729,9.05,85.6,707.5219999999999,1.6325537683414808,0.0023858165754748256
Argentina,ARG,2021,45312226,812324159488,814.009,103.147,86.394,10.947,20925.641,84.215,9.747,153.15,917.1560000000001,0.26621796105706247,0.12671481519246103
Australia,AUS,2021,25956358,1296705126400,1383.953,193.787,87.717,12.283,61230.586,3.911,0.247,267.45,1577.74,0.8259330853817155,0.1400242638297688
Austria,AUT,2021,8967006,379835219968,260.531,138.067,65.362,34.638,45314.43,6.191,1.547,66.81,398.598,0.5116259154151575,0.5299446131170571
Azerbaijan,AZE,2021,10234332,167584579584,193.515,3.809,98.07,1.93,19302.621,12.621,6.825,27.79,197.32399999999998,0.5170458965153912,0.019683228690282408
Bangladesh,BGD,2021,167658798,807308361728,488.968,3.301,99.329,0.671,2937.337,35.023,7.656,95.65,492.269,0.8183021924656234,0.006750953027600988
Belarus,BLR,2021,9251315,184521981952,294.609,3.455,94.335,1.106,33803.266,26.18,9.137,41.25,298.06399999999996,-1.0649353815933789,0.011727408191874655
Belgium,BEL,2021,11570794,474995851264,541.398,67.433,73.882,9.202,63805.867,74.379,11.203,99.39,608.831,0.26636788126226435,0.1245534708292236
Brazil,BRA,2021,209550238,3097565331456,1939.336,1531.76,55.294,43.673,17089.93,158.77,4.639,656.11,3471.096,0.42626744646819953,0.7898373463907234
Bulgaria,BGR,2021,6877173,133889810432,150.05,29.074,68.288,13.231,32263.496,26.508,13.568,47.22,179.12400000000002,-0.8139054916013398,0.1937620793068977
Canada,CAN,2021,38454011,1703443300352,2461.184,1103.852,64.911,29.113,100431.133,27.035,0.705,649.93,3565.036,0.7391834365066552,0.4485044596421885
Chile,CHL,2021,19456275,437659205632,360.715,110.322,76.579,23.421,24509.162,34.379,7.77,87.13,471.037,0.4424858482430273,0.3058425626879947
China,CHN,2021,1426437224,26180600201216,36292.25,6170.007,83.496,14.195,30738.947,2353.289,5.671,8534.26,42462.257,0.023222957529862226,0.17000894130289523
Colombia,COL,2021,51188120,690925207552,391.295,165.042,70.334,29.666,11053.641,48.002,9.27,84.36,556.337,1.102460214009713,0.42178407595292555
Croatia,HRV,2021,3924558,96194363392,69.077,27.782,71.317,28.683,25050.484,6.934,7.588,15.11,96.859,-0.7420525263929418,0.4021888617050538
Cyprus,CYP,2021,1317269,32428679168,27.532,2.196,92.612,7.388,22654.434,1.561,5.518,5.12,29.728,1.1570401519887084,0.07976173180299288
Czechia,CZE,2021,10530619,334729445376,354.346,33.74,76.404,7.275,44290.461,23.838,5.386,83.66,388.086,-0.18449143954602062,0.09521766860639037
Denmark,DNK,2021,5856724,288414400512,115.401,73.192,61.19,38.81,32757.148,-0.317,-0.165,32.92,188.593,0.43284015403971854,0.6342406045008275
Ecuador,ECU,2021,17682398,169866625024,143.872,64.753,68.962,31.038,12023.08,29.734,16.261,32.12,208.625,0.7773392987555117,0.45007367660142344
Egypt,EGY,2021,110956950,1400985616384,994.929,62.466,94.092,5.908,9564.889,74.386,7.537,209.66,1057.395,1.5019657627276017,0.0627843795888953
Estonia,EST,2021,1331699,40521482240,52.411,8.743,85.703,14.297,46139.469,2.711,4.615,7.19,61.154,0.15651111823095054,0.16681612638568238
Finland,FIN,2021,5541019,221538484224,146.355,110.278,46.498,35.036,57855.254,6.627,2.111,72.11,256.633,0.20724980057179967,0.7534966348946057
France,FRA,2021,66083491,2604822691840,1296.505,330.825,50.611,12.914,39307.254,153.295,6.272,550.45,1627.3300000000002,0.2704868958343304,0.2551667752920351
Germany,DEU,2021,83697031,3841041629184,2749.067,644.416,77.14,18.082,42994.266,99.577,2.846,578.83,3393.483,0.08175426843196736,0.23441262071822916
Greece,GRC,2021,10579511,249158205440,241.738,57.441,80.8,19.2,28596.426,25.58,9.236,54.24,299.179,-1.1197537188588766,0.23761675863951884
High-income countries,NA,2021,1404869041,NA,62138.199,9270.049,80.909,12.07,55068.039,3236.977,4.367,12723.61,71408.248,0.08709350618034074,0.14918438495457523
Hong Kong,HKG,2021,7484547,369654431744,242.064,1.594,99.346,0.654,32558.6,-14.26,-5.528,36.22,243.658,-0.07544526860304628,0.006585035362548748
Hungary,HUN,2021,9707794,272892477440,221.14,21.808,78.326,7.724,29250.553,13.631,5.042,36.1,242.94799999999998,-0.42696894513017747,0.09861626119200508
Iceland,ISL,2021,372597,15049658368,9.627,52.459,15.506,84.494,162761.859,2.563,4.413,19.39,62.086000000000006,1.6438834495909387,5.44915342266542
India,IND,2021,1414203840,9801620783104,8565.351,822.007,90.204,8.657,6749.358,752.749,8.562,1695.51,9387.358,0.8260408701759916,0.0959688633892528
Indonesia,IDN,2021,276758010,3323654569984,1957.702,243.844,88.924,11.076,7937.189,80.37,3.798,309.36,2201.546,0.7070888551954939,0.12455623991802633
Iran,IRN,2021,88455443,1525523152896,3325.685,38.438,98.602,1.14,38159.289,-45.979,-1.344,356.41,3364.123,0.8344934476260649,0.011557919646629191
Iraq,IRQ,2021,43071162,487935967232,608.693,9.168,98.516,1.484,14358.398,23.665,3.979,120.46,617.861,2.266581341551289,0.015061779912041044
Ireland,IRL,2021,5028387,287639633920,146.45,31.71,82.201,17.799,35773.266,3.299,1.868,31.58,178.16,0.9197480813076009,0.21652441106179585
Israel,ISR,2021,8942868,316373434368,276.969,14.236,95.111,4.889,32656.676,6.909,2.423,73.15,291.205,1.6197700925295582,0.051399254068144815
Italy,ITA,2021,59729300,2060299927552,1453.988,319.47,81.986,18.014,29887.201,121.719,7.317,285.49,1773.458,-0.3061353555106851,0.21971983262585387
Japan,JPN,2021,125679288,4725883797504,4308.351,540.688,86.17,10.814,40020.184,204.468,4.237,1034.67,4849.039,-0.4949934993204161,0.12549766720492364
Kazakhstan,KAZ,2021,19743565,487951269888,789.268,31.004,96.22,3.78,41644.219,86.268,11.722,115.08,820.272,1.342260176218486,0.039281967595290825
Kuwait,KWT,2021,4360703,202410131456,468.581,0.522,99.889,0.111,107582.508,49.457,11.784,80.8,469.103,-0.8954335841683706,0.0011140016347227053
Latvia,LVA,2021,1885546,50255495168,32.291,10.29,75.835,24.165,22845.902,1.856,4.503,5.85,42.580999999999996,-0.8165405884794292,0.3186646433990895
Lithuania,LTU,2021,2794443,83242844160,61.422,8.384,87.989,12.011,25103.211,-0.145,-0.206,4.3,69.806,-0.04535518871585797,0.13649832307642215
Lower-middle-income countries,NA,2021,3007016978,NA,13278.367,1385.597,89.653,9.355,4950.864,1061.4,7.677,3036.14,14663.964,1.272161995940547,0.10434995508107284
Luxembourg,LUX,2021,640233,35577397248,38.818,4.278,90.072,9.928,67498.109,2.674,6.595,1.23,43.096,1.5364486277743856,0.11020660518316244
Malaysia,MYS,2021,34282367,807389757440,1150.871,95.275,92.354,7.646,36500.801,54.439,4.548,175.21,1246.1460000000002,1.1592139928824594,0.0827851253528849
Mexico,MEX,2021,127648107,1973140979712,1950.815,208.781,89.121,9.538,17223.484,127.983,6.181,330,2159.596,0.6696496134772295,0.10702244959158096
Morocco,MAR,2021,36954394,308157382656,248.613,19.077,92.874,7.126,7275.991,26.475,10.922,41.3,267.69,1.0120062890606207,0.07673371867118775
Netherlands,NLD,2021,17730519,841906651136,884.229,115.929,87.583,11.483,57247.406,25.683,2.596,120.8,1000.158,0.5320672598244114,0.1311074393624276
New Zealand,NZL,2021,5107644,196312449024,141.322,95.464,59.684,40.316,46175.898,-3.453,-1.443,43.55,236.786,0.7455055851773071,0.675506998202686
North Macedonia,MKD,2021,1851059,28165636096,24.623,4.125,85.652,14.348,15665.547,1.29,4.655,5.53,28.748,-1.1173754364372193,0.1675262965520042
Norway,NOR,2021,5408030,467007995904,156.456,388.789,28.695,71.305,105250.953,12.819,2.304,157.13,545.245,0.5354113015080786,2.4849734110548654
Oman,OMN,2021,4500378,170025222144,396.243,1.977,99.504,0.496,88513.258,36.79,10.175,41.82,398.21999999999997,-0.48798802948934505,0.004989362588108812
Pakistan,PAK,2021,239477758,1278204968960,915.025,105.111,86.422,9.927,4451.4,106.342,11.081,161.76,1020.136,1.9046947887307346,0.11487227124941943
Peru,PER,2021,33155845,332691636224,229.98,92.159,71.392,28.608,9877.379,39.611,13.759,56.99,322.139,0.9662794619966733,0.4007261501000087
Philippines,PHL,2021,113100906,943141683200,478.585,71.183,87.052,12.948,4823.635,31.799,6.19,105.75,549.768,0.9097660768869692,0.14873637911760712
Poland,POL,2021,38040252,1173809528832,1127.997,92.762,92.401,7.599,32196.377,85.524,7.507,178.79,1220.759,-0.34242263450657956,0.0822360343156941
Portugal,PRT,2021,10390906,277181300736,177.731,84.396,67.803,32.197,25646.461,1.242,0.468,49.22,262.127,0.19712716780340475,0.47485244554973527
Qatar,QAT,2021,2814939,366245576704,542.62,0.439,99.919,0.081,192924.016,29.708,5.787,51.79,543.059,0.41415046182592197,8.090376322288157e-4
Romania,ROU,2021,19248115,505119539200,287.704,69.975,74.637,18.153,20261.879,20.514,5.552,58.56,357.679,-0.7441309542594478,0.24321872480048937
Russia,RUS,2021,145836117,3809571241984,7193.553,545.825,86.804,6.586,57127.59,255.552,3.164,1157.07,7739.378,-0.36559231421140054,0.07587696928068786
Saudi Arabia,SAU,2021,31328320,1677226672128,2979.729,2.463,99.917,0.083,95196.477,94.093,3.258,392.94,2982.192,1.0879394459483682,8.26585236442643e-4
Singapore,SGP,2021,5546240,445551968256,908.861,3.08,99.662,0.338,164444.094,-1.324,-0.145,55.79,911.941,-1.3142817285943462,0.0033888570419459084
Slovakia,SVK,2021,5442712,147892584448,135.072,19.772,69.773,10.213,35868.73,14.098,7.783,29.7,154.844,-0.2249137073071382,0.14638118929163704
Slovenia,SVN,2021,2113450,65846345728,46.636,14.805,61.774,19.61,36235.5,-0.713,-0.923,15.59,61.441,0.5270242630935563,0.3174586156617205
South Africa,ZAF,2021,61502553,709077893120,1326.379,45.54,94.583,3.247,22855.152,6.053,0.433,244.31,1371.9189999999999,1.5525032470271407,0.0343340779671572
South Korea,KOR,2021,51848358,2084182687744,3032.615,138.026,85.19,3.877,68918.633,183.609,5.417,607.76,3170.6409999999996,-0.01944138697577482,0.045513855204171984
Spain,ESP,2021,47735610,1541122031616,1034.75,336.409,68.505,22.272,32091.334,108.939,7.656,270.75,1371.159,0.11781389113298464,0.32511137956028024
Sri Lanka,LKA,2021,22700326,278898409472,84.89,22.572,78.995,21.005,4795.054,3.869,3.685,17.5,107.462,0.6142032149898294,0.2658970432324184
Sweden,SWE,2021,10416075,481492434944,176.748,307.327,28.762,50.01,60836.695,33.4,5.564,171.78,484.075,0.6031509537672161,1.7387862946115373
Switzerland,CHE,2021,8706973,548098277376,131.863,105.486,46.596,37.276,33316.738,-19.514,-6.303,63.09,237.349,0.7688757343582078,0.7999666320347634
Taiwan,TWN,2021,23558281,1218008711168,1258.261,40.074,92.06,2.932,58168.285,81.178,6.297,291.03,1298.335,-0.44425555457842564,0.03184871819121788
Thailand,THA,2021,71727293,1095187103744,1286.562,97.35,92.966,7.034,19334.592,7.184,0.521,176.36,1383.9119999999998,0.11984125890718803,0.07566677703833939
Trinidad and Tobago,TTO,2021,1487659,36605214720,173.108,0.015,99.991,0.009,116373.656,3.781,2.233,9.27,173.123,0.4510529858964914,8.665110797883401e-5
Turkey,TUR,2021,86686206,2260196130816,1636.802,304.751,84.304,15.696,22505.576,129.094,7.086,327.88,1941.5529999999999,0.6906152239350895,0.18618684483523357
Turkmenistan,TKM,2021,7091984,95789277184,444.77,0.025,99.994,0.006,62718.258,0.536,0.121,28.4,444.79499999999996,2.044858687264465,5.6208827034197454e-5
Ukraine,UKR,2021,44298591,443313258496,660.588,54.635,71.218,5.89,21105.297,16.483,1.795,155.46,715.223,-0.8535726984758069,0.0827066189516007
United Arab Emirates,ARE,2021,9789001,725904654336,1197.759,15.401,96.66,1.243,126734.719,56.107,4.737,149.05,1213.16,3.6040203732326783,0.012858179316540305
United Kingdom,GBR,2021,67668749,2512190177280,1514.853,344.991,76.764,17.482,29422.256,8.125,0.41,309.18,1859.844,0.4705783242100442,0.22773892912381596
United States,USA,2021,340161392,19099377729536,21170.129,2610.055,82.05,10.116,76307.391,1326.434,5.385,4153.62,23780.184,0.2136737922629834,0.12328951798073595
Upper-middle-income countries,NA,2021,2841889991,NA,56593.965,9435.909,83.98,14.002,23899.297,3374.762,5.229,12365.96,66029.874,0.3457406504208472,0.1667299507995243
Uzbekistan,UZB,2021,34243658,372457832448,562.676,12.464,97.833,2.167,16818.223,36.1,6.687,71.44,575.1400000000001,1.9571447605535883,0.022151291329290744
Venezuela,VEN,2021,28237786,138656120832,426.502,167.159,71.843,28.157,21392.824,76.226,14.441,82.93,593.6610000000001,-0.7250871272460337,0.39193016679874887
Vietnam,VNM,2021,98935054,771912040448,939.331,267.416,77.84,22.16,12365.535,-5.343,-0.435,253.61,1206.747,0.8726666167070167,0.2846877192384793
Algeria,DZA,2022,45477339,595820019712,732.472,1.673,99.772,0.228,16145.355,26.62,3.762,91.47,734.145,1.6002483945249633,0.0022840463526250833
Argentina,ARG,2022,45407866,854914301952,856.942,119.466,86.146,12.01,22049.957,53.054,5.595,145.62,976.408,0.2110688625184735,0.1394096683322792
Australia,AUS,2022,26200929,1344251494400,1429.625,218.301,86.753,13.247,63386.676,71.467,4.497,272.92,1647.926,0.9422392771744017,0.15269808516219288
Austria,AUT,2022,9064633,398815395840,243.02,131.63,64.866,35.134,42122.316,-24.511,-6.032,64.51,374.65,1.0887357497028551,0.5416426631552959
Azerbaijan,AZE,2022,10295256,175370551296,205.422,4.596,97.812,2.188,20425.553,12.737,6.447,28.94,210.018,0.5952904400599863,0.022373455618190846
Bangladesh,BGD,2022,169384838,858143916032,508.413,3.546,99.307,0.693,3023.729,19.704,4.001,102.25,511.959,1.0294956307631407,0.0069746446294646275
Belarus,BLR,2022,9173190,175773810688,288.166,3.479,95.055,1.147,33087.09,-9.211,-2.945,37.18,291.645,-0.8444745422677749,0.012072902424297108
Belgium,BEL,2022,11641759,489678405632,509.489,71.928,73.922,10.436,59651.887,-43.832,-5.937,94.33,581.4169999999999,0.6133114114727131,0.14117674768248187
Brazil,BRA,2022,210306358,3187413090304,1872.792,1737.903,51.359,47.66,17744.197,150.519,4.203,677.17,3610.6949999999997,0.3608299409328278,0.9279743826329887
Bulgaria,BGR,2022,6825817,138390159360,159.598,27.346,70.186,12.026,33606.266,7.509,3.384,50.28,186.94400000000002,-0.7467603330612739,0.17134299928570532
Canada,CAN,2022,38821209,1761295597568,2532.191,1148.453,65.036,29.497,102122.555,102.541,2.655,658.95,3680.644,0.9549016876288926,0.45354122181146683
Chile,CHL,2022,19552984,448338100224,367.138,129.526,73.921,26.079,25750.818,26.648,5.588,91.04,496.664,0.4970581470502447,0.3527992199118588
China,CHN,2022,1425179509,26966017179648,36372.648,6712.969,82.455,15.218,31235.709,669.312,1.526,8848.71,43085.617,-0.08817177362163398,0.1845609096153791
Colombia,COL,2022,51737891,742716997632,442.123,175.228,71.616,28.384,12123.163,61.412,10.854,82.86,617.351,1.074020690738398,0.3963331471106457
Croatia,HRV,2022,3906988,102284648448,68.931,23.042,74.947,25.053,23846.328,-5.145,-5.233,14.1,91.973,-0.4476937275484271,0.3342763052907981
Cyprus,CYP,2022,1331324,34255009792,29.097,2.45,92.235,7.765,23791.674,1.832,6.14,5.26,31.547,1.0669802447336116,0.08420112039041826
Czechia,CZE,2022,10673169,342966829056,336.533,33.446,75.422,7.496,42043.551,-17.668,-3.788,83.73,369.97900000000004,1.3536716122765433,0.09938401286055155
Denmark,DNK,2022,5902846,299429003264,112.822,77.729,59.208,40.792,32904.234,2.379,1.24,34.99,190.551,0.7875050967059402,0.6889525092623778
Ecuador,ECU,2022,17823857,175028879360,156.731,62.248,71.574,28.426,12495.517,10.121,4.761,33.06,218.97899999999998,0.799998959417156,0.39716456859204624
Egypt,EGY,2022,112618191,1460427423744,1043.381,62.918,94.313,5.687,9857.584,48.852,4.603,216.71,1106.299,1.4971941820679102,0.06030203731906177
Estonia,EST,2022,1350038,39999856640,54.665,8.343,86.759,13.241,46892.246,1.862,3.031,8.94,63.007999999999996,1.3771129962551598,0.15262050672276595
Finland,FIN,2022,5569254,226154840064,142.401,109.698,45.3,34.897,57499.898,-0.346,-0.108,72.17,252.099,0.5095633131739847,0.7703457138643688
France,FRA,2022,66277365,2671568748544,1240.297,312.538,54.471,13.726,34796.07,-291.369,-11.217,468.49,1552.835,0.29337735804544585,0.2519864193818094
Germany,DEU,2022,84086176,3909612732416,2639.55,695.28,77.177,20.329,41094.148,-143.042,-3.975,566.88,3334.83,0.4649448078988609,0.26340853554583166
Greece,GRC,2022,10412428,263892680704,252.595,58.416,81.217,18.783,30188.369,11.798,3.9,51.67,311.01099999999997,-1.5793073989903692,0.23126348502543595
High-income countries,NA,2022,1410108183,NA,62705.543,9642.194,80.97,12.451,55319.316,642.836,0.831,12833.58,72347.737,0.37292742932613315,0.15376940440496623
Hong Kong,HKG,2022,7465860,356690493440,215.358,2.014,99.073,0.927,29120.459,-26.277,-10.783,36.1,217.372,-0.24967442919391114,0.009351869909638834
Hungary,HUN,2022,9684259,285385228288,202.749,23.77,76.403,8.957,27575.367,-16.911,-5.956,35.78,226.519,-0.2424340689553157,0.11723855604713217
Iceland,ISL,2022,380322,16019539968,11.701,53.578,17.925,82.075,167551.891,3.079,5.077,19.87,65.279,2.0732856142158957,4.578924878215537
India,IND,2022,1425423157,10476248367104,8948.373,942.536,89.444,9.421,7057.187,514.509,5.39,1829.3,9890.909,0.7933309670549332,0.10533043269430097
Indonesia,IDN,2022,278830479,3500093472768,2472.905,281.127,89.792,10.208,9859.906,552.562,25.154,333.54,2754.032,0.7488379469125392,0.11368289521837677
Iran,IRN,2022,89524192,1572209033216,3432.548,38.778,98.425,1.112,38985.211,114.723,3.399,367.08,3471.3259999999996,1.2082342971251638,0.011297147192115012
Iraq,IRQ,2022,44070510,527639314432,672.112,7.438,98.905,1.095,15429.918,61.571,9.956,133.86,679.55,2.3202253052750237,0.011066607946294665
Ireland,IRL,2022,5109966,308390920192,148.706,35.839,80.58,19.42,36487.828,6.57,3.652,33.61,184.545,1.622369161323502,0.24100574287520343
Israel,ISR,2022,9103094,336722558976,290.352,16.533,94.613,5.387,33816.852,15.794,5.408,74.38,306.885,1.7916623615600722,0.056941229955364533
Italy,ITA,2022,59619058,2136009342976,1467.793,278.563,84.049,15.951,29444.693,-29.677,-1.662,280.17,1746.3559999999998,-0.18456938219600766,0.1897835730242616
Japan,JPN,2022,124997534,4774494732288,4286.361,554.107,86.285,11.154,39974.961,-32.937,-0.655,1040.57,4840.468,-0.5424553328150619,0.12927212616949435
Kazakhstan,KAZ,2022,20034569,503634067456,784.636,32.652,96.005,3.995,40893.457,-2.923,-0.355,113.45,817.288,1.4739182108195759,0.04161420072492213
Kuwait,KWT,2022,4589467,218961231872,468.18,0.435,99.907,0.093,102112.367,-0.494,-0.105,85.29,468.615,5.2460348709829585,9.291298218633858e-4
Latvia,LVA,2022,1881016,51248480256,27.88,10.127,73.354,26.646,20474.74,-4.564,-10.594,5.03,38.007,-0.24024871310485132,0.3632352941176471
Lithuania,LTU,2022,2816872,84814258176,55.369,9.301,85.618,14.382,23098.574,-5.084,-7.247,4.04,64.67,0.8026286454939321,0.1679820838375264
Lower-middle-income countries,NA,2022,3044252217,NA,13665.719,1563.391,88.754,10.154,5085.67,594.731,3.995,3230.77,15229.109999999999,1.2382783094482415,0.11440239624420788
Luxembourg,LUX,2022,653267,36128358400,34.428,4.27,88.965,11.035,59427.711,-4.392,-10.164,1.2,38.69799999999999,2.0358213337956648,0.12402695480422911
Malaysia,MYS,2022,34695445,877584187392,1244.331,105.746,92.167,7.833,39068.781,104.175,8.325,183.63,1350.077,1.2049284694957032,0.08498221132480023
Mexico,MEX,2022,128613066,2033437638656,2049.494,211.437,89.592,9.243,17858.705,98.318,4.472,340.15,2260.931,0.7559524560752006,0.1031654642560554
Morocco,MAR,2022,37329012,311654973440,248.113,17.577,93.384,6.616,7146.288,-2.116,-0.787,41.41,265.69,1.013730599938941,0.07084272085702886
Netherlands,NLD,2022,17904367,879609118720,800.693,136.6,84.505,14.417,53288.551,-60.928,-6.003,119.79,937.293,0.9805014731943267,0.1706022158305368
New Zealand,NZL,2022,5131680,200602763264,132.413,101.099,56.705,43.295,45347.652,-3.14,-1.332,43.78,233.512,0.470588788098779,0.7635126460392861
North Macedonia,MKD,2022,1840196,28770254848,26.517,3.981,86.947,13.053,16701.576,1.736,5.988,5.94,30.497999999999998,-0.5868532553527467,0.15013010521552211
Norway,NOR,2022,5456753,482328444928,155.415,356.634,30.352,69.648,97781.133,-35.633,-6.26,145.42,512.049,0.9009380495300506,2.2947205868159446
Oman,OMN,2022,4730179,177355014144,419.447,4.819,98.864,1.136,89755.781,26.218,6.582,44.12,424.266,5.1062599630519925,0.011488936623697392
Pakistan,PAK,2022,243700616,1318834929664,814.536,102.741,83.805,10.571,4017.64,-86.91,-8.153,174.72,917.2769999999999,1.76336125545321,0.1261343881670055
Peru,PER,2022,33475381,341677637632,246.008,87.133,73.845,26.155,10099.042,10.576,3.23,59.9,333.141,0.9637395759329916,0.354187668693701
Philippines,PHL,2022,113964291,1014811000832,500.444,74.99,86.968,13.032,5010.159,25.422,4.66,111.52,575.434,0.7633758477584609,0.14984693592090223
Poland,POL,2022,38385689,1231021277184,1071.105,110.737,90.63,9.37,30919.549,-37.89,-3.094,178.6,1181.842,0.9080828381473394,0.10338575583159447
Portugal,PRT,2022,10417030,295712915456,184.476,74.449,71.247,28.753,25206.77,-3.91,-1.467,46.33,258.925,0.25141214827657954,0.40357011210130317
Qatar,QAT,2022,2892419,381778100224,563.867,1.087,99.808,0.192,195339.516,21.934,4.039,54.17,564.954,2.7524575132889204,0.001927759560321849
Romania,ROU,2022,19166726,504741658624,265.593,63.34,74.567,17.783,18791.197,-29.837,-7.651,54.74,328.933,-0.4228414055090589,0.23848520104069007
Russia,RUS,2022,145579843,3731440795648,7528.345,508.351,87.678,5.92,59257.926,295.494,3.547,1166.94,8036.696,-0.17572738857274978,0.06752493409906161
Saudi Arabia,SAU,2022,32175301,1823886278656,3144.813,4.939,99.843,0.157,97902.852,167.708,5.623,401.26,3149.752,2.7035634212112236,0.0015705226352091524
Singapore,SGP,2022,5649833,461801127936,890.796,4.668,99.479,0.521,158523.266,-16.416,-1.8,56.92,895.464,1.8678059369951534,0.005240257028545256
Slovakia,SVK,2022,5473145,150360424448,122.055,17.259,68.405,9.672,32868.281,-15.33,-7.853,26.54,139.31400000000002,0.5591513936434631,0.14140346565073122
Slovenia,SVN,2022,2115184,69385347072,44.889,11.1,64.346,15.912,33378.539,-5.98,-7.809,13.36,55.989000000000004,0.0820459438359081,0.24727661565194142
South Africa,ZAF,2022,62378377,723559317504,1269.034,48.99,94.504,3.648,21580.703,-59.481,-4.232,238.72,1318.0240000000001,1.4240449498088317,0.038604166633833294
South Korea,KOR,2022,51782473,2137558614016,3016.088,156.18,83.668,4.333,69899.516,46.251,1.294,624.6,3172.268,-0.1270724908973974,0.05178230873900231
Spain,ESP,2022,47828339,1625139970048,1099.59,328.112,69.964,20.877,33289.168,60.266,3.934,287.15,1427.702,0.19425539969008462,0.29839485626460777
Sri Lanka,LKA,2022,22834913,254748606464,73.523,22.521,76.551,23.449,4265.706,-11.442,-10.512,17.38,96.044,0.5928857585569476,0.30631231043346985
Sweden,SWE,2022,10487289,494214545408,159.071,316.034,26.392,52.434,59279.469,-11.999,-1.893,173.05,475.105,0.6836932337756785,1.986748055899567
Switzerland,CHE,2022,8792128,559384952832,143.912,90.574,49.408,31.096,33835.406,7.397,2.55,61.73,234.486,0.9780092346674327,0.6293707265551169
Taiwan,TWN,2022,23420051,1247874383872,1198.666,55.589,91.319,4.235,56226.074,-53.527,-3.906,288.19,1254.2549999999999,-0.5867575821852198,0.04637572100985596
Thailand,THA,2022,71735273,1124143726592,1284.39,100.366,92.752,7.248,19347.252,1.062,0.077,180.37,1384.756,0.011125472140709395,0.07814293166405842
Trinidad and Tobago,TTO,2022,1495868,37513383936,173.04,0.015,99.991,0.009,115689.68,-0.068,-0.039,9.5,173.05499999999998,0.5518065631976145,8.668515950069348e-5
Turkey,TUR,2022,87058421,2385996414976,1604.55,353.075,81.964,18.036,22617.568,18.127,0.929,320.56,1957.625,0.42938204032138627,0.22004611884952166
Turkmenistan,TKM,2022,7230147,97502945280,471.744,0.025,99.995,0.005,65250.508,26.974,6.064,32.6,471.769,1.9481572434455579,5.299484466151133e-5
Ukraine,UKR,2022,41048717,309166669824,414.518,46.016,67.587,7.503,15074.302,-316.154,-33.816,112.72,460.534,-7.3362920278886525,0.11101086080700959
United Arab Emirates,ARE,2022,10242033,779701518336,1282.422,19.064,94.932,1.411,132097.562,112.341,9.055,153.31,1301.486,4.627969697827184,0.014865621456899522
United Kingdom,GBR,2022,68179267,2615230595072,1494.374,379.629,75.077,19.072,29480.279,18.977,0.953,322.29,1874.0030000000002,0.7544368819349683,0.25403881491514174
United States,USA,2022,341533996,19493170446336,21487.639,2865.251,81.552,10.875,77627.734,555.682,2.141,4286.89,24352.89,0.4035155171284106,0.1333441519563876
Upper-middle-income countries,NA,2022,2847727301,NA,57367.465,10302.701,83.162,14.935,24421.92,1627.797,2.397,12713.689,67670.166,0.20540239131304222,0.1795913589697575
Uzbekistan,UZB,2022,34938911,393572450304,577.534,14.125,97.613,2.387,16958.797,16.604,2.883,75.07,591.659,2.030311714945874,0.02445743454065042
Venezuela,VEN,2022,28212961,149682061312,467.382,168.376,73.516,26.484,22898.947,41.961,6.946,82.36,635.758,-0.08791411621293539,0.3602534971393849
Vietnam,VNM,2022,99680606,833803845632,951.403,322.437,74.688,25.312,12976.394,70.11,5.731,265.11,1273.8400000000001,0.7535771901433439,0.33890685650560276
Algeria,DZA,2023,46164169,NA,782.639,1.778,99.773,0.227,16994.396,50.284,6.848,96.3,784.417,1.5102686636964402,0.0022718009197088313
Argentina,ARG,2023,45538356,NA,833.535,140.409,83.705,14.1,22053.076,3.019,0.302,146.43,973.944,0.2873731172480116,0.16845003509150785
Australia,AUS,2023,26451074,NA,1407.307,235.274,85.677,14.323,62658.199,-3.413,-0.206,273.11,1642.5810000000001,0.9547180559895414,0.16718029541528606
Austria,AUT,2023,9130386,NA,230.862,154.05,59.978,40.022,43148.262,12.137,3.179,70.78,384.91200000000003,0.7253796154791926,0.6672817527354005
Azerbaijan,AZE,2023,10318161,NA,212.143,4.981,97.706,2.294,21072.855,7.147,3.399,29.09,217.124,0.22248111168872345,0.02347944546838689
Bangladesh,BGD,2023,171466945,NA,502.4,4.001,99.21,0.79,2954.85,-5.515,-1.077,106.16,506.40099999999995,1.2292168676868231,0.00796377388535032
Belarus,BLR,2023,9115626,NA,271.037,3.11,89.519,1.027,33297.98,0.018,0.006,43.58,274.147,-0.6275243399515327,0.01147444813807709
Belgium,BEL,2023,11712836,NA,486.13,78.337,75.395,12.149,55542.285,-43.895,-6.321,82.2,564.467,0.6105348856646148,0.16114413839919364
Brazil,BRA,2023,211140678,NA,1883.23,1839.673,50.109,48.95,18252.031,122.029,3.27,709.99,3722.9030000000002,0.39671648918954705,0.9768711203623561
Bulgaria,BGR,2023,6795757,NA,127.576,27.838,65.479,14.288,29007.549,-32.262,-14.064,40.11,155.414,-0.44038684306948167,0.21820718630463412
Canada,CAN,2023,39299053,NA,2538.329,1063.464,66.492,27.858,98930.125,-76.661,-1.934,633.19,3601.793,1.2308838707212852,0.4189622385435457
Chile,CHL,2023,19658791,NA,340.721,148.448,69.653,30.347,25306.416,-6.012,-1.194,87.67,489.169,0.5411296812803611,0.43568785017653744
China,CHN,2023,1422584878,NA,38320.816,7226.692,82.22,15.505,33089.07,2555.52,5.741,9456.45,45547.508,-0.1820564345484145,0.1885839800488591
Colombia,COL,2023,52321104,NA,439.586,165.887,72.602,27.398,11760.22,-11.919,-1.9,90.42,605.473,1.127245407046066,0.37737098087746196
Croatia,HRV,2023,3895973,NA,72.735,30.562,70.414,29.586,26982.857,11.957,12.834,17.23,103.297,-0.2819307353900242,0.4201828555715955
Cyprus,CYP,2023,1344937,NA,28.986,2.96,90.734,9.266,23878.48,0.441,1.391,5.31,31.946,1.0225159315087837,0.10211826398951218
Czechia,CZE,2023,10809674,NA,299.903,34.241,73.449,8.386,38043.902,-37.496,-8.356,75.81,334.144,1.2789547321887247,0.11417358279176933
Denmark,DNK,2023,5948078,NA,112.898,78.254,59.062,40.938,32816.969,0.969,0.499,33.71,191.152,0.766274437788145,0.6931389395737746
Ecuador,ECU,2023,17980034,NA,164.327,63.823,72.026,27.974,12916.239,9.516,4.273,34.15,228.15,0.8762244894581458,0.38839022193553097
Egypt,EGY,2023,114535724,NA,1028.197,63.349,94.196,5.804,9566.158,-14.476,-1.304,220.14,1091.5459999999998,1.7026849596616236,0.0616117339381461
Estonia,EST,2023,1367143,NA,47.953,8.005,85.695,14.305,41164.262,-7.029,-11.103,5.85,55.958000000000006,1.2670013732946777,0.1669342898254541
Finland,FIN,2023,5601133,NA,125.729,117.22,38.493,35.888,59656.23,13.911,4.344,81.41,242.949,0.5724105957458575,0.9323226940483103
France,FRA,2023,66438774,NA,1166.846,375.619,49.289,15.867,36221.523,100.322,4.35,517.59,1542.4650000000001,0.2435356324138716,0.32190966074357713
Germany,DEU,2023,84548184,NA,2380.906,741.021,75.836,23.603,37598.512,-276.564,-8.004,496.7,3121.9269999999997,0.5494458447010363,0.31123488285551804
Greece,GRC,2023,10242850,NA,239.392,62.696,79.246,20.754,29864.455,-8.437,-2.684,48.83,302.08799999999997,-1.6286115015633242,0.2618968052399412
High-income countries,NA,2023,1416790254,NA,61439.566,10091.479,80.114,13.159,54580.938,-676.477,-0.867,12668.91,71531.045,0.47386938680009066,0.1642504929152657
Hong Kong,HKG,2023,7442686,NA,248.557,2.632,98.952,1.048,33758.051,33.841,15.566,37.64,251.189,-0.3103996056716842,0.01058912040296592
Hungary,HUN,2023,9686418,NA,186.749,27.555,73.776,10.886,26357.895,-11.733,-4.394,35.52,214.304,0.022293910148417136,0.14755099090222706
Iceland,ISL,2023,387522,NA,11.912,53.696,18.157,81.843,165328.438,0.345,0.541,20.12,65.608,1.8931326612712387,4.507723304231027
India,IND,2023,1438069540,NA,9696.803,954.198,90.047,8.861,7529.441,768.382,7.638,1958.24,10651.001,0.8872020170218128,0.09840336036526678
Indonesia,IDN,2023,281190021,NA,2491.822,298.421,89.305,10.695,9904.814,35.893,1.306,350.6,2790.243,0.8462281485375206,0.11976015943353899
Iran,IRN,2023,90608663,NA,3515.317,60.326,97.87,1.68,39688.301,105.984,3.037,382.87,3575.643,1.2113720054574746,0.01716089900284953
Iraq,IRQ,2023,45074010,NA,713.259,4.292,99.402,0.598,15925.569,37.825,5.562,150.29,717.551,2.277032873002831,0.006017449481885261
Ireland,IRL,2023,5196586,NA,139.369,38.897,78.18,21.82,34725.754,-5.996,-3.216,31.36,178.266,1.6951189107716178,0.27909362914277924
Israel,ISR,2023,9256261,NA,260.854,22.16,92.17,7.83,30724.023,-23.448,-7.617,74.41,283.014,1.6825817683526063,0.08495173545354874
Italy,ITA,2023,59499408,NA,1353.621,314.506,81.146,18.854,28246.574,-74.81,-4.262,261.68,1668.127,-0.20069085962411548,0.2323442086078747
Japan,JPN,2023,124370893,NA,4058.882,577.331,84.119,11.965,39064.852,-138.241,-2.767,1013.26,4636.213,-0.5013226900940302,0.14223892194944324
Kazakhstan,KAZ,2023,20330063,NA,808.68,35.266,95.821,4.179,41624.977,26.956,3.29,112.97,843.9459999999999,1.4749206733621272,0.043609338675372214
Kuwait,KWT,2023,4838724,NA,498.384,0.418,99.916,0.084,103091.047,30.188,6.442,85.57,498.802,5.431066396163215,8.387107130244951e-4
Latvia,LVA,2023,1882336,NA,27.314,12.722,68.224,31.776,21655.676,2.25,5.842,6.37,40.036,0.07017484168130414,0.46576847038148933
Lithuania,LTU,2023,2854061,NA,55.22,12.717,81.281,18.719,24025.787,3.505,5.387,5.21,67.937,1.3202232831310758,0.23029699384281058
Lower-middle-income countries,NA,2023,3083152409,NA,14466.673,1561.777,89.297,9.64,5283.803,808.708,5.224,3350.4,16028.45,1.277824215180657,0.10795688822163879
Luxembourg,LUX,2023,665058,NA,32.815,4.719,87.428,12.572,56683.125,-1.125,-2.897,1.39,37.534,1.8049281534196584,0.14380618619533753
Malaysia,MYS,2023,35126249,NA,1212.272,107.088,91.883,8.117,37724.656,-30.383,-2.241,187.8,1319.36,1.2416730784113015,0.08833661092560086
Mexico,MEX,2023,129739713,NA,2074.38,181.211,90.751,7.928,17682.668,-2.719,-0.118,354.86,2255.5910000000003,0.875997311190762,0.08735670417184895
Morocco,MAR,2023,37712463,NA,248.237,21.51,92.026,7.974,7189.816,4.382,1.643,42.46,269.747,1.027219793548246,0.08665106329838018
Netherlands,NLD,2023,18092473,NA,766.764,154.89,82.326,16.63,51949.797,-14.198,-1.488,119.51,921.654,1.0506151934888286,0.202004788957228
New Zealand,NZL,2023,5172791,NA,138.6,101.46,57.735,42.265,46345.121,7.024,3.018,43.86,240.06,0.8011216599632088,0.732034632034632
North Macedonia,MKD,2023,1831749,NA,26.76,5.416,83.167,16.833,17753.396,1.786,5.81,6.91,32.176,-0.4590271905818728,0.2023916292974589
Norway,NOR,2023,5519123,NA,154.257,373.262,29.242,70.758,99924.609,17.929,3.36,153.53,527.519,1.1429874139437868,2.419741081442009
Oman,OMN,2023,5049214,NA,430.071,4.966,98.858,1.142,86223.414,10.8,2.544,45.01,435.03700000000003,6.744670761930998,0.011546930623083165
Pakistan,PAK,2023,247504458,NA,731.522,109.902,81.644,12.266,3653.435,-74.86,-7.646,179.64,841.4240000000001,1.5608667973165895,0.150237450138205
Peru,PER,2023,33845565,NA,251.679,86.427,74.438,25.562,10143.133,5.231,1.547,62.19,338.106,1.105839542199684,0.34340171408818376
Philippines,PHL,2023,114891152,NA,533.969,79.238,87.078,12.922,5298.68,37.792,6.619,116.76,613.2070000000001,0.8132907175283527,0.14839438244542286
Poland,POL,2023,38762796,NA,993.986,132.366,88.248,11.752,29225.965,-53.988,-4.549,164.45,1126.352,0.9824156080668502,0.1331668655292932
Portugal,PRT,2023,10430680,NA,170.534,90.499,65.33,34.67,25498.834,3.391,1.291,46.19,261.033,0.1310354294842196,0.530680098983194
Qatar,QAT,2023,2979038,NA,614.401,5.054,99.184,0.816,208042.156,54.762,9.692,55.14,619.4549999999999,2.99469060326322,0.008225898069827361
Romania,ROU,2023,19118433,NA,252.935,74.08,71.388,20.908,18796.99,-0.797,-0.221,56.95,327.015,-0.2519626982719949,0.2928815703639275
Russia,RUS,2023,145440454,NA,7670.828,515.432,88.004,5.913,60237.051,134.145,1.555,1178.25,8186.26,-0.09574745866431522,0.06719378924934831
Saudi Arabia,SAU,2023,33264239,NA,3188.496,11.498,99.641,0.359,96221.68,50.687,1.609,422.87,3199.994,3.384391027142217,0.0036060888895579606
Singapore,SGP,2023,5789037,NA,986.239,4.887,99.507,0.493,171242.703,95.7,10.685,57.32,991.126,2.4638604362288232,0.0049551883468408765
Slovakia,SVK,2023,5518008,NA,118.448,19.25,64.934,10.553,33405.488,4.439,2.468,29.53,137.69799999999998,0.819693247666561,0.162518573551263
Slovenia,SVN,2023,2118353,NA,42.131,16.691,58.121,23.026,34820.32,3.16,4.476,15.55,58.822,0.14982148125174927,0.39616909164273334
South Africa,ZAF,2023,63212339,NA,1293.333,51.261,94.795,3.757,21641.166,21.82,1.621,233.58,1344.594,1.3369408441005126,0.03963480402958867
South Korea,KOR,2023,51748695,NA,2935.336,164.985,82.906,4.66,68753.391,-61.671,-1.704,617.92,3100.321,-0.06523056556221252,0.056206512644549046
Spain,ESP,2023,47911535,NA,1022.27,383.33,66.196,24.822,32761.027,-22.534,-1.415,279.84,1405.6,0.17394708187545463,0.3749792129280914
Sri Lanka,LKA,2023,22971566,NA,78.041,20.706,79.031,20.969,4356.602,2.671,2.742,16.84,98.747,0.5984388904831826,0.26532207429428123
Sweden,SWE,2023,10551441,NA,157.322,304.045,27.144,52.459,56803.238,-22.325,-3.591,166.44,461.367,0.611711949580106,1.9326286215532475
Switzerland,CHE,2023,8870520,NA,142.136,110.206,45.961,35.636,35766.633,19.783,6.65,70.25,252.34199999999998,0.8916157726548113,0.7753559970732257
Taiwan,TWN,2023,23317100,NA,1145.573,62.644,91.526,5.005,53882.219,-60.44,-4.59,282.14,1208.217,-0.4395848668305633,0.054683551375599805
Thailand,THA,2023,71702397,NA,1279.415,105.355,92.392,7.608,19360.354,0.303,0.022,190.49,1384.77,-0.04582961578748017,0.08234622854976689
Trinidad and Tobago,TTO,2023,1502887,NA,163.906,0.015,99.991,0.009,109071.883,-9.134,-5.278,9.5,163.921,0.46922589426339756,9.151586885165887e-5
Turkey,TUR,2023,87270451,NA,1591.713,357.138,81.674,18.326,22476.057,-7.554,-0.384,319.79,1948.8509999999999,0.2435490990584357,0.22437336379108544
Turkmenistan,TKM,2023,7364394,NA,438.434,0.025,99.994,0.006,59537.859,-33.31,-7.061,33.79,438.459,1.8567672275542946,5.702112518645908e-5
Ukraine,UKR,2023,37732781,NA,404.017,51.098,69.396,8.777,15586.709,-30.651,-4.953,103.38,455.115,-8.078050283520433,0.12647487605719562
United Arab Emirates,ARE,2023,10642052,NA,1309.182,35.935,91.608,2.514,134680.375,80.328,5.937,165.03,1345.117,3.905660136029634,0.027448437268462293
United Kingdom,GBR,2023,68682907,NA,1428.648,381.354,74.837,19.976,28094.709,-80.318,-3.996,285.92,1810.002,0.7386996401706695,0.26693349236480923
United States,USA,2023,343477286,NA,21127.553,2919.287,81.147,11.212,76326.867,-295.965,-1.116,4253.91,24046.84,0.5689887457060058,0.13817440192908284
Upper-middle-income countries,NA,2023,2852868156,NA,59519.137,10966.889,82.866,15.269,25401.523,2920.227,4.199,13445.15,70486.026,0.18052483460037594,0.184258199173822
Uzbekistan,UZB,2023,35652264,NA,580.601,18.602,96.896,3.104,16840.805,7.891,1.332,76.25,599.203,2.0417150379987516,0.03203921453803903
Venezuela,VEN,2023,28300815,NA,510.744,177.21,74.241,25.759,24715.891,53.433,8.271,82.94,687.9540000000001,0.3113958864509117,0.3469644283633288
Vietnam,VNM,2023,100352143,NA,1066.903,290.271,78.612,21.388,13711.078,82.441,6.374,276.44,1357.174,0.6736887213546836,0.2720687822604304
Algeria,DZA,2024,46814246,NA,758.183,1.837,99.758,0.242,16237.208,-24.4,-3.11,101.111,760.02,1.4081852096157086,0.0024228979019577067
Argentina,ARG,2024,45696111,NA,805.21,144.333,82.583,14.803,21513.967,-21.156,-2.107,147.18,949.543,0.34642225555968686,0.17924889159349733
Australia,AUS,2024,26713152,NA,1413.397,244.22,85.267,14.733,62595.164,14.737,0.889,279.9,1657.617,0.9908028687228352,0.17278938613850178
Austria,AUT,2024,9120765,NA,228.06,174.499,56.653,43.347,45208.555,18.376,4.665,78.54,402.55899999999997,-0.10537342013798759,0.7651451372445848
Azerbaijan,AZE,2024,10336519,NA,198.685,8.934,95.697,4.303,20137.5,-9.281,-4.269,29.27,207.619,0.17791930170502282,0.04496564914311598
Bangladesh,BGD,2024,173562319,NA,522.928,5.791,98.905,1.095,3048.314,22.413,4.424,113.86,528.719,1.2220279541342502,0.0110741822966068
Belarus,BLR,2024,9056657,NA,271.51,3.031,86.791,0.969,34632.715,10.125,3.336,45.31,274.541,-0.6469001690064949,0.011163493057345954
Belgium,BEL,2024,11738706,NA,489.87,73.214,76.64,11.454,54871.137,-6.442,-0.99,74.93,563.0840000000001,0.22086879727505787,0.14945597811664318
Brazil,BRA,2024,211998503,NA,1889.178,1898.276,49.378,49.616,18486.234,65.308,1.695,745.26,3787.454,0.4062812567079092,1.0048158511267864
Bulgaria,BGR,2024,6757647,NA,119.965,31.13,63.296,16.425,28381.805,-5.334,-2.706,37.13,151.095,-0.5607910936191509,0.2594923519359813
Canada,CAN,2024,39742378,NA,2575.696,1037.954,67.389,27.157,97784.664,-1.665,-0.043,627.18,3613.6499999999996,1.1280806181258363,0.40298001006329937
Chile,CHL,2024,19764730,NA,345.39,164.444,67.746,32.254,26245.322,21.238,4.269,89.26,509.83399999999995,0.5388886834393835,0.4761110628564811
China,CHN,2024,1419321230,NA,38907.273,8470.082,80.259,17.472,34514.457,1915.09,4.068,10072.6,47377.355,-0.22941675048509827,0.21769919469812238
Colombia,COL,2024,52886314,NA,448.701,158.414,73.907,26.093,11645.505,0.58,0.094,87.51,607.115,1.0802715477869123,0.3530502494979953
Croatia,HRV,2024,3875277,NA,73.337,28.207,72.222,27.778,26615.818,-1.981,-1.884,15.36,101.54400000000001,-0.5312151803926772,0.38462167800700875
Cyprus,CYP,2024,1358242,NA,29.574,3.579,89.205,10.795,24552.008,1.233,3.838,5.72,33.153,0.9892656682060201,0.12101846216271049
Czechia,CZE,2024,10735808,NA,279.641,38.018,71.686,9.746,36589.941,-18.42,-4.479,73.02,317.659,-0.6833323558138756,0.13595288244570716
Denmark,DNK,2024,5977370,NA,112.017,80.195,58.278,41.722,32832.723,1.055,0.541,35.45,192.212,0.4924615985197235,0.7159181195711365
Ecuador,ECU,2024,18135419,NA,169.643,57.631,74.642,25.358,12722.124,-1.513,-0.652,33,227.274,0.8642085993830713,0.3397192928679639
Egypt,EGY,2024,116538208,NA,1057.071,64.823,94.222,5.778,9660.868,30.193,2.756,235.41,1121.894,1.7483488383065533,0.06132322237579122
Estonia,EST,2024,1360501,NA,45.41,9.932,82.054,17.946,40987.723,-0.514,-0.913,6.07,55.342,-0.48583067023712956,0.21871834397709758
Finland,FIN,2024,5617271,NA,120.26,127.199,36.773,38.894,59565.18,0.451,0.135,83.6,247.459,0.28812027852222044,1.0576999833693663
France,FRA,2024,66548479,NA,1144.724,408.538,46.136,16.465,37865.637,113.387,4.712,557.73,1553.262,0.16512195122685439,0.3568877738214627
Germany,DEU,2024,84552190,NA,2400.492,756.721,76.032,23.968,37792.531,16.555,0.521,476.87,3157.213,0.004738126604824535,0.3152357933290342
Greece,GRC,2024,10047766,NA,250.538,66.819,78.945,21.055,31965.988,15.29,4.998,57.23,317.357,-1.9045871022225258,0.2667020571729638
High-income countries,NA,2024,1420171960,NA,61913.219,10696.276,79.491,13.733,55284.801,1184.18,1.531,NA,72609.495,0.23868783614599876,0.17276239505492358
Hong Kong,HKG,2024,7414876,NA,270.012,2.86,98.952,1.048,36808.738,21.682,8.629,39.025,272.872,-0.3736554249366425,0.010592121831622298
Hungary,HUN,2024,9676089,NA,186.585,32.844,72.181,12.706,26952.176,5.478,2.146,38.18,219.429,-0.10663384545246757,0.17602701181767022
Iceland,ISL,2024,393355,NA,12.601,52.014,19.502,80.498,159696.281,-1.251,-1.953,19.561,64.61500000000001,1.505204865788265,4.127767637489088
India,IND,2024,1450935728,NA,10111.388,1031.37,89.67,9.146,7812.928,508.197,4.693,2057.54,11142.758000000002,0.8946846895874034,0.10200083312004245
Indonesia,IDN,2024,283487881,NA,2663.047,327.601,89.046,10.954,10528.603,199.596,7.166,375.111,2990.648,0.8171911619865059,0.12301735568317045
Iran,IRN,2024,91567679,NA,3517.025,51.378,98.068,1.433,39203.637,-6.318,-0.176,387.78,3568.4030000000002,1.0584153526247264,0.014608369289385205
Iraq,IRQ,2024,46041964,NA,732.214,4.303,99.416,0.584,16002.375,18.951,2.64,169.457,736.517,2.147477005041264,0.0058766972497111495
Ireland,IRL,2024,5254969,NA,139.859,39.863,77.82,22.18,34594.289,1.337,0.741,30.89,179.722,1.1234876128288842,0.2850227729355994
Israel,ISR,2024,9386964,NA,249.138,27.052,90.205,9.795,29591.479,-6.615,-2.326,80.569,276.19,1.41204963861758,0.10858239208791914
Italy,ITA,2024,59342811,NA,1329.927,352.047,79.069,20.931,28584.547,15.633,0.93,264.63,1681.974,-0.2631908539325299,0.26471152176021695
Japan,JPN,2024,123752991,NA,3950.881,604.721,82.955,12.697,38745.055,-63.714,-1.311,1022.3,4555.602,-0.49682203375350853,0.15305978590597896
Kazakhstan,KAZ,2024,20592521,NA,815.419,44.001,94.88,5.12,41865.301,15.874,1.876,118.05,859.42,1.2909846860779526,0.0539612150317812
Kuwait,KWT,2024,4934462,NA,524.603,0.397,99.924,0.076,106399.586,26.196,5.251,87.66,525,1.9785794767380822,7.56762732961878e-4
Latvia,LVA,2024,1871821,NA,26.848,11.326,70.331,29.669,20722.951,-1.974,-4.842,6.46,38.174,-0.5586144025296227,0.42185637663885583
Lithuania,LTU,2024,2859062,NA,55.541,16.98,76.586,23.414,25660.838,4.795,6.993,7.32,72.521,0.17522400537339602,0.3057200986658505
Lower-middle-income countries,NA,2024,3122336562,NA,15119.424,1691.253,88.939,9.949,5473.927,800.671,4.915,NA,16810.677,1.2709119693732274,0.11185961846165567
Luxembourg,LUX,2024,673004,NA,33.903,5.647,85.722,14.278,59051.215,2.044,5.422,1.56,39.55,1.1947830114065239,0.16656343096481138
Malaysia,MYS,2024,35557630,NA,1262.247,113.976,91.718,8.282,38865.914,56.854,4.29,198.22,1376.223,1.2280872916433518,0.09029611478577489
Mexico,MEX,2024,130860954,NA,2081.638,189.901,90.445,8.251,17653.783,16.047,0.699,361.28,2271.5389999999998,0.8642234317259513,0.0912267166529435
Morocco,MAR,2024,38081115,NA,251.048,23.843,91.327,8.673,7256.858,5.204,1.919,43.85,274.891,0.9775336073912754,0.09497386953889296
Netherlands,NLD,2024,18228685,NA,742.61,166.262,80.93,18.119,50824.559,-13.435,-1.429,122.3,908.8720000000001,0.7528655701185791,0.2238887168230969
New Zealand,NZL,2024,5213898,NA,134.787,99.847,57.446,42.554,44712.125,-6.609,-2.757,44.46,234.63400000000001,0.7946773801609228,0.7407761876145325
North Macedonia,MKD,2024,1822963,NA,24.592,4.697,83.963,16.037,16220.345,-2.951,-9.073,5.8,29.288999999999998,-0.47965086919659844,0.19099707221860768
Norway,NOR,2024,5576608,NA,150.112,382.426,28.188,71.812,99635.172,4.13,0.749,156.12,532.538,1.0415604073328317,2.547604455340013
Oman,OMN,2024,5281494,NA,441.59,4.98,98.885,1.115,84611.406,11.514,2.645,43.35,446.57,4.600319970593443,0.011277429289612537
Pakistan,PAK,2024,251269113,NA,714.967,110.151,81.18,12.507,3535.543,-15.869,-1.755,182.76,825.1179999999999,1.5210453300198739,0.15406445332441918
Peru,PER,2024,34217811,NA,270.48,98.304,73.344,26.656,10941.468,31.093,9.057,63.85,368.784,1.0998368619344956,0.36344276841171247
Philippines,PHL,2024,115843618,NA,572.515,84.178,87.182,12.818,5633.134,43.791,7.193,125.86,656.693,0.8290159715693338,0.14703195549461587
Poland,POL,2024,38539152,NA,972.705,145.929,86.955,13.045,29205.867,-7.311,-0.645,170.2,1118.634,-0.5769552846497451,0.1500239024164572
Portugal,PRT,2024,10425239,NA,159.505,105.193,60.259,39.741,25921.92,4.272,1.606,46.31,264.698,-0.05216342558682656,0.6594965675057208
Qatar,QAT,2024,3048376,NA,648.343,5.299,99.189,0.811,214524.031,34.184,5.516,58.64,653.6419999999999,2.3275298938784936,0.008173142919719965
Romania,ROU,2024,19015049,NA,257.511,67.132,73.311,19.112,18694.205,-3.898,-1.085,52.86,324.64300000000003,-0.5407556152745363,0.26069565960289076
Russia,RUS,2024,144820370,NA,7940.717,540.379,88.159,5.999,62485.336,288.245,3.29,1211.32,8481.096,-0.42634905416343105,0.06805166334475841
Saudi Arabia,SAU,2024,33962695,NA,3265.001,23.957,99.272,0.728,96883.469,89.683,2.802,454.644,3288.958,2.0997203633607855,0.0073375168950943655
Singapore,SGP,2024,5832343,NA,1047.929,5.745,99.455,0.545,180702.812,62.59,6.314,59.61,1053.674,0.7480691520886807,0.005482241640416478
Slovakia,SVK,2024,5506710,NA,114.557,20.255,63.883,11.295,32882.973,-3.255,-1.766,29.33,134.812,-0.2047478002931493,0.17681154359838333
Slovenia,SVN,2024,2118642,NA,44.328,19.247,56.971,24.736,37361.555,5.394,7.313,17,63.575,0.013642674285163994,0.4341950911387836
South Africa,ZAF,2024,64007137,NA,1291.935,48.347,95.044,3.557,21286.564,-5.497,-0.402,244.81,1340.282,1.257346291204317,0.03742216133164594
South Korea,KOR,2024,51717546,NA,2969.066,170.953,82.465,4.748,69922.461,58.32,1.639,622.03,3140.019,-0.060192822253778575,0.057578039693290756
Spain,ESP,2024,47910476,NA,1051.883,413.415,65.804,25.863,33901.695,54.615,3.479,280.39,1465.298,-0.002210323672576969,0.39302374883898683
Sri Lanka,LKA,2024,23103508,NA,84.266,25.527,76.75,23.25,4819.207,11.263,11.254,18.919,109.793,0.5743709418852855,0.3029335675124012
Sweden,SWE,2024,10606934,NA,164.165,303.155,27.79,51.318,57509.895,10.648,1.777,172.79,467.31999999999994,0.5259281646933343,1.846648189321719
Switzerland,CHE,2024,8921933,NA,142.694,131.772,43.172,39.868,38026.027,21.997,6.933,78.69,274.466,0.5795939809616573,0.9234585897094482
Taiwan,TWN,2024,23213918,NA,1140.805,78.277,91.353,6.268,54012.738,-2.53,-0.201,288.35,1219.082,-0.44251643643506267,0.06861558285596574
Thailand,THA,2024,71667962,NA,1312.641,104.94,92.597,7.403,19825.027,32.636,2.351,199.55,1417.5810000000001,-0.048024893784234295,0.07994569726223696
Trinidad and Tobago,TTO,2024,1507735,NA,159.789,0.017,99.989,0.011,105991.461,-4.116,-2.511,9.752,159.80599999999998,0.3225791426767282,1.0639030221104082e-4
Turkey,TUR,2024,87473763,NA,1667.243,411.239,80.214,19.786,23927.836,131.562,6.707,341.22,2078.482,0.23296774299928852,0.24665810562707416
Turkmenistan,TKM,2024,7494433,NA,371.138,0.025,99.993,0.007,49525.352,-67.296,-15.348,37.257,371.16299999999995,1.7657800492477722,6.73603888580528e-5
Ukraine,UKR,2024,37860172,NA,417.078,49.443,70.004,8.299,15875.617,12.924,2.197,88.02,466.52099999999996,0.33761359916725986,0.11854617121977185
United Arab Emirates,ARE,2024,11027083,NA,1380.582,38.241,90.953,2.519,138027.125,88.761,6.193,177.254,1418.823,3.6180146460475857,0.027699187733868758
United Kingdom,GBR,2024,69138140,NA,1409.699,408.147,73.543,21.293,28015.789,7.333,0.38,281.33,1817.846,0.6628039200495692,0.28952776443765654
United States,USA,2024,345426519,NA,21166.57,3175.228,80.33,12.05,76799.578,312.066,1.19,4387.26,24341.798,0.567499825883683,0.15001145674523553
Upper-middle-income countries,NA,2024,2860327104,NA,60385.055,12368.391,81.435,16.68,26162.912,2367.289,3.267,NA,72753.446,0.26145435372864106,0.2048253661439904
Uzbekistan,UZB,2024,36361813,NA,661.851,31.78,95.418,4.582,19129.293,95.163,15.85,81.288,693.631,1.9901933857552498,0.04801684971390842
Venezuela,VEN,2024,28405508,NA,509.976,177.697,74.16,25.84,24591.906,-0.934,-0.134,83.322,687.673,0.36992927588834457,0.3484418874613707
Vietnam,VNM,2024,100987631,NA,1143.39,313.791,78.466,21.534,14618.147,100.316,7.291,306.33,1457.181,0.6332580261888379,0.2744391677380421
